{
"__license":"This file has been derived from Unicode Common Locale Data Repository (CLDR) files (http://cldr.unicode.org). See the copyright and permission notice in the Unicode-Data-Files-LICENSE.txt available at the same location as this file or visit http://www.unicode.org/copyright.html",
"languages":{
"aa":"الأفارية",
"ab":"الأبخازية",
"ace":"الأتشينيزية",
"ach":"الأكولية",
"ada":"الأدانجمية",
"ady":"الأديغة",
"ae":"الأفستانية",
"af":"الأفريقانية",
"afa":"لغة أفرو آسيوية",
"afh":"الأفريهيلية",
"agq":"الأغيمية",
"ain":"الآينوية",
"ak":"الأكانية",
"akk":"الأكادية",
"ale":"الأليوتية",
"alg":"اللغات الأمريكية الهندية",
"alt":"الألطية الجنوبية",
"am":"الأمهرية",
"an":"الأرغونية",
"ang":"الإنجليزية القديمة",
"anp":"الأنجيكا",
"apa":"اللغات الأباتشية",
"ar":"العربية",
"ar_001":"العربية الرسمية الحديثة",
"arc":"الآرامية",
"arn":"المابوتشية",
"arp":"الأراباهو",
"art":"الصناعية - أخرى",
"arw":"الأراواكية",
"as":"الأساميزية",
"asa":"الآسو",
"ast":"الأسترية",
"ath":"اللغة الأزباسكانية",
"aus":"اللغة الأسترالية",
"av":"الآفارية",
"awa":"الأوادية",
"ay":"الأيمارا",
"az":"الأذربيجانية",
"ba":"الباشكيرية",
"bad":"الباندا",
"bai":"اللغة الباميليكية",
"bal":"البلوشية",
"ban":"اللغة البالينية",
"bas":"الباسا",
"bat":"اللغة البلطيقية",
"bax":"بامن",
"be":"البيلاروسية",
"bej":"البيجا",
"bem":"البيمبا",
"ber":"البربرية",
"bez":"بينا",
"bg":"البلغارية",
"bh":"البيهارية",
"bho":"البهوجبورية",
"bi":"البيسلامية",
"bik":"البيكولية",
"bin":"البينية",
"bla":"السيكسيكية",
"bm":"البامبارا",
"bn":"البنغالية",
"bnt":"البانتو",
"bo":"التبتية",
"br":"البريتونية",
"bra":"البراجية",
"brx":"البودو",
"bs":"البوسنية",
"bss":"الأكوسية",
"btk":"الباتاكية",
"bua":"البرياتية",
"bug":"البجينيزية",
"byn":"البلينية",
"ca":"الكتالانية",
"cad":"الكادوية",
"cai":"اللغة الهندية الأمريكية الوسطى",
"car":"الكاريبية",
"cau":"القوقازية - أخرى",
"cch":"الأتسامية",
"ce":"الشيشانية",
"ceb":"السيبيونية",
"cel":"السلتية - أخرى",
"cgg":"تشيغا",
"ch":"التشامورو",
"chb":"التشيبشا",
"chg":"التشاجاتاي",
"chk":"التشكيزية",
"chm":"الماري",
"chn":"الشينوك جارجون",
"cho":"الشوكتو",
"chp":"الشيباوايان",
"chr":"الشيروكية",
"chy":"الشايان",
"ckb":"السورانية الكردية",
"cmc":"اللغة التشاميكية",
"co":"الكورسيكية",
"cop":"القبطية",
"cpe":"الكرييولى و اللغات المبسطة الأخرى للتفاهم بين الشعوب على أساس الأنجليزية",
"cpf":"الكرييولى و اللغات المبسطة الأخرى للتفاهم بين الشعوب على أساس الفرنسية",
"cpp":"الكرييولي واللغات المبسطة الأخرى للتفاهم بين الشعوب على أساس البرتغالية",
"cr":"الكرى",
"crh":"التركية الكريمانية",
"crp":"الكرييولى و اللغات المبسطة الأخرى للتفاهم بين الشعوب - أخرى",
"cs":"التشيكية",
"csb":"الكاشبايان",
"cu":"سلافية كنسية",
"cus":"اللغة الكشيتيكية",
"cv":"التشوفاشي",
"cy":"الولشية",
"da":"الدنماركية",
"dak":"الداكوتا",
"dar":"الدارجوا",
"dav":"تيتا",
"day":"الدياك",
"de":"الألمانية",
"de_AT":"الألمانية النمساوية",
"de_CH":"الألمانية العليا السويسرية",
"del":"الديلوير",
"den":"السلافية",
"dgr":"الدوجريب",
"din":"الدنكا",
"dje":"زرمة",
"doi":"الدوجرية",
"dra":"اللغة الدرافيدينية",
"dsb":"الصربية السفلى",
"dua":"الديولا",
"dum":"الهولندية الوسطى",
"dv":"المالديفية",
"dyo":"جولا فونيا",
"dyu":"الدايلا",
"dz":"الزونخاية",
"dzg":"القرعانية",
"ebu":"إمبو",
"ee":"الإيوي",
"efi":"الإفيك",
"egy":"المصرية القديمة",
"eka":"الإكاجك",
"el":"اليونانية",
"elx":"الإمايت",
"en":"الإنجليزية",
"en_AU":"الإنجليزية الأسترالية",
"en_CA":"الإنجليزية الكندية",
"en_GB":"الإنجليزية البريطانية",
"en_US":"الإنجليزية الولايات المتحدة",
"enm":"الإنجليزية الوسطى",
"eo":"الإسبرانتو",
"es":"الإسبانية",
"es_419":"الإسبانية أمريكا اللاتينية",
"es_ES":"الإسبانية الأوروبية",
"et":"الإستونية",
"eu":"لغة الباسك",
"ewo":"الإيوندو",
"fa":"الفارسية",
"fan":"الفانج",
"fat":"الفانتي",
"ff":"الفلة",
"fi":"الفنلندية",
"fil":"الفلبينية",
"fiu":"لغة فينو أجريانية",
"fj":"الفيجية",
"fo":"الفارويز",
"fon":"الفون",
"fr":"الفرنسية",
"fr_CA":"الفرنسية الكندية",
"fr_CH":"الفرنسية السويسرية",
"frm":"الفرنسية الوسطى",
"fro":"الفرنسية القديمة",
"frr":"الفريزينية الشمالية",
"frs":"الفريزينية الشرقية",
"fur":"الفريلايان",
"fy":"الفريزيان",
"ga":"الأيرلندية",
"gaa":"الجا",
"gay":"الجايو",
"gba":"الجبايا",
"gd":"الغيلية الأسكتلندية",
"gem":"اللغة الجرمانية",
"gez":"الجعزية",
"gil":"لغة أهل جبل طارق",
"gl":"الجاليكية",
"gmh":"الألمانية العليا الوسطى",
"gn":"الجواراني",
"goh":"الألمانية العليا القديمة",
"gon":"الجندي",
"gor":"الجورونتالو",
"got":"القوطية",
"grb":"الجريبو",
"grc":"اليونانية القديمة",
"gsw":"الألمانية السويسرية",
"gu":"الغوجاراتية",
"guz":"قيسي",
"gv":"المنكية",
"gwi":"غوتشن",
"ha":"الهوسا",
"hai":"الهيدا",
"haw":"لغة أهل الهاواي",
"he":"العبرية",
"hi":"الهندية",
"hil":"الهيليجينون",
"him":"الهيماتشالي",
"hit":"الحثية",
"hmn":"الهمونجية",
"ho":"الهيري موتو",
"hr":"الكرواتية",
"hsb":"الصربية العليا",
"ht":"الهايتية",
"hu":"الهنغارية",
"hup":"الهبا",
"hy":"الأرمينية",
"hz":"الهيريرو",
"ia":"اللّغة الوسيطة",
"iba":"الإيبان",
"id":"الإندونيسية",
"ie":"الإنترلينج",
"ig":"الإيجبو",
"ii":"السيتشيون يي",
"ijo":"الإجو",
"ik":"الإينبياك",
"ilo":"الإيلوكو",
"inc":"اللغة الهندية",
"ine":"الهندية الأوروبية - أخرى",
"inh":"الإنجوشية",
"io":"الإيدو",
"ira":"اللغة الإيرانية",
"iro":"اللغة الإيروكويانية",
"is":"الأيسلاندية",
"it":"الإيطالية",
"iu":"الإينكتيتت",
"ja":"اليابانية",
"jbo":"اللوجبان",
"jpr":"الفارسية العبرية",
"jrb":"العربية العبرية",
"jv":"الجاوية",
"ka":"الجورجية",
"kaa":"الكارا-كالباك",
"kab":"القبيلية",
"kac":"الكاتشين",
"kaj":"الجو",
"kam":"الكامبا",
"kar":"الكاريين",
"kaw":"الكوي",
"kbd":"الكاباردايان",
"kbl":"كانمبو",
"kfo":"الكورو",
"kg":"الكونغو",
"kha":"الكازية",
"khi":"اللغة الخويسانية",
"kho":"الخوتانيز",
"ki":"الكيكيو",
"kj":"الكيونياما",
"kk":"الكازاخستانية",
"kl":"الكالاليست",
"km":"الخميرية",
"kmb":"الكيمبندو",
"kn":"الكانادية",
"ko":"الكورية",
"kok":"الكونكانية",
"kos":"الكوسراين",
"kpe":"الكبيل",
"kr":"الكانيوري",
"krc":"الكاراتشاي-بالكار",
"krl":"الكاريلية",
"kro":"الكرو",
"kru":"الكيورك",
"ks":"الكشميرية",
"ku":"الكردية",
"kum":"الكوميك",
"kut":"الكتيناي",
"kv":"الكومي",
"kw":"الكورنية",
"ky":"الكيرغزستانية",
"la":"اللاتينية",
"lad":"اللادينو",
"lah":"اللاهندا",
"lam":"اللامبا",
"lb":"اللوكسمبرجية",
"lez":"الليزجية",
"lg":"الجاندا",
"li":"الليمبرجيشية",
"ln":"اللينجالا",
"lo":"اللاوية",
"lol":"منغولى",
"loz":"اللوزي",
"lt":"اللتوانية",
"lu":"اللبا-كاتانجا",
"lua":"اللبا-لؤلؤ",
"lui":"اللوسينو",
"lun":"اللوندا",
"luo":"اللو",
"lus":"الميزو",
"lv":"اللاتفية",
"mad":"المادريز",
"mag":"المغهية",
"mai":"المايثلية",
"mak":"الماكاسار",
"man":"الماندينغ",
"map":"الأوسترونيسيان",
"mas":"الماساي",
"mde":"مابا",
"mdf":"الموكشا",
"mdr":"الماندار",
"men":"الميند",
"mfe":"المورسيانية",
"mg":"المالاجاشية",
"mga":"الأيرلندية الوسطى",
"mh":"المارشالية",
"mi":"الماورية",
"mic":"الميكماكيونية",
"min":"المينانجكاباو",
"mis":"اللغة المتنوعة",
"mk":"المقدونية",
"mkh":"لغة المون - خمير",
"ml":"الماليالام",
"mn":"المنغولية",
"mnc":"المانشو",
"mni":"المانيبورية",
"mno":"لغات مانوبو",
"mo":"المولدوفية",
"moh":"الموهوك",
"mos":"الموسي",
"mr":"الماراثية",
"ms":"لغة الملايو",
"mt":"المالطية",
"mua":"مندنج",
"mul":"لغات متعددة",
"mun":"لغة المندا",
"mus":"الكريك",
"mwl":"الميرانديز",
"mwr":"الماروارية",
"my":"البورمية",
"myn":"لغة المايا",
"myv":"الأرزية",
"na":"النورو",
"nah":"الناهيوتل",
"nai":"اللغة الهندية الأمريكية الشمالية",
"nap":"اللغة النابولية",
"nb":"البوكمالية النرويجية",
"nd":"النديبيل الشمالي",
"nds":"الألمانية السفلى",
"ne":"النيبالية",
"new":"النوارية",
"ng":"الندونجا",
"nia":"النياس",
"nic":"النيجر - كوردوفانايان",
"niu":"النيوي",
"nl":"الهولندية",
"nl_BE":"الفلمنكية",
"nn":"النينورسك النرويجي",
"no":"النرويجية",
"nog":"النوجاي",
"non":"النورس القديم",
"nqo":"أنكو",
"nr":"النديبيل الجنوبي",
"nso":"السوتو الشمالية",
"nub":"لغة نوبية",
"nv":"النافاجو",
"nwc":"النوارية التقليدية",
"ny":"النيانجا",
"nym":"النيامويزي",
"nyn":"النيانكول",
"nyo":"النيورو",
"nzi":"النزيما",
"oc":"الأوكيتانية",
"oj":"الأوجيبوا",
"om":"الأورومو",
"or":"الأورييا",
"os":"الأوسيتيك",
"osa":"الأوساج",
"ota":"التركية العثمانية",
"oto":"اللغة الأوتومية",
"pa":"البنجابية",
"paa":"اللغة الغينية",
"pag":"البانجاسينان",
"pal":"البهلوية",
"pam":"البامبانجا",
"pap":"البابيامينتو",
"pau":"البالوان",
"peo":"الفارسية القديمة",
"phi":"اللغة الفليبينية",
"phn":"الفينيقية",
"pi":"البالية",
"pl":"البولندية",
"pon":"البوهنبيايان",
"pra":"لغة البراكريت",
"pro":"البروفانسية القديمة",
"ps":"البشتونية",
"pt":"البرتغالية",
"pt_BR":"البرتغالية البرازيلية",
"pt_PT":"البرتغالية الأوروبية",
"qu":"الكويتشوا",
"raj":"الراجاسثانية",
"rap":"الراباني",
"rar":"الراروتونجاني",
"rm":"الرومانشية",
"rn":"الرندي",
"ro":"الرومانية",
"roa":"اللغة الرومانسية",
"rom":"الغجرية",
"root":"الجذر",
"ru":"الروسية",
"rup":"الأرومانيان",
"rw":"الكينيارواندا",
"sa":"السنسكريتية",
"sad":"السانداوي",
"sah":"الساخية",
"sai":"اللغة الهندية الأمريكية الجنوبية",
"sal":"اللغة الساليشانية",
"sam":"الآرامية السامرية",
"sas":"الساساك",
"sat":"السانتالي",
"sba":"نامبي",
"sc":"السردينية",
"scn":"الصقلية",
"sco":"الأسكتلندية",
"sd":"السندية",
"se":"السامي الشمالي",
"sel":"السيلكب",
"sem":"لغة سامية",
"sg":"السانجو",
"sga":"الأيرلندية القديمة",
"sgn":"لغات الإشارة",
"shn":"الشانية",
"shu":"العربية التشادية",
"si":"السنهالية",
"sid":"السيدامو",
"sio":"لغة السيويون",
"sit":"اللغة الصينية التيبتية",
"sk":"السلوفاكية",
"sl":"السلوفانية",
"sla":"اللغة السلافية",
"sm":"الساموائية",
"sma":"السامي الجنوبي",
"smi":"اللغة السامية",
"smj":"اللول سامي",
"smn":"الإيناري سامي",
"sms":"السكولت سامي",
"sn":"الشونا",
"snk":"السونينك",
"so":"الصومالية",
"sog":"السوجدين",
"son":"السونجهاي",
"sq":"الألبانية",
"sr":"الصربية",
"srn":"السرانان تونجو",
"srr":"السرر",
"ss":"السواتي",
"ssa":"لغة نيلية الصحراوية",
"st":"السوتو الجنوبية",
"su":"السوندانية",
"suk":"السوكوما",
"sus":"السوسو",
"sux":"السومارية",
"sv":"السويدية",
"sw":"السواحلية",
"swb":"لغة جزر القمر",
"syc":"سريانية تقليدية",
"syr":"السريانية",
"ta":"التاميلية",
"tai":"لغة تاي",
"te":"التيلجو",
"tem":"التيمن",
"ter":"التيرينو",
"tet":"التيتم",
"tg":"الطاجيكية",
"th":"التايلاندية",
"ti":"التيغرينية",
"tig":"التيغرية",
"tiv":"التيف",
"tk":"التركمانية",
"tkl":"التوكيلاو",
"tl":"التاغالوغية",
"tlh":"الكلينجون",
"tli":"التلينغيتية",
"tmh":"التاماشيك",
"tn":"التسوانية",
"to":"التونغية",
"tog":"تونجا - نياسا",
"tpi":"التوك بيسين",
"tr":"التركية",
"ts":"السونجا",
"tsi":"التسيمشيان",
"tt":"التتارية",
"tum":"التامبوكا",
"tup":"اللغة التوبية",
"tut":"اللغة الألطية",
"tvl":"التوفالو",
"tw":"التوي",
"ty":"التاهيتية",
"tyv":"التوفية",
"udm":"الأدمرتية",
"ug":"الأويغورية",
"uga":"اليجاريتيك",
"uk":"الأوكرانية",
"umb":"الأمبندو",
"und":"لغة غير معروفة",
"ur":"الأردية",
"uz":"الأوزبكية",
"vai":"الفاي",
"ve":"الفيندا",
"vi":"الفيتنامية",
"vot":"الفوتيك",
"wa":"الولونية",
"wak":"اللغة الواكاشانية",
"wal":"الولاياتا",
"war":"الواراي",
"was":"الواشو",
"wen":"اللغة الصربية",
"wo":"الولوف",
"xal":"الكالميك",
"xh":"الخوسا",
"yao":"الياو",
"yap":"اليابيز",
"yi":"اليديشية",
"yo":"اليوروبية",
"ypk":"اللغة اليوبيكية",
"yue":"الكَنْتُونية",
"za":"الزهيونج",
"zap":"الزابوتيك",
"zbl":"رموز المعايير الأساسية",
"zen":"الزيناجا",
"zgh":"التمازيغية المغربية القياسية",
"zh":"الصينية",
"zh_Hans":"الصينية المبسطة",
"zh_Hant":"الصينية التقليدية",
"znd":"الزاند",
"zu":"الزولو",
"zun":"الزونية",
"zxx":"بدون محتوى لغوي",
"zza":"زازا"
},
"scripts":{
"Arab":"العربية",
"Armn":"الأرمينية",
"Bali":"البالية",
"Batk":"الباتاك",
"Beng":"البنغالية",
"Blis":"رموز بليس",
"Bopo":"البوبوموفو",
"Brah":"الهندوسية",
"Brai":"البرايل",
"Bugi":"البجينيز",
"Buhd":"البهيدية",
"Cans":"مقاطع كندية أصلية موحدة",
"Cari":"الكارية",
"Cham":"التشامية",
"Cher":"الشيروكي",
"Cirt":"السيرث",
"Copt":"القبطية",
"Cprt":"القبرصية",
"Cyrl":"السيريلية",
"Cyrs":"السيريلية السلافية الكنسية القديمة",
"Deva":"الديفاناجاري",
"Dsrt":"الديسيريت",
"Egyd":"الديموطيقية",
"Egyh":"الهيراطيقية",
"Egyp":"الهيروغليفية",
"Ethi":"الأثيوبية",
"Geok":"الأبجدية الجورجية - أسومتافرلي و نسخري",
"Geor":"الجورجية",
"Glag":"الجلاجوليتيك",
"Goth":"القوطية",
"Grek":"اليونانية",
"Gujr":"التاغجراتية",
"Guru":"الجرمخي",
"Hang":"الهانغول",
"Hani":"الهان",
"Hano":"الهانونو",
"Hans":"المبسطة",
"Hant":"التقليدية",
"Hebr":"العبرية",
"Hira":"الهيراجانا",
"Hmng":"الباهوه همونج",
"Hrkt":"الكتكانا أو الهيراجانا",
"Hung":"المجرية القديمة",
"Inds":"اندس - هارابان",
"Ital":"الإيطالية القديمة",
"Java":"الجاوية",
"Jpan":"اليابانية",
"Kali":"الكياه لى",
"Kana":"الكتكانا",
"Khar":"الخاروشتى",
"Khmr":"الخميرية",
"Knda":"الكانادا",
"Kore":"الكورية",
"Lana":"الانا",
"Laoo":"اللاو",
"Latf":"اللاتينية - متغير فراكتر",
"Latg":"اللاتينية - متغير غيلى",
"Latn":"اللاتينية",
"Lepc":"الليبتشا - رونج",
"Limb":"الليمبو",
"Lina":"الخطية أ",
"Linb":"الخطية ب",
"Lyci":"الليسية",
"Lydi":"الليدية",
"Mand":"المانداينية",
"Maya":"المايا الهيروغليفية",
"Mero":"الميرويتيك",
"Mlym":"الماليالام",
"Mong":"المغولية",
"Moon":"مون",
"Mymr":"الميانمار",
"Narb":"العربية الشمالية القديمة",
"Nkoo":"أنكو",
"Ogam":"الأوجهام",
"Orkh":"الأورخون",
"Orya":"الأوريا",
"Osma":"الأوسمانيا",
"Perm":"البيرميكية القديمة",
"Phag":"الفاجسبا",
"Phnx":"الفينيقية",
"Plrd":"الصوتيات الجماء",
"Roro":"رنجورنجو",
"Runr":"الروني",
"Sara":"الساراتي",
"Sarb":"العربية الجنوبية القديمة",
"Shaw":"الشواني",
"Sinh":"السينهالا",
"Sund":"السوندانية",
"Sylo":"السيلوتي ناغري",
"Syrc":"السريانية",
"Syre":"السريانية الأسترنجيلية",
"Syrj":"السريانية الغربية",
"Syrn":"السريانية الشرقية",
"Tagb":"التاجبانوا",
"Tale":"التاي لي",
"Talu":"التاى لى الجديد",
"Taml":"التاميلية",
"Telu":"التيلجو",
"Teng":"التينجوار",
"Tfng":"التيفيناغ",
"Tglg":"التغالوغية",
"Thaa":"الثعنة",
"Thai":"التايلاندية",
"Tibt":"التبتية",
"Ugar":"الأجاريتيكية",
"Vaii":"الفاي",
"Visp":"الكلام المرئي",
"Xpeo":"الفارسية القديمة",
"Xsux":"الكتابة المسمارية الأكدية السومرية",
"Yiii":"اليي",
"Zinh":"الموروث",
"Zsym":"رموز",
"Zxxx":"غير مكتوب",
"Zyyy":"عام",
"Zzzz":"نظام كتابة غير معروف"
},
"territories":{
"001":"العالم",
"002":"أفريقيا",
"003":"أمريكا الشمالية",
"005":"أمريكا الجنوبية",
"009":"أوقيانوسيا",
"011":"غرب أفريقيا",
"013":"أمريكا الوسطى",
"014":"شرق أفريقيا",
"015":"شمال أفريقيا",
"017":"وسط أفريقيا",
"018":"أفريقيا الجنوبية",
"019":"الأمريكتين",
"021":"شمال أمريكا",
"029":"الكاريبي",
"030":"شرق آسيا",
"034":"جنوب آسيا",
"035":"جنوب شرق آسيا",
"039":"جنوب أوروبا",
"053":"أسترالاسيا",
"054":"ميلانيزيا",
"057":"الجزر الميكرونيزية",
"061":"بولينيزيا",
"142":"آسيا",
"143":"وسط آسيا",
"145":"غرب آسيا",
"150":"أوروبا",
"151":"شرق أوروبا",
"154":"شمال أوروبا",
"155":"غرب أوروبا",
"419":"أمريكا اللاتينية",
"AC":"جزيرة أسينشيون",
"AD":"أندورا",
"AE":"الإمارات العربية المتحدة",
"AF":"أفغانستان",
"AG":"أنتيغوا وبربودا",
"AI":"أنغويلا",
"AL":"ألبانيا",
"AM":"أرمينيا",
"AN":"جزر الأنتيل الهولندية",
"AO":"أنغولا",
"AQ":"أنتاركتيكا",
"AR":"الأرجنتين",
"AS":"ساموا الأمريكية",
"AT":"النمسا",
"AU":"أستراليا",
"AW":"آروبا",
"AX":"جزر آلاند",
"AZ":"أذربيجان",
"BA":"البوسنة والهرسك",
"BB":"بربادوس",
"BD":"بنجلاديش",
"BE":"بلجيكا",
"BF":"بوركينا فاسو",
"BG":"بلغاريا",
"BH":"البحرين",
"BI":"بوروندي",
"BJ":"بنين",
"BL":"سان بارتليمي",
"BM":"برمودا",
"BN":"بروناي",
"BO":"بوليفيا",
"BQ":"هولندا الكاريبية",
"BR":"البرازيل",
"BS":"الباهاما",
"BT":"بوتان",
"BV":"جزيرة بوفيه",
"BW":"بتسوانا",
"BY":"روسيا البيضاء",
"BZ":"بليز",
"CA":"كندا",
"CC":"جزر كوكوس",
"CD":"الكونغو - كينشاسا",
"CF":"جمهورية أفريقيا الوسطى",
"CG":"الكونغو - برازافيل",
"CH":"سويسرا",
"CI":"ساحل العاج",
"CK":"جزر كوك",
"CL":"شيلي",
"CM":"الكاميرون",
"CN":"الصين",
"CO":"كولومبيا",
"CP":"جزيرة كليبيرتون",
"CR":"كوستاريكا",
"CU":"كوبا",
"CV":"الرأس الأخضر",
"CW":"كوراساو",
"CX":"جزيرة الكريسماس",
"CY":"قبرص",
"CZ":"جمهورية التشيك",
"DE":"ألمانيا",
"DG":"دييغو غارسيا",
"DJ":"جيبوتي",
"DK":"الدانمرك",
"DM":"دومينيكا",
"DO":"جمهورية الدومينيك",
"DZ":"الجزائر",
"EA":"سيوتا وميليلا",
"EC":"الإكوادور",
"EE":"أستونيا",
"EG":"مصر",
"EH":"الصحراء الغربية",
"ER":"أريتريا",
"ES":"إسبانيا",
"ET":"إثيوبيا",
"EU":"الاتحاد الأوروبي",
"FI":"فنلندا",
"FJ":"فيجي",
"FK":"جزر فوكلاند",
"FM":"ميكرونيزيا",
"FO":"جزر فارو",
"FR":"فرنسا",
"GA":"الجابون",
"GB":"المملكة المتحدة",
"GD":"غرينادا",
"GE":"جورجيا",
"GF":"غويانا الفرنسية",
"GG":"غيرنزي",
"GH":"غانا",
"GI":"جبل طارق",
"GL":"غرينلاند",
"GM":"غامبيا",
"GN":"غينيا",
"GP":"جوادلوب",
"GQ":"غينيا الإستوائية",
"GR":"اليونان",
"GS":"جورجيا الجنوبية وجزر ساندويتش الجنوبية",
"GT":"غواتيمالا",
"GU":"غوام",
"GW":"غينيا بيساو",
"GY":"غيانا",
"HK":"هونغ كونغ الصينية",
"HM":"جزيرة هيرد وجزر ماكدونالد",
"HN":"هندوراس",
"HR":"كرواتيا",
"HT":"هايتي",
"HU":"هنغاريا",
"IC":"جزر الكناري",
"ID":"أندونيسيا",
"IE":"أيرلندا",
"IL":"إسرائيل",
"IM":"جزيرة مان",
"IN":"الهند",
"IO":"الإقليم البريطاني في المحيط الهندي",
"IQ":"العراق",
"IR":"إيران",
"IS":"أيسلندا",
"IT":"إيطاليا",
"JE":"جيرسي",
"JM":"جامايكا",
"JO":"الأردن",
"JP":"اليابان",
"KE":"كينيا",
"KG":"قرغيزستان",
"KH":"كمبوديا",
"KI":"كيريباتي",
"KM":"جزر القمر",
"KN":"سانت كيتس ونيفيس",
"KP":"كوريا الشمالية",
"KR":"كوريا الجنوبية",
"KW":"الكويت",
"KY":"جزر الكايمن",
"KZ":"كازاخستان",
"LA":"لاوس",
"LB":"لبنان",
"LC":"سانت لوسيا",
"LI":"ليختنشتاين",
"LK":"سريلانكا",
"LR":"ليبيريا",
"LS":"ليسوتو",
"LT":"ليتوانيا",
"LU":"لوكسمبورغ",
"LV":"لاتفيا",
"LY":"ليبيا",
"MA":"المغرب",
"MC":"موناكو",
"MD":"مولدافيا",
"ME":"الجبل الأسود",
"MF":"سانت مارتن",
"MG":"مدغشقر",
"MH":"جزر المارشال",
"MK":"مقدونيا",
"ML":"مالي",
"MM":"ميانمار -بورما",
"MN":"منغوليا",
"MO":"مكاو الصينية (منطقة إدارية خاصة)",
"MP":"جزر ماريانا الشمالية",
"MQ":"مارتينيك",
"MR":"موريتانيا",
"MS":"مونتسرات",
"MT":"مالطا",
"MU":"موريشيوس",
"MV":"جزر المالديف",
"MW":"ملاوي",
"MX":"المكسيك",
"MY":"ماليزيا",
"MZ":"موزمبيق",
"NA":"ناميبيا",
"NC":"كاليدونيا الجديدة",
"NE":"النيجر",
"NF":"جزيرة نورفوك",
"NG":"نيجيريا",
"NI":"نيكاراغوا",
"NL":"هولندا",
"NO":"النرويج",
"NP":"نيبال",
"NR":"ناورو",
"NU":"نيوي",
"NZ":"نيوزيلاندا",
"OM":"عُمان",
"PA":"بنما",
"PE":"بيرو",
"PF":"بولينيزيا الفرنسية",
"PG":"بابوا غينيا الجديدة",
"PH":"الفلبين",
"PK":"باكستان",
"PL":"بولندا",
"PM":"سانت بيير وميكولون",
"PN":"جزر بيتكيرن",
"PR":"بورتوريكو",
"PS":"الأراضي الفلسطينية",
"PT":"البرتغال",
"PW":"بالاو",
"PY":"باراغواي",
"QA":"قطر",
"QO":"أوقيانوسيا النائية",
"RE":"روينيون",
"RO":"رومانيا",
"RS":"صربيا",
"RU":"روسيا",
"RW":"رواندا",
"SA":"المملكة العربية السعودية",
"SB":"جزر سليمان",
"SC":"سيشل",
"SD":"السودان",
"SE":"السويد",
"SG":"سنغافورة",
"SH":"سانت هيلنا",
"SI":"سلوفينيا",
"SJ":"سفالبارد وجان مايان",
"SK":"سلوفاكيا",
"SL":"سيراليون",
"SM":"سان مارينو",
"SN":"السنغال",
"SO":"الصومال",
"SR":"سورينام",
"SS":"جنوب السودان",
"ST":"ساو تومي وبرينسيبي",
"SV":"السلفادور",
"SX":"سينت مارتن",
"SY":"سوريا",
"SZ":"سوازيلاند",
"TA":"تريستان دي كونها",
"TC":"جزر الترك وجايكوس",
"TD":"تشاد",
"TF":"المقاطعات الجنوبية الفرنسية",
"TG":"توجو",
"TH":"تايلاند",
"TJ":"طاجكستان",
"TK":"توكيلو",
"TL":"تيمور الشرقية",
"TM":"تركمانستان",
"TN":"تونس",
"TO":"تونغا",
"TR":"تركيا",
"TT":"ترينيداد وتوباغو",
"TV":"توفالو",
"TW":"تايوان",
"TZ":"تانزانيا",
"UA":"أوكرانيا",
"UG":"أوغندا",
"UM":"جزر الولايات المتحدة النائية",
"US":"الولايات المتحدة",
"UY":"أورغواي",
"UZ":"أوزبكستان",
"VA":"الفاتيكان",
"VC":"سانت فنسنت وغرنادين",
"VE":"فنزويلا",
"VG":"جزر فرجين البريطانية",
"VI":"جزر فرجين الأمريكية",
"VN":"فيتنام",
"VU":"فانواتو",
"WF":"جزر والس وفوتونا",
"WS":"ساموا",
"XK":"كوسوفو",
"YE":"اليمن",
"YT":"مايوت",
"ZA":"جنوب أفريقيا",
"ZM":"زامبيا",
"ZW":"زيمبابوي",
"ZZ":"منطقة غير معروفة"
},
"orientation":"right-to-left",
"dateFormat-full":"EEEE، d MMMM، y",
"dateFormat-long":"d MMMM، y",
"dateFormat-medium":"dd‏/MM‏/y",
"dateFormat-short":"d‏/M‏/y",
"timeFormat-full":"h:mm:ss a zzzz",
"timeFormat-long":"h:mm:ss a z",
"timeFormat-medium":"h:mm:ss a",
"timeFormat-short":"h:mm a",
"dateTimeFormat-full":"{1} {0}",
"dateTimeFormat-long":"{1} {0}",
"dateTimeFormat-medium":"{1} {0}",
"dateTimeFormat-short":"{1} {0}",
"intervalFormatFallback":"{0} – {1}",
"intervalFormat-d-d":"d–d",
"intervalFormat-h-a":"h a – h a",
"intervalFormat-h-h":"h–h a",
"intervalFormat-H-H":"HH–HH",
"intervalFormat-hm-a":"h:mm a – h:mm a",
"intervalFormat-hm-h":"h:mm–h:mm a",
"intervalFormat-hm-m":"h:mm–h:mm a",
"intervalFormat-Hm-H":"HH:mm–HH:mm",
"intervalFormat-Hm-m":"HH:mm–HH:mm",
"intervalFormat-hmv-a":"h:mm a – h:mm a v",
"intervalFormat-hmv-h":"h:mm–h:mm a v",
"intervalFormat-hmv-m":"h:mm–h:mm a v",
"intervalFormat-Hmv-H":"HH:mm–HH:mm v",
"intervalFormat-Hmv-m":"HH:mm–HH:mm v",
"intervalFormat-hv-a":"h a – h a v",
"intervalFormat-hv-h":"h–h a v",
"intervalFormat-Hv-H":"HH–HH v",
"intervalFormat-M-M":"M–M",
"intervalFormat-Md-d":"M/d – M/d",
"intervalFormat-Md-M":"M/d – M/d",
"intervalFormat-MEd-d":"E، d/‏M –‏ E، d/‏M",
"intervalFormat-MEd-M":"E، d/‏M – E، d/‏M",
"intervalFormat-MMM-M":"MMM–MMM",
"intervalFormat-MMMd-d":"d–d MMM",
"intervalFormat-MMMd-M":"d MMM – d MMM",
"intervalFormat-MMMEd-d":"E، d – E، d MMM",
"intervalFormat-MMMEd-M":"E، d MMM – E، d MMM",
"intervalFormat-y-y":"y–y",
"intervalFormat-yM-M":"M‏/y – M‏/y",
"intervalFormat-yM-y":"M‏/y – M‏/y",
"intervalFormat-yMd-d":"d‏/M‏/y – d‏/M‏/y",
"intervalFormat-yMd-M":"d‏/M‏/y – d‏/M‏/y",
"intervalFormat-yMd-y":"d‏/M‏/y – d‏/M‏/y",
"intervalFormat-yMEd-d":"E، dd‏/MM‏/y – E، dd‏/MM‏/y",
"intervalFormat-yMEd-M":"E، d‏/M‏/y – E، d‏/M‏/y",
"intervalFormat-yMEd-y":"E، d‏/M‏/y – E، d‏/M‏/y",
"intervalFormat-yMMM-M":"MMM – MMM، y",
"intervalFormat-yMMM-y":"MMM، y – MMM، y",
"intervalFormat-yMMMd-d":"d–d MMM، y",
"intervalFormat-yMMMd-M":"d MMM – d MMM، y",
"intervalFormat-yMMMd-y":"d MMM، y – d MMM، y",
"intervalFormat-yMMMEd-d":"E، d – E، d MMM، y",
"intervalFormat-yMMMEd-M":"E، d MMM – E، d MMM، y",
"intervalFormat-yMMMEd-y":"E، d MMM، y – E، d MMM، y",
"intervalFormat-yMMMM-M":"MMMM – MMMM، y",
"intervalFormat-yMMMM-y":"MMMM، y – MMMM، y",
"months-format-abbreviated":[
"يناير",
"فبراير",
"مارس",
"أبريل",
"مايو",
"يونيو",
"يوليو",
"أغسطس",
"سبتمبر",
"أكتوبر",
"نوفمبر",
"ديسمبر"],
"months-format-narrow":[
"ي",
"ف",
"م",
"أ",
"و",
"ن",
"ل",
"غ",
"س",
"ك",
"ب",
"د"],
"months-format-wide":[
"يناير",
"فبراير",
"مارس",
"أبريل",
"مايو",
"يونيو",
"يوليو",
"أغسطس",
"سبتمبر",
"أكتوبر",
"نوفمبر",
"ديسمبر"],
"months-standAlone-abbreviated":[
"يناير",
"فبراير",
"مارس",
"أبريل",
"مايو",
"يونيو",
"يوليو",
"أغسطس",
"سبتمبر",
"أكتوبر",
"نوفمبر",
"ديسمبر"],
"months-standAlone-narrow":[
"ي",
"ف",
"م",
"أ",
"و",
"ن",
"ل",
"غ",
"س",
"ك",
"ب",
"د"],
"months-standAlone-wide":[
"يناير",
"فبراير",
"مارس",
"أبريل",
"مايو",
"يونيو",
"يوليو",
"أغسطس",
"سبتمبر",
"أكتوبر",
"نوفمبر",
"ديسمبر"],
"days-format-abbreviated":[
"الأحد",
"الاثنين",
"الثلاثاء",
"الأربعاء",
"الخميس",
"الجمعة",
"السبت"],
"days-format-narrow":[
"ح",
"ن",
"ث",
"ر",
"خ",
"ج",
"س"],
"days-format-short":[
"الأحد",
"الاثنين",
"الثلاثاء",
"الأربعاء",
"الخميس",
"الجمعة",
"السبت"],
"days-format-wide":[
"الأحد",
"الاثنين",
"الثلاثاء",
"الأربعاء",
"الخميس",
"الجمعة",
"السبت"],
"days-standAlone-abbreviated":[
"الأحد",
"الاثنين",
"الثلاثاء",
"الأربعاء",
"الخميس",
"الجمعة",
"السبت"],
"days-standAlone-narrow":[
"ح",
"ن",
"ث",
"ر",
"خ",
"ج",
"س"],
"days-standAlone-short":[
"الأحد",
"الاثنين",
"الثلاثاء",
"الأربعاء",
"الخميس",
"الجمعة",
"السبت"],
"days-standAlone-wide":[
"الأحد",
"الاثنين",
"الثلاثاء",
"الأربعاء",
"الخميس",
"الجمعة",
"السبت"],
"quarters-format-abbreviated":[
"الربع الأول",
"الربع الثاني",
"الربع الثالث",
"الربع الرابع"],
"quarters-format-narrow":[
"١",
"٢",
"٣",
"٤"],
"quarters-format-wide":[
"الربع الأول",
"الربع الثاني",
"الربع الثالث",
"الربع الرابع"],
"quarters-standAlone-abbreviated":[
"الربع الأول",
"الربع الثاني",
"الربع الثالث",
"الربع الرابع"],
"quarters-standAlone-narrow":[
"١",
"٢",
"٣",
"٤"],
"quarters-standAlone-wide":[
"الربع الأول",
"الربع الثاني",
"الربع الثالث",
"الربع الرابع"],
"dayPeriods-format-abbreviated":[
"ص",
"م"],
"dayPeriods-format-narrow":[
"ص",
"م"],
"dayPeriods-format-wide":[
"ص",
"م"],
"dayPeriods-standAlone-abbreviated":[
"ص",
"م"],
"dayPeriods-standAlone-narrow":[
"ص",
"م"],
"dayPeriods-standAlone-wide":[
"ص",
"م"],
"decimalFormat":{
"standard":"#,##0.###"},
"decimalFormat-long":{
"1000-zero":"0 ألف",
"1000-one":"0 ألف",
"1000-two":"0 ألف",
"1000-few":"0 آلاف",
"1000-many":"0 ألف",
"1000-other":"0 ألف",
"10000-zero":"00 ألف",
"10000-one":"00 ألف",
"10000-two":"00 ألف",
"10000-few":"00 ألف",
"10000-many":"00 ألف",
"10000-other":"00 ألف",
"100000-zero":"000 ألف",
"100000-one":"000 ألف",
"100000-two":"000 ألف",
"100000-few":"000 ألف",
"100000-many":"000 ألف",
"100000-other":"000 ألف",
"1000000-zero":"0 مليون",
"1000000-one":"0 مليون",
"1000000-two":"0 مليون",
"1000000-few":"0 ملايين",
"1000000-many":"0 مليون",
"1000000-other":"0 مليون",
"10000000-zero":"00 مليون",
"10000000-one":"00 مليون",
"10000000-two":"00 مليون",
"10000000-few":"00 ملايين",
"10000000-many":"00 مليون",
"10000000-other":"00 مليون",
"100000000-zero":"000 مليون",
"100000000-one":"000 مليون",
"100000000-two":"000 مليون",
"100000000-few":"000 مليون",
"100000000-many":"000 مليون",
"100000000-other":"000 مليون",
"1000000000-zero":"0 بليون",
"1000000000-one":"0 بليون",
"1000000000-two":"0 بليون",
"1000000000-few":"0 بلايين",
"1000000000-many":"0 بليون",
"1000000000-other":"0 بليون",
"10000000000-zero":"00 بليون",
"10000000000-one":"00 بليون",
"10000000000-two":"00 بليون",
"10000000000-few":"00 بليون",
"10000000000-many":"00 بليون",
"10000000000-other":"00 بليون",
"100000000000-zero":"000 بليون",
"100000000000-one":"000 بليون",
"100000000000-two":"000 بليون",
"100000000000-few":"000 بليون",
"100000000000-many":"000 بليون",
"100000000000-other":"000 بليون",
"1000000000000-zero":"0 تريليون",
"1000000000000-one":"0 تريليون",
"1000000000000-two":"0 تريليون",
"1000000000000-few":"0 تريليونات",
"1000000000000-many":"0 تريليون",
"1000000000000-other":"0 تريليون",
"10000000000000-zero":"00 تريليون",
"10000000000000-one":"00 تريليون",
"10000000000000-two":"00 تريليون",
"10000000000000-few":"00 تريليون",
"10000000000000-many":"00 تريليون",
"10000000000000-other":"00 تريليون",
"100000000000000-zero":"000 تريليون",
"100000000000000-one":"000 تريليون",
"100000000000000-two":"000 تريليون",
"100000000000000-few":"000 تريليون",
"100000000000000-many":"000 تريليون",
"100000000000000-other":"000 تريليون"},
"decimalFormat-short":{
"1000-zero":"0 ألف",
"1000-one":"0 ألف",
"1000-two":"0 ألف",
"1000-few":"0 آلاف",
"1000-many":"0 ألف",
"1000-other":"0 ألف",
"10000-zero":"00 ألف",
"10000-one":"00 ألف",
"10000-two":"00 ألف",
"10000-few":"00 ألف",
"10000-many":"00 ألف",
"10000-other":"00 ألف",
"100000-zero":"000 ألف",
"100000-one":"000 ألف",
"100000-two":"000 ألف",
"100000-few":"000 ألف",
"100000-many":"000 ألف",
"100000-other":"000 ألف",
"1000000-zero":"0 مليو",
"1000000-one":"0 مليو",
"1000000-two":"0 مليو",
"1000000-few":"0 مليو",
"1000000-many":"0 مليو",
"1000000-other":"0 مليو",
"10000000-zero":"00 مليو",
"10000000-one":"00 مليو",
"10000000-two":"00 مليو",
"10000000-few":"00 مليو",
"10000000-many":"00 مليو",
"10000000-other":"00 مليو",
"100000000-zero":"000 مليو",
"100000000-one":"000 مليو",
"100000000-two":"000 مليو",
"100000000-few":"000 مليو",
"100000000-many":"000 مليو",
"100000000-other":"000 مليو",
"1000000000-zero":"0 بليو",
"1000000000-one":"0 بليو",
"1000000000-two":"0 بليو",
"1000000000-few":"0 بليو",
"1000000000-many":"0 بليو",
"1000000000-other":"0 بليو",
"10000000000-zero":"00 بليو",
"10000000000-one":"00 بليو",
"10000000000-two":"00 بليو",
"10000000000-few":"00 بليو",
"10000000000-many":"00 بليو",
"10000000000-other":"00 بليو",
"100000000000-zero":"000 بليو",
"100000000000-one":"000 بليو",
"100000000000-two":"000 بليو",
"100000000000-few":"000 بليو",
"100000000000-many":"000 بليو",
"100000000000-other":"000 بليو",
"1000000000000-zero":"0 ترليو",
"1000000000000-one":"0 ترليو",
"1000000000000-two":"0 ترليو",
"1000000000000-few":"0 ترليو",
"1000000000000-many":"0 ترليو",
"1000000000000-other":"0 ترليو",
"10000000000000-zero":"00 ترليو",
"10000000000000-one":"00 ترليو",
"10000000000000-two":"00 ترليو",
"10000000000000-few":"00 ترليو",
"10000000000000-many":"00 ترليو",
"10000000000000-other":"00 ترليو",
"100000000000000-zero":"000 ترليو",
"100000000000000-one":"000 ترليو",
"100000000000000-two":"000 ترليو",
"100000000000000-few":"000 ترليو",
"100000000000000-many":"000 ترليو",
"100000000000000-other":"000 ترليو"},
"scientificFormat":{
"standard":"#E0"},
"percentFormat":{
"standard":"#,##0%"},
"currencyFormat":{
"standard":"¤ #,##0.00",
"accounting":"¤#,##0.00;(¤#,##0.00)"},
"symbols-latn-decimal":".",
"symbols-latn-group":",",
"symbols-latn-list":";",
"symbols-latn-percentSign":"%",
"symbols-latn-plusSign":"‎+",
"symbols-latn-minusSign":"‎-",
"symbols-latn-exponential":"E",
"symbols-latn-superscriptingExponent":"×",
"symbols-latn-perMille":"‰",
"symbols-latn-infinity":"∞",
"symbols-latn-nan":"NaN",
"currencyDigits":{
"ADP":0,
"AFN":0,
"ALL":0,
"AMD":0,
"BHD":3,
"BIF":0,
"BYR":0,
"CAD":2,
"CHF":2,
"CLF":0,
"CLP":0,
"COP":0,
"CRC":0,
"DEFAULT":2,
"DJF":0,
"ESP":0,
"GNF":0,
"GYD":0,
"HUF":0,
"IDR":0,
"IQD":0,
"IRR":0,
"ISK":0,
"ITL":0,
"JOD":3,
"JPY":0,
"KMF":0,
"KPW":0,
"KRW":0,
"KWD":3,
"LAK":0,
"LBP":0,
"LUF":0,
"LYD":3,
"MGA":0,
"MGF":0,
"MMK":0,
"MNT":0,
"MRO":0,
"MUR":0,
"OMR":3,
"PKR":0,
"PYG":0,
"RSD":0,
"RWF":0,
"SLL":0,
"SOS":0,
"STD":0,
"SYP":0,
"TMM":0,
"TND":3,
"TRL":0,
"TZS":0,
"TWD":2,
"UGX":0,
"UZS":0,
"VND":0,
"VUV":0,
"XAF":0,
"XOF":0,
"XPF":0,
"YER":0,
"ZMK":0,
"ZWD":0
},
"currencySymbols":{
"AUD":"A$",
"BRL":"R$",
"CAD":"CA$",
"CNY":"CN¥",
"EUR":"€",
"GBP":"£",
"HKD":"HK$",
"ILS":"₪",
"INR":"₹",
"JPY":"JP¥",
"KRW":"₩",
"MXN":"MX$",
"NZD":"NZ$",
"THB":"฿",
"TWD":"NT$",
"USD":"US$",
"VND":"₫",
"XAF":"FCFA",
"XCD":"EC$",
"XOF":"CFA",
"XPF":"CFPF"
},
"weekData-minDays":1,
"weekData-firstDay":6,
"weekData-weekendStart":5,
"weekData-weekendEnd":6
}