{
"__license":"This file has been derived from Unicode Common Locale Data Repository (CLDR) files (http://cldr.unicode.org). See the copyright and permission notice in the Unicode-Data-Files-LICENSE.txt available at the same location as this file or visit http://www.unicode.org/copyright.html",
"languages":{
"aa":"афар",
"ab":"абхазки",
"ace":"ачински",
"ach":"аколи",
"ada":"адангме",
"ady":"адиге",
"ae":"авестски",
"af":"африканс",
"afa":"афро-азиатски",
"afh":"африхили",
"ain":"айну",
"ak":"акан",
"akk":"акадски",
"ale":"алеутски",
"alg":"алгонквин",
"alt":"южноалтайски",
"am":"амхарски",
"an":"арагонски",
"ang":"староанглийски",
"anp":"ангика",
"apa":"езици на апахите",
"ar":"арабски",
"ar_001":"съвременен стандартен арабски",
"arc":"арамейски",
"arn":"мапуче",
"arp":"арапахо",
"art":"изкуствен",
"arw":"аравак",
"as":"асамски",
"ast":"астурски",
"ath":"атабаски езици",
"aus":"австралийски езици",
"av":"аварски",
"awa":"авади",
"ay":"аймара",
"az":"азербайджански",
"ba":"башкирски",
"bad":"банда",
"bai":"бамикеле",
"bal":"балучи",
"ban":"балинейски",
"bas":"баса",
"bat":"балтийски",
"be":"беларуски",
"bej":"бея",
"bem":"бемба",
"ber":"берберски",
"bg":"български",
"bh":"бихари",
"bho":"божпури",
"bi":"бислама",
"bik":"биколски",
"bin":"бини",
"bla":"сиксика",
"bm":"бамбара",
"bn":"бенгалски",
"bnt":"банту",
"bo":"тибетски",
"br":"бретонски",
"bra":"брадж",
"bs":"босненски",
"btk":"батак",
"bua":"бурятски",
"bug":"бугински",
"byn":"биленски",
"ca":"каталонски",
"cad":"каддо",
"cai":"централноамерикански индиански",
"car":"карибски",
"cau":"кавказски",
"cch":"атсам",
"ce":"чеченски",
"ceb":"себуано",
"cel":"келтски",
"ch":"чаморо",
"chb":"чибча",
"chg":"чагатай",
"chk":"чуук",
"chm":"марийски",
"chn":"жаргон чинуук",
"cho":"чокто",
"chp":"чиипувски",
"chr":"чероки",
"chy":"чейенски",
"ckb":"кюрдски (сорани)",
"cmc":"чамски",
"co":"корсикански",
"cop":"коптски",
"cpe":"креолски или пиджин от английски",
"cpf":"креолски и пиджин от френски",
"cpp":"креолски или пиджин от португалски",
"cr":"крии",
"crh":"кримскотатарски",
"crp":"креолски или пиджини",
"cs":"чешки",
"csb":"кашубски",
"cu":"църковно славянски",
"cus":"кушитски езици",
"cv":"чувашки",
"cy":"уелски",
"da":"датски",
"dak":"дакотски",
"dar":"даргва",
"day":"даякски",
"de":"немски",
"de_AT":"австрийски немски",
"de_CH":"швейцарски горногермански",
"del":"делауер",
"den":"слейви",
"dgr":"догриб",
"din":"динка",
"doi":"догри",
"dra":"дравидски езици",
"dsb":"долносербски",
"dua":"дуала",
"dum":"средновековен холандски",
"dv":"дивехи",
"dyu":"диула",
"dz":"дзонха",
"ee":"еуе",
"efi":"ефик",
"egy":"египетски",
"eka":"екажук",
"el":"гръцки",
"elx":"еламитски",
"en":"английски",
"en_AU":"австралийски английски",
"en_CA":"канадски английски",
"en_GB":"британски английски",
"en_US":"американски английски",
"enm":"средновековен английски",
"eo":"есперанто",
"es":"испански",
"es_MX":"мексикански испански",
"et":"естонски",
"eu":"баски",
"ewo":"евондо",
"fa":"персийски",
"fan":"фанг",
"fat":"фанти",
"ff":"фула",
"fi":"фински",
"fil":"филипински",
"fiu":"угрофински",
"fj":"фиджийски",
"fo":"фарьорски",
"fon":"фон",
"fr":"френски",
"fr_CA":"канадски френски",
"fr_CH":"швейцарски френски",
"frm":"средновековен френски",
"fro":"старофренски",
"frr":"северен фризски",
"frs":"източен фризски",
"fur":"фриулиански",
"fy":"фризийски",
"ga":"ирландски",
"gaa":"га",
"gay":"гайо",
"gba":"гбая",
"gd":"шотландски галски",
"gem":"германски",
"gez":"гииз",
"gil":"гилбертски",
"gl":"галисийски",
"gmh":"средновековен немски",
"gn":"гуарани",
"goh":"старовисоконемски",
"gon":"гонди",
"gor":"горонтало",
"got":"готически",
"grb":"гребо",
"grc":"древногръцки",
"gsw":"швейцарски немски",
"gu":"гуджарати",
"gv":"манкски",
"gwi":"гвичин",
"ha":"хауза",
"hai":"хайда",
"haw":"хавайски",
"he":"иврит",
"hi":"хинди",
"hil":"хилигайнон",
"him":"химачали",
"hit":"хитски",
"hmn":"хмонг",
"ho":"хири моту",
"hr":"хърватски",
"hsb":"горносербски",
"ht":"хаитянски",
"hu":"унгарски",
"hup":"хупа",
"hy":"арменски",
"hz":"хереро",
"ia":"интерлингва",
"iba":"ибан",
"id":"индонезийски",
"ie":"оксидентал",
"ig":"игбо",
"ii":"сечуански",
"ijo":"иджо",
"ik":"инупиак",
"ilo":"илоко",
"inc":"индийска група",
"ine":"индо-европейски",
"inh":"ингушетски",
"io":"идо",
"ira":"ирански",
"iro":"ироквиански езици",
"is":"исландски",
"it":"италиански",
"iu":"инуктитут",
"ja":"японски",
"jbo":"лоджбан",
"jpr":"еврейско-персийски",
"jrb":"еврейско-арабски",
"jv":"явански",
"ka":"грузински",
"kaa":"каракалпашки",
"kab":"кабилски",
"kac":"качински",
"kaj":"жжи",
"kam":"камба",
"kar":"каренски",
"kaw":"кави",
"kbd":"кабардиан",
"kcg":"туап",
"kfo":"коро",
"kg":"конгоански",
"kha":"кхаси",
"khi":"езици коисан",
"kho":"котски",
"ki":"кикуйу",
"kj":"кваняма",
"kk":"казахски",
"kl":"гренландски ескимоски",
"km":"кхмерски",
"kmb":"кимбунду",
"kn":"каннада",
"ko":"корейски",
"kok":"конкани",
"kos":"косраен",
"kpe":"кпеле",
"kr":"канури",
"krc":"карачай-балкарски",
"krl":"карелски",
"kro":"кру",
"kru":"курук",
"ks":"кашмирски",
"ku":"кюрдски",
"kum":"кумикски",
"kut":"кутенай",
"kv":"Коми",
"kw":"корнуолски келтски",
"ky":"киргизки",
"la":"латински",
"lad":"ладино",
"lah":"лахнда",
"lam":"ламба",
"lb":"люксембургски",
"lez":"лезгински",
"lg":"ганда",
"li":"лимбургски",
"ln":"лингала",
"lo":"лаоски",
"lol":"монго",
"loz":"лози",
"lt":"литовски",
"lu":"луба катанга",
"lua":"луба-лулуа",
"lui":"луисеньо",
"lun":"лунда",
"luo":"луо",
"lus":"лушаи",
"lv":"латвийски",
"mad":"мадурски",
"mag":"магахи",
"mai":"майтхили",
"mak":"макасар",
"man":"мандинго",
"map":"австронезийски",
"mas":"масайски",
"mdf":"мокша",
"mdr":"мандар",
"men":"менде",
"mfe":"морисиен",
"mg":"малгашки",
"mga":"средновековен ирландски",
"mh":"маршалезе",
"mi":"маорски",
"mic":"микмак",
"min":"минангбау",
"mis":"други езици",
"mk":"македонски",
"mkh":"мон-кхмерски език",
"ml":"малаялам",
"mn":"монголски",
"mnc":"манчжурски",
"mni":"манипури",
"mno":"манобо",
"mo":"молдовски",
"moh":"мохавк",
"mos":"моси",
"mr":"марати",
"ms":"малайски",
"mt":"малтийски",
"mul":"многоезични",
"mun":"мунда",
"mus":"крик",
"mwl":"мирандийски",
"mwr":"марвари",
"my":"бирмански",
"myn":"майя език",
"myv":"ерзиа",
"na":"науру",
"nah":"нахуатл",
"nai":"северноамерикански индиански",
"nap":"неаполитански",
"nb":"норвежки букмол",
"nd":"северен ндебеле",
"nds":"долносаксонски",
"ne":"непалски",
"new":"неварски",
"ng":"ндонга",
"nia":"ниас",
"nic":"нигер-кордофански",
"niu":"ниуеан",
"nl":"нидерландски",
"nl_BE":"фламандски",
"nn":"норвежки нюнорск",
"no":"норвежки",
"nog":"ногаи",
"non":"старонорвежски",
"nqo":"н’ко",
"nr":"южен ндебеле",
"nso":"северен сото",
"nub":"нубийски езици",
"nv":"навахо",
"nwc":"класически невари",
"ny":"чинянджа",
"nym":"ниамвези",
"nyn":"нианколе",
"nyo":"нуоро",
"nzi":"нзима",
"oc":"окситански",
"oj":"оджибва",
"om":"оромо",
"or":"ория",
"os":"осетски",
"osa":"оседжи",
"ota":"отомански турски",
"oto":"старотурски езици",
"pa":"пенджабски",
"paa":"папуаски",
"pag":"пангасинан",
"pal":"пехлевийски",
"pam":"пампанга",
"pap":"папиаменту",
"pau":"палауан",
"peo":"староперсийски",
"phi":"филипински (други)",
"phn":"финикийски",
"pi":"пали",
"pl":"полски",
"pon":"похнпеиан",
"pra":"пракритски език",
"pro":"провансалски",
"ps":"пущу",
"pt":"португалски",
"qu":"кечуа",
"raj":"раджастански",
"rap":"рапа нуи",
"rar":"рапотонган",
"rm":"реторомански",
"rn":"рунди",
"ro":"румънски",
"roa":"романски",
"rom":"цигански език",
"root":"роот",
"ru":"руски",
"rup":"арумънски",
"rw":"киняруанда",
"sa":"санкскритски",
"sad":"сандве",
"sah":"якутски",
"sai":"южноамерикански индиански",
"sal":"салишански език",
"sam":"самаритански арамейски",
"sas":"сасак",
"sat":"сантали",
"sc":"сардински",
"scn":"сицилиански",
"sco":"шотландски",
"sd":"синдхи",
"se":"северен сами",
"sel":"селкуп",
"sem":"семитски",
"sg":"санго",
"sga":"староирландски",
"sgn":"жестомимичен език",
"sh":"сърбохърватски",
"shn":"шан",
"si":"синхалски",
"sid":"сидамо",
"sio":"език сиу",
"sit":"синотибетски",
"sk":"словашки",
"sl":"словенски",
"sla":"славянски",
"sm":"самоански",
"sma":"южносаамски",
"smi":"саамски езици",
"smj":"луле-саамски",
"smn":"инари-саамски",
"sms":"сколт-саамски",
"sn":"шона",
"snk":"сонинке",
"so":"сомалийски",
"sog":"согдийски",
"son":"сонгхай",
"sq":"албански",
"sr":"сръбски",
"srn":"сранан тонго",
"srr":"серер",
"ss":"суази",
"ssa":"нило-сахарски език",
"st":"сесуто",
"su":"сундански",
"suk":"сукума",
"sus":"сусу",
"sux":"шумерски",
"sv":"шведски",
"sw":"суахили",
"swb":"коморски",
"syc":"класически сирийски",
"syr":"сирийски",
"ta":"тамилски",
"tai":"тайландски",
"te":"телугу",
"tem":"темне",
"ter":"терено",
"tet":"тетум",
"tg":"таджикски",
"th":"тайски",
"ti":"тигриня",
"tig":"тигре",
"tiv":"тив",
"tk":"туркменски",
"tkl":"токелайски",
"tl":"тагалог",
"tlh":"клингон",
"tli":"тлингит",
"tmh":"тамашек",
"tn":"тсвана",
"to":"тонга",
"tog":"нианса тонга",
"tpi":"ток писин",
"tr":"турски",
"ts":"тсонга",
"tsi":"цимшиански",
"tt":"татарски",
"tum":"тумбука",
"tup":"тупи",
"tut":"алтайски",
"tvl":"тувалуански",
"tw":"туи",
"ty":"таитянски",
"tyv":"тувински",
"udm":"удмуртски",
"ug":"уйгурски",
"uga":"угаритски",
"uk":"украински",
"umb":"умбунду",
"und":"неопределен",
"ur":"урду",
"uz":"узбекски",
"vai":"ваи",
"ve":"венда",
"vi":"виетнамски",
"vo":"волапюк",
"vot":"вотик",
"wa":"валонски",
"wak":"вакашански език",
"wal":"валамо",
"war":"варай",
"was":"уашо",
"wen":"лужишки език",
"wo":"волоф",
"xal":"калмик",
"xh":"ксоса",
"yao":"яо",
"yap":"япезе",
"yi":"идиш",
"yo":"йоруба",
"ypk":"юпик",
"yue":"кантонски",
"za":"зуанг",
"zap":"запотек",
"zbl":"блис символи",
"zen":"зенага",
"zgh":"стандартен марокански тамазигт",
"zh":"китайски",
"zh_Hans":"опростен китайски",
"zh_Hant":"традиционен китайски",
"znd":"занде",
"zu":"зулуски",
"zun":"зуни",
"zxx":"без лингвистично съдържание",
"zza":"заза"
},
"scripts":{
"Arab":"арабска",
"Armi":"Арамейска",
"Armn":"арменска",
"Avst":"Авестанска",
"Bali":"Балийски",
"Batk":"Батакска",
"Beng":"бенгалска",
"Blis":"Блис символи",
"Bopo":"бопомофо",
"Brah":"Брахми",
"Brai":"Брайлова",
"Bugi":"Бугинска",
"Buhd":"Бухид",
"Cakm":"Чакма",
"Cans":"Унифицирани символи на канадски аборигени",
"Cari":"Карийска",
"Cham":"Хамитска",
"Cher":"Чероки",
"Cirt":"Кирт",
"Copt":"Коптска",
"Cprt":"Кипърска",
"Cyrl":"кирилица",
"Cyrs":"Стар църковно-славянски вариант Кирилица",
"Deva":"деванагари",
"Dsrt":"Дезерет",
"Egyd":"Египетско демотично писмо",
"Egyh":"Египетско йератично писмо",
"Egyp":"Египетски йероглифи",
"Ethi":"етиопска",
"Geok":"Грузинска хуцури",
"Geor":"грузинска",
"Glag":"Глаголическа",
"Goth":"Готическа",
"Grek":"гръцка",
"Gujr":"гуджарати",
"Guru":"гурмукхи",
"Hang":"хангъл",
"Hani":"китайска",
"Hano":"Хануну",
"Hans":"опростен китайски",
"Hant":"традиционен",
"Hebr":"иврит",
"Hira":"хирагана",
"Hmng":"Пахау хмонг",
"Hrkt":"Катакана или Хирагана",
"Hung":"Староунгарска",
"Inds":"Харапска",
"Ital":"Древно италийска",
"Java":"Яванска",
"Jpan":"японска",
"Kali":"Кая Ли",
"Kana":"катакана",
"Khar":"Кхароштхи",
"Khmr":"кхмерска",
"Knda":"каннада",
"Kore":"корейска",
"Kthi":"Кайтхи",
"Lana":"Ланна",
"Laoo":"лаоска",
"Latf":"Латинска фрактура",
"Latg":"Галска латинска",
"Latn":"латиница",
"Lepc":"Лепча",
"Limb":"Лимбу",
"Lina":"Линейна А",
"Linb":"Линейна Б",
"Lyci":"Лицийска",
"Lydi":"Лидийска",
"Mand":"Мандаринска",
"Mani":"Манихейска",
"Maya":"Йероглифи на Маите",
"Mero":"Мероитска",
"Mlym":"малаялам",
"Mong":"монголска",
"Moon":"Мун",
"Mtei":"Манипури",
"Mymr":"бирманска",
"Nkoo":"Н'Ко",
"Ogam":"Огамическа",
"Olck":"Ол Чики",
"Orkh":"Орхоно-енисейска",
"Orya":"ория",
"Osma":"Османска",
"Perm":"Древно пермска",
"Phag":"Фагс-па",
"Phlv":"Пахлавска",
"Phnx":"Финикийска",
"Plrd":"Писменост Полард",
"Roro":"Ронго-ронго",
"Runr":"Руническа",
"Samr":"Самаританска",
"Sara":"Сарати",
"Saur":"Саураштра",
"Sinh":"синхалска",
"Sund":"Сунданска",
"Sylo":"Силоти Нагри",
"Syrc":"Сирийска",
"Syre":"Сирийска естрангело",
"Syrj":"Западна сирийска",
"Syrn":"Източна сирийска",
"Tagb":"Тагбанва",
"Tale":"Тай Ле",
"Talu":"Нова Тай Ле",
"Taml":"тамилска",
"Telu":"телугу",
"Tglg":"Тагалог",
"Thaa":"таана",
"Thai":"тайска",
"Tibt":"тибетска",
"Ugar":"Угаритска",
"Vaii":"Вайска",
"Visp":"Видима реч",
"Xpeo":"Староперсийска",
"Xsux":"Шумеро-акадски клинопис",
"Yiii":"Йи",
"Zmth":"Математически символи",
"Zsym":"символи",
"Zxxx":"без писменост",
"Zyyy":"обща",
"Zzzz":"непозната писменост"
},
"territories":{
"001":"Земята",
"002":"Африка",
"003":"Северноамерикански континент",
"005":"Южна Америка",
"009":"Океания",
"011":"Западна Афирка",
"013":"Централна Америка",
"014":"Източна Африка",
"015":"Северна Африка",
"017":"Централна Африка",
"018":"Южноафрикански регион",
"019":"Америка",
"021":"Северна Америка",
"029":"Карибски регион",
"030":"Източна Азия",
"034":"Южна Азия",
"035":"Югоизточна Азия",
"039":"Южна Европа",
"053":"Австралазия",
"054":"Меланезия",
"057":"Микронезия",
"061":"Полинезия",
"142":"Азия",
"143":"Централна Азия",
"145":"Западна Азия",
"150":"Европа",
"151":"Източна Европа",
"154":"Северна Европа",
"155":"Западна Европа",
"419":"Латинска Америка",
"AC":"остров Възнесение",
"AD":"Андора",
"AE":"Обединени арабски емирства",
"AF":"Афганистан",
"AG":"Антигуа и Барбуда",
"AI":"Ангуила",
"AL":"Албания",
"AM":"Армения",
"AN":"Холандски Антили",
"AO":"Ангола",
"AQ":"Антарктика",
"AR":"Аржентина",
"AS":"Американска Самоа",
"AT":"Австрия",
"AU":"Австралия",
"AW":"Аруба",
"AX":"Оландски острови",
"AZ":"Азербайджан",
"BA":"Босна и Херцеговина",
"BB":"Барбадос",
"BD":"Бангладеш",
"BE":"Белгия",
"BF":"Буркина Фасо",
"BG":"България",
"BH":"Бахрейн",
"BI":"Бурунди",
"BJ":"Бенин",
"BL":"Сен Бартелеми",
"BM":"Бермуда",
"BN":"Бруней Дарусалам",
"BO":"Боливия",
"BQ":"Карибска Нидерландия",
"BR":"Бразилия",
"BS":"Бахами",
"BT":"Бутан",
"BV":"остров Буве",
"BW":"Ботсвана",
"BY":"Беларус",
"BZ":"Белиз",
"CA":"Канада",
"CC":"Кокосови острови (острови Кийлинг)",
"CD":"Демократична република Конго",
"CF":"Централноафриканска Република",
"CG":"Конго",
"CH":"Швейцария",
"CI":"Кот д'Ивоар",
"CK":"острови Кук",
"CL":"Чили",
"CM":"Камерун",
"CN":"Китай",
"CO":"Колумбия",
"CP":"остров Клипертон",
"CR":"Коста Рика",
"CU":"Куба",
"CV":"Кабо Верде",
"CW":"Кюрасао",
"CX":"Остров Рождество",
"CY":"Кипър",
"CZ":"Чехия",
"DE":"Германия",
"DG":"Диего Гарсия",
"DJ":"Джибути",
"DK":"Дания",
"DM":"Доминика",
"DO":"Доминиканска република",
"DZ":"Алжир",
"EA":"Сеута и Мелия",
"EC":"Еквадор",
"EE":"Естония",
"EG":"Египет",
"EH":"Западна Сахара",
"ER":"Еритрея",
"ES":"Испания",
"ET":"Етиопия",
"EU":"Европейски съюз",
"FI":"Финландия",
"FJ":"Фиджи",
"FK":"Фолклендски острови",
"FM":"Федерални щати на Микронезия",
"FO":"Фарьорски острови",
"FR":"Франция",
"GA":"Габон",
"GB":"Великобритания",
"GD":"Гренада",
"GE":"Грузия",
"GF":"Френска Гвиана",
"GG":"о. Гърнси",
"GH":"Гана",
"GI":"Гибралтар",
"GL":"Гренландия",
"GM":"Гамбия",
"GN":"Гвинея",
"GP":"Гваделупа",
"GQ":"Екваториална Гвинея",
"GR":"Гърция",
"GS":"Южна Джорджия и Южни Сандвичеви острови",
"GT":"Гватемала",
"GU":"Гуам",
"GW":"Гвинея-Бисау",
"GY":"Гаяна",
"HK":"Хонконг САР на Китай",
"HM":"остров Хърд и острови Макдоналд",
"HN":"Хондурас",
"HR":"Хърватия",
"HT":"Хаити",
"HU":"Унгария",
"IC":"Канарски острови",
"ID":"Индонезия",
"IE":"Ирландия",
"IL":"Израел",
"IM":"Остров Ман",
"IN":"Индия",
"IO":"Британска територия в Индийския океан",
"IQ":"Ирак",
"IR":"Иран",
"IS":"Исландия",
"IT":"Италия",
"JE":"Джърси",
"JM":"Ямайка",
"JO":"Йордания",
"JP":"Япония",
"KE":"Кения",
"KG":"Киргизстан",
"KH":"Камбоджа",
"KI":"Кирибати",
"KM":"Коморски острови",
"KN":"Сейнт Китс и Невис",
"KP":"Северна Корея",
"KR":"Южна Корея",
"KW":"Кувейт",
"KY":"Кайманови острови",
"KZ":"Казахстан",
"LA":"Лаос",
"LB":"Ливан",
"LC":"Сейнт Лусия",
"LI":"Лихтенщайн",
"LK":"Шри Ланка",
"LR":"Либерия",
"LS":"Лесото",
"LT":"Литва",
"LU":"Люксембург",
"LV":"Латвия",
"LY":"Либия",
"MA":"Мароко",
"MC":"Монако",
"MD":"Молдова",
"ME":"Черна гора",
"MF":"Сен Мартен",
"MG":"Мадагаскар",
"MH":"Маршалови острови",
"MK":"Македония",
"ML":"Мали",
"MM":"Мианмар (Бирма)",
"MN":"Монголия",
"MO":"Макао САР на Китай",
"MP":"Северни Мариански острови",
"MQ":"Мартиника",
"MR":"Мавритания",
"MS":"Монсерат",
"MT":"Малта",
"MU":"Мавриций",
"MV":"Малдиви",
"MW":"Малави",
"MX":"Мексико",
"MY":"Малайзия",
"MZ":"Мозамбик",
"NA":"Намибия",
"NC":"Нова Каледония",
"NE":"Нигер",
"NF":"остров Норфолк",
"NG":"Нигерия",
"NI":"Никарагуа",
"NL":"Нидерландия",
"NO":"Норвегия",
"NP":"Непал",
"NR":"Науру",
"NU":"Ниуе",
"NZ":"Нова Зеландия",
"OM":"Оман",
"PA":"Панама",
"PE":"Перу",
"PF":"Френска Полинезия",
"PG":"Папуа Нова Гвинея",
"PH":"Филипини",
"PK":"Пакистан",
"PL":"Полша",
"PM":"Сен Пиер и Микелон",
"PN":"Острови Питкерн",
"PR":"Пуерто Рико",
"PS":"Палестински територии",
"PT":"Португалия",
"PW":"Палау",
"PY":"Парагвай",
"QA":"Катар",
"QO":"отдалечени острови на Океания",
"RE":"Реюнион",
"RO":"Румъния",
"RS":"Сърбия",
"RU":"Русия",
"RW":"Руанда",
"SA":"Саудитска Арабия",
"SB":"Соломонови острови",
"SC":"Сейшели",
"SD":"Судан",
"SE":"Швеция",
"SG":"Сингапур",
"SH":"Света Елена",
"SI":"Словения",
"SJ":"Свалбард и Ян Майен",
"SK":"Словакия",
"SL":"Сиера Леоне",
"SM":"Сан Марино",
"SN":"Сенегал",
"SO":"Сомалия",
"SR":"Суринам",
"SS":"Южен Судан",
"ST":"Сао Томе и Принсипи",
"SV":"Салвадор",
"SX":"Синт Мартен",
"SY":"Сирия",
"SZ":"Свазиленд",
"TA":"Тристан да Куня",
"TC":"Острови Търкс и Кайкос",
"TD":"Чад",
"TF":"Френски южни територии",
"TG":"Того",
"TH":"Тайланд",
"TJ":"Таджикистан",
"TK":"Токелау",
"TL":"Източен Тимор",
"TM":"Туркменистан",
"TN":"Тунис",
"TO":"Тонга",
"TR":"Турция",
"TT":"Тринидад и Тобаго",
"TV":"Тувалу",
"TW":"Тайван",
"TZ":"Танзания",
"UA":"Украйна",
"UG":"Уганда",
"UM":"Отдалечени острови на САЩ",
"US":"САЩ",
"UY":"Уругвай",
"UZ":"Узбекистан",
"VA":"Ватикан",
"VC":"Сейнт Винсънт и Гренадини",
"VE":"Венецуела",
"VG":"Британски Вирджински острови",
"VI":"Вирджински острови, САЩ",
"VN":"Виетнам",
"VU":"Вануату",
"WF":"Уолис и Футуна",
"WS":"Самоа",
"XK":"Косово",
"YE":"Йемен",
"YT":"Майот",
"ZA":"Южна Африка",
"ZM":"Замбия",
"ZW":"Зимбабве",
"ZZ":"непознат регион"
},
"orientation":"left-to-right",
"dateFormat-full":"EEEE, d MMMM y 'г'.",
"dateFormat-long":"d MMMM y 'г'.",
"dateFormat-medium":"d.MM.y 'г'.",
"dateFormat-short":"d.MM.yy",
"timeFormat-full":"H:mm:ss zzzz",
"timeFormat-long":"H:mm:ss z",
"timeFormat-medium":"H:mm:ss",
"timeFormat-short":"H:mm",
"dateTimeFormat-full":"{1}, {0}",
"dateTimeFormat-long":"{1}, {0}",
"dateTimeFormat-medium":"{1}, {0}",
"dateTimeFormat-short":"{1}, {0}",
"intervalFormatFallback":"{0} – {1}",
"intervalFormat-d-d":"d – d",
"intervalFormat-h-a":"H – H",
"intervalFormat-h-h":"H – H",
"intervalFormat-H-H":"H – H",
"intervalFormat-hm-a":"H:mm – H:mm",
"intervalFormat-hm-h":"H:mm – H:mm",
"intervalFormat-hm-m":"H:mm – H:mm",
"intervalFormat-Hm-H":"H:mm – H:mm",
"intervalFormat-Hm-m":"H:mm – H:mm",
"intervalFormat-hmv-a":"H:mm – H:mm v",
"intervalFormat-hmv-h":"H:mm – H:mm v",
"intervalFormat-hmv-m":"H:mm – H:mm v",
"intervalFormat-Hmv-H":"H:mm – H:mm v",
"intervalFormat-Hmv-m":"H:mm – H:mm v",
"intervalFormat-hv-a":"H – H v",
"intervalFormat-hv-h":"H – H v",
"intervalFormat-Hv-H":"H – H v",
"intervalFormat-M-M":"M – M",
"intervalFormat-Md-d":"d.MM – d.MM",
"intervalFormat-Md-M":"d.MM – d.MM",
"intervalFormat-MEd-d":"E, d.MM – E, d.MM",
"intervalFormat-MEd-M":"E, d.MM – E, d.MM",
"intervalFormat-MMM-M":"MMM – MMM",
"intervalFormat-MMMd-d":"d – d MMM",
"intervalFormat-MMMd-M":"d MMM – d MMM",
"intervalFormat-MMMEd-d":"E, d MMM – E, d MMM",
"intervalFormat-MMMEd-M":"E, d MMM – E, d MMM",
"intervalFormat-y-y":"y – y 'г'.",
"intervalFormat-yM-M":"MM.y 'г'. – MM.y 'г'.",
"intervalFormat-yM-y":"MM.y 'г'. – MM.y 'г'.",
"intervalFormat-yMd-d":"d.MM – d.MM.y 'г'.",
"intervalFormat-yMd-M":"d.MM – d.MM.y 'г'.",
"intervalFormat-yMd-y":"d.MM.y 'г'. – d.MM.y 'г'.",
"intervalFormat-yMEd-d":"E, d.MM – E, d.MM.y 'г'.",
"intervalFormat-yMEd-M":"E, d.MM – E, d.MM.y 'г'.",
"intervalFormat-yMEd-y":"E, d.MM.y 'г'. – E, d.MM.y 'г'.",
"intervalFormat-yMMM-M":"MMM – MMM y 'г'.",
"intervalFormat-yMMM-y":"MMM y 'г'. – MMM y 'г'.",
"intervalFormat-yMMMd-d":"d – d MMM y 'г'.",
"intervalFormat-yMMMd-M":"d MMM – d MMM y 'г'.",
"intervalFormat-yMMMd-y":"d MMM y 'г'. – d MMM y 'г'.",
"intervalFormat-yMMMEd-d":"E, d MMM – E, d MMM y 'г'.",
"intervalFormat-yMMMEd-M":"E, d MMM – E, d MMM y 'г'.",
"intervalFormat-yMMMEd-y":"E, d MMM y 'г'. – E, d MMM y 'г'.",
"intervalFormat-yMMMM-M":"MMMM – MMMM y 'г'.",
"intervalFormat-yMMMM-y":"MMMM y 'г'. – MMMM y 'г'.",
"months-format-abbreviated":[
"ян.",
"февр.",
"март",
"апр.",
"май",
"юни",
"юли",
"авг.",
"септ.",
"окт.",
"ноем.",
"дек."],
"months-format-narrow":[
"я",
"ф",
"м",
"а",
"м",
"ю",
"ю",
"а",
"с",
"о",
"н",
"д"],
"months-format-wide":[
"януари",
"февруари",
"март",
"април",
"май",
"юни",
"юли",
"август",
"септември",
"октомври",
"ноември",
"декември"],
"months-standAlone-abbreviated":[
"ян.",
"февр.",
"март",
"апр.",
"май",
"юни",
"юли",
"авг.",
"септ.",
"окт.",
"ноем.",
"дек."],
"months-standAlone-narrow":[
"я",
"ф",
"м",
"а",
"м",
"ю",
"ю",
"а",
"с",
"о",
"н",
"д"],
"months-standAlone-wide":[
"януари",
"февруари",
"март",
"април",
"май",
"юни",
"юли",
"август",
"септември",
"октомври",
"ноември",
"декември"],
"days-format-abbreviated":[
"нд",
"пн",
"вт",
"ср",
"чт",
"пт",
"сб"],
"days-format-narrow":[
"н",
"п",
"в",
"с",
"ч",
"п",
"с"],
"days-format-short":[
"нд",
"пн",
"вт",
"ср",
"чт",
"пт",
"сб"],
"days-format-wide":[
"неделя",
"понеделник",
"вторник",
"сряда",
"четвъртък",
"петък",
"събота"],
"days-standAlone-abbreviated":[
"нд",
"пн",
"вт",
"ср",
"чт",
"пт",
"сб"],
"days-standAlone-narrow":[
"н",
"п",
"в",
"с",
"ч",
"п",
"с"],
"days-standAlone-short":[
"нд",
"пн",
"вт",
"ср",
"чт",
"пт",
"сб"],
"days-standAlone-wide":[
"неделя",
"понеделник",
"вторник",
"сряда",
"четвъртък",
"петък",
"събота"],
"quarters-format-abbreviated":[
"1 трим.",
"2 трим.",
"3 трим.",
"4 трим."],
"quarters-format-narrow":[
"1",
"2",
"3",
"4"],
"quarters-format-wide":[
"1-во тримесечие",
"2-ро тримесечие",
"3-то тримесечие",
"4-то тримесечие"],
"quarters-standAlone-abbreviated":[
"1 трим.",
"2 трим.",
"3 трим.",
"4 трим."],
"quarters-standAlone-narrow":[
"1",
"2",
"3",
"4"],
"quarters-standAlone-wide":[
"1-во тримесечие",
"2-ро тримесечие",
"3-то тримесечие",
"4-то тримесечие"],
"dayPeriods-format-abbreviated":[
"пр.об.",
"сл.об."],
"dayPeriods-format-narrow":[
"пр.об.",
"сл.об."],
"dayPeriods-format-wide":[
"пр.об.",
"сл.об."],
"dayPeriods-standAlone-abbreviated":[
"пр.об.",
"сл.об."],
"dayPeriods-standAlone-narrow":[
"пр.об.",
"сл.об."],
"dayPeriods-standAlone-wide":[
"пр.об.",
"сл.об."],
"decimalFormat":{
"standard":"#,##0.###"},
"decimalFormat-long":{
"1000-one":"0 хиляда",
"1000-other":"0 хиляди",
"10000-one":"00 хиляди",
"10000-other":"00 хиляди",
"100000-one":"000 Х",
"100000-other":"000 хиляди",
"1000000-one":"0 милион",
"1000000-other":"0 милиона",
"10000000-one":"00 милиона",
"10000000-other":"00 милиона",
"100000000-one":"000 милиона",
"100000000-other":"000 милиона",
"1000000000-one":"0 милиард",
"1000000000-other":"0 милиарда",
"10000000000-one":"00 милиарда",
"10000000000-other":"00 милиарда",
"100000000000-one":"000 милиарда",
"100000000000-other":"000 милиарда",
"1000000000000-one":"0 трилион",
"1000000000000-other":"0 трилиона",
"10000000000000-one":"00 трилиона",
"10000000000000-other":"00 трилиона",
"100000000000000-one":"000 трилиона",
"100000000000000-other":"000 трилиона"},
"decimalFormat-short":{
"1000-one":"0 хил'.'",
"1000-other":"0 хил'.'",
"10000-one":"00 хил'.'",
"10000-other":"00 хил'.'",
"100000-one":"000 хил'.'",
"100000-other":"000 хил'.'",
"1000000-one":"0 млн'.'",
"1000000-other":"0 млн'.'",
"10000000-one":"00 млн'.'",
"10000000-other":"00 млн'.'",
"100000000-one":"000 млн'.'",
"100000000-other":"000 млн'.'",
"1000000000-one":"0 млрд'.'",
"1000000000-other":"0 млрд'.'",
"10000000000-one":"00 млрд'.'",
"10000000000-other":"00 млрд'.'",
"100000000000-one":"000 млрд'.'",
"100000000000-other":"000 млрд'.'",
"1000000000000-one":"0 трлн'.'",
"1000000000000-other":"0 трлн'.'",
"10000000000000-one":"00 трлн'.'",
"10000000000000-other":"00 трлн'.'",
"100000000000000-one":"000 трлн'.'",
"100000000000000-other":"000 трлн'.'"},
"scientificFormat":{
"standard":"#E0"},
"percentFormat":{
"standard":"#,##0%"},
"currencyFormat":{
"standard":"#,##0.00 ¤"},
"symbols-latn-decimal":",",
"symbols-latn-group":" ",
"symbols-latn-list":";",
"symbols-latn-percentSign":"%",
"symbols-latn-plusSign":"+",
"symbols-latn-minusSign":"-",
"symbols-latn-exponential":"E",
"symbols-latn-superscriptingExponent":".",
"symbols-latn-perMille":"‰",
"symbols-latn-infinity":"∞",
"symbols-latn-nan":"NaN",
"currencyDigits":{
"ADP":0,
"AFN":0,
"ALL":0,
"AMD":0,
"BHD":3,
"BIF":0,
"BYR":0,
"CAD":2,
"CHF":2,
"CLF":0,
"CLP":0,
"COP":0,
"CRC":0,
"DEFAULT":2,
"DJF":0,
"ESP":0,
"GNF":0,
"GYD":0,
"HUF":0,
"IDR":0,
"IQD":0,
"IRR":0,
"ISK":0,
"ITL":0,
"JOD":3,
"JPY":0,
"KMF":0,
"KPW":0,
"KRW":0,
"KWD":3,
"LAK":0,
"LBP":0,
"LUF":0,
"LYD":3,
"MGA":0,
"MGF":0,
"MMK":0,
"MNT":0,
"MRO":0,
"MUR":0,
"OMR":3,
"PKR":0,
"PYG":0,
"RSD":0,
"RWF":0,
"SLL":0,
"SOS":0,
"STD":0,
"SYP":0,
"TMM":0,
"TND":3,
"TRL":0,
"TZS":0,
"TWD":2,
"UGX":0,
"UZS":0,
"VND":0,
"VUV":0,
"XAF":0,
"XOF":0,
"XPF":0,
"YER":0,
"ZMK":0,
"ZWD":0
},
"currencySymbols":{
"AUD":"A$",
"BRL":"R$",
"CAD":"CA$",
"CNY":"CN¥",
"EUR":"€",
"GBP":"£",
"HKD":"HK$",
"ILS":"₪",
"INR":"₹",
"JPY":"JP¥",
"KRW":"₩",
"MXN":"MX$",
"NZD":"NZ$",
"THB":"฿",
"TWD":"NT$",
"USD":"US$",
"VND":"₫",
"XAF":"FCFA",
"XCD":"EC$",
"XOF":"CFA",
"XPF":"CFPF"
},
"weekData-minDays":4,
"weekData-firstDay":1,
"weekData-weekendStart":6,
"weekData-weekendEnd":0
}