{
"__license":"This file has been derived from Unicode Common Locale Data Repository (CLDR) files (http://cldr.unicode.org). See the copyright and permission notice in the Unicode-Data-Files-LICENSE.txt available at the same location as this file or visit http://www.unicode.org/copyright.html",
"languages":{
"aa":"afar",
"ab":"abkhazeg",
"ach":"acoli",
"ada":"adangme",
"ady":"adygeieg",
"ae":"avesteg",
"af":"afrikaans",
"afh":"afrihili",
"agq":"aghem",
"ak":"akan",
"akk":"akadeg",
"alt":"altaieg ar Su",
"am":"amhareg",
"an":"aragoneg",
"ang":"hensaozneg",
"ar":"arabeg",
"arc":"arameeg",
"arn":"araoukaneg",
"arp":"arapaho",
"arw":"arawakeg",
"as":"asameg",
"asa":"asu",
"av":"avar",
"awa":"awadhi",
"ay":"aymara",
"az":"azeri",
"ba":"bachkir",
"bad":"banda",
"bal":"baloutchi",
"ban":"balineg",
"bas":"basaa",
"bat":"balteg",
"be":"belaruseg",
"bem":"bemba",
"ber":"berbereg",
"bez":"bena",
"bg":"bulgareg",
"bh":"bihari",
"bho":"bhojpuri",
"bi":"bislama",
"bik":"bikol",
"bin":"bini",
"bm":"bambara",
"bn":"bengali",
"bo":"tibetaneg",
"br":"brezhoneg",
"bra":"braj",
"brx":"bodo",
"bs":"bosneg",
"btk":"batak",
"bua":"bouriat",
"bug":"bugi",
"byn":"blin",
"ca":"katalaneg",
"cad":"caddo",
"car":"karibeg",
"ce":"tchetcheneg",
"ceb":"cebuano",
"cel":"keltieg",
"ch":"chamorru",
"chb":"chibcha",
"chm":"marieg",
"cho":"choktaw",
"chp":"chipewyan",
"chr":"cherokee",
"chy":"cheyenne",
"ckb":"kurdeg sorani",
"co":"korseg",
"cop":"kopteg",
"cr":"kri",
"crh":"turkeg Krimea",
"cs":"tchekeg",
"csb":"kachoubeg",
"cu":"slavoneg iliz",
"cv":"tchouvatch",
"cy":"kembraeg",
"da":"daneg",
"dak":"dakota",
"dar":"dargwa",
"day":"dayak",
"de":"alamaneg",
"de_AT":"alamaneg Aostria",
"de_CH":"alamaneg uhel Suis",
"del":"delaware",
"dgr":"dogrib",
"din":"dinka",
"doi":"dogri",
"dsb":"izelsorabeg",
"dv":"divehi",
"dyu":"dyula",
"dz":"dzongkha",
"ebu":"embu",
"ee":"ewe",
"efi":"efik",
"egy":"henegipteg",
"eka":"ekajuk",
"el":"gresianeg",
"elx":"elameg",
"en":"saozneg",
"en_AU":"saozneg Aostralia",
"en_CA":"saozneg Kanada",
"en_GB":"saozneg Breizh-Veur",
"en_US":"saozneg S.U.",
"enm":"krennsaozneg",
"eo":"esperanteg",
"es":"spagnoleg",
"es_419":"spagnoleg Amerika latin",
"es_ES":"spagnoleg Europa",
"et":"estoneg",
"eu":"euskareg",
"ewo":"ewondo",
"fa":"perseg",
"fan":"fang",
"fat":"fanti",
"fi":"finneg",
"fil":"filipineg",
"fiu":"finneg-ougrieg",
"fj":"fidjieg",
"fo":"faeroeg",
"fon":"fon",
"fr":"galleg",
"fr_CA":"galleg Kanada",
"fr_CH":"galleg Suis",
"frm":"krennc'halleg",
"fro":"henc'halleg",
"frr":"frizeg an Norzh",
"frs":"frizeg ar Reter",
"fur":"frioulaneg",
"fy":"frizeg ar C'hornôg",
"ga":"iwerzhoneg",
"gaa":"ga",
"gay":"gayo",
"gba":"gbaya",
"gd":"skoseg",
"gem":"germaneg",
"gez":"gezeg",
"gil":"gilberteg",
"gl":"galizeg",
"gn":"guarani",
"gor":"gorontalo",
"got":"goteg",
"grb":"grebo",
"grc":"henc'hresianeg",
"gsw":"alamaneg Suis",
"gu":"gujarati",
"gv":"manaveg",
"ha":"haousa",
"hai":"haida",
"haw":"hawaieg",
"he":"hebraeg",
"hi":"hindi",
"hil":"hiligaynon",
"him":"himachali",
"hmn":"hmong",
"ho":"hiri motu",
"hr":"kroateg",
"hsb":"uhelsorabeg",
"ht":"haitieg",
"hu":"hungareg",
"hup":"hupa",
"hy":"armenianeg",
"hz":"herero",
"ia":"interlingua",
"iba":"iban",
"ibb":"ibibio",
"id":"indonezeg",
"ie":"interlingue",
"ig":"igbo",
"ijo":"ijo",
"ik":"inupiaq",
"ine":"indezeuropeg",
"inh":"ingoucheg",
"io":"ido",
"is":"islandeg",
"it":"italianeg",
"iu":"inuktitut",
"ja":"japaneg",
"jpr":"yuzev-perseg",
"jrb":"yuzev-arabeg",
"jv":"javaneg",
"ka":"jorjianeg",
"kaa":"karakalpak",
"kab":"kabileg",
"kac":"kachin",
"kam":"kamba",
"kar":"karen",
"kbd":"kabardeg",
"kea":"kabuverdianu",
"kg":"kongo",
"kha":"khasi",
"kho":"khotaneg",
"ki":"kikuyu",
"kj":"kwanyama",
"kk":"kazak",
"km":"khmer",
"kmb":"kimbundu",
"kn":"kanareg",
"ko":"koreaneg",
"kok":"konkani",
"kos":"kosrae",
"kpe":"kpelle",
"kr":"kanouri",
"krc":"karatchay-balkar",
"kru":"kurukh",
"ks":"kashmiri",
"ku":"kurdeg",
"kut":"kutenai",
"kw":"kerneveureg",
"ky":"kirgiz",
"la":"latin",
"lad":"ladino",
"lah":"lahnda",
"lam":"lamba",
"lb":"luksembourgeg",
"lez":"lezgi",
"lg":"ganda",
"li":"limbourgeg",
"ln":"lingala",
"lo":"laoseg",
"lol":"mongo",
"loz":"lozi",
"lt":"lituaneg",
"lu":"luba-katanga",
"lua":"luba-lulua",
"lui":"luiseno",
"lun":"lunda",
"luo":"luo",
"lus":"lushai",
"luy":"luyia",
"lv":"latvieg",
"mag":"magahi",
"mai":"maithili",
"mas":"masai",
"mdf":"moksha",
"mdr":"mandar",
"men":"mende",
"mfe":"moriseg",
"mg":"malgacheg",
"mga":"krenniwerzhoneg",
"mh":"marshall",
"mi":"maori",
"mk":"makedoneg",
"ml":"malayalam",
"mn":"mongoleg",
"mnc":"manchou",
"mni":"manipuri",
"mo":"moldoveg",
"moh":"mohawk",
"mr":"marathi",
"ms":"malayseg",
"mt":"malteg",
"mul":"yezhoù lies",
"mus":"muskogi",
"my":"birmaneg",
"myn":"mayaeg",
"myv":"erza",
"na":"naurueg",
"nah":"nahuatl",
"nap":"napolitaneg",
"nb":"norvegeg bokmål",
"nd":"ndebele an Norzh",
"ne":"nepaleg",
"new":"newari",
"ng":"ndonga",
"nia":"nias",
"niu":"niue",
"nl":"nederlandeg",
"nl_BE":"flandrezeg",
"nn":"norvegeg nynorsk",
"no":"norvegeg",
"nog":"nogay",
"nr":"ndebele ar Su",
"nso":"sotho an Norzh",
"nv":"navac'ho",
"ny":"nyanja",
"nym":"nyamwezi",
"nyn":"nyankole",
"nyo":"nyoro",
"oc":"okitaneg",
"oj":"ojibwa",
"or":"oriya",
"os":"oseteg",
"osa":"osage",
"pa":"punjabi",
"pag":"pangasinan",
"pal":"pahlavi",
"pam":"pampanga",
"pap":"papiamento",
"pau":"palau",
"peo":"henberseg",
"phn":"fenikianeg",
"pi":"pali",
"pl":"poloneg",
"pon":"pohnpei",
"pro":"henbrovañseg",
"ps":"pachto",
"pt":"portugaleg",
"pt_BR":"portugaleg Brazil",
"pt_PT":"portugaleg Europa",
"qu":"kechuaeg",
"raj":"rajasthani",
"rap":"rapanui",
"rar":"rarotonga",
"rm":"romañcheg",
"rn":"rundi",
"ro":"roumaneg",
"rof":"rombo",
"rom":"romanieg",
"ru":"rusianeg",
"rup":"aroumaneg",
"rw":"kinyarwanda",
"rwk":"rwa",
"sa":"sanskriteg",
"sad":"sandawe",
"sah":"yakouteg",
"sas":"sasak",
"sat":"santali",
"sc":"sardeg",
"sco":"skoteg",
"sd":"sindhi",
"se":"sámi an Norzh",
"sem":"semiteg",
"sg":"sango",
"sga":"heniwerzhoneg",
"sgn":"yezh ar sinoù",
"sh":"serb-kroateg",
"shn":"shan",
"si":"singhaleg",
"sid":"sidamo",
"sk":"slovakeg",
"sl":"sloveneg",
"sla":"slaveg",
"sm":"samoan",
"sma":"sámi ar Su",
"smi":"sámi",
"smj":"sámi Luleå",
"smn":"sámi Inari",
"sms":"sámi Skolt",
"sn":"shona",
"snk":"soninke",
"so":"somali",
"sog":"sogdieg",
"son":"songhai",
"sq":"albaneg",
"sr":"serbeg",
"srr":"serer",
"ss":"swati",
"st":"sotho ar Su",
"su":"sundaneg",
"sux":"sumereg",
"sv":"svedeg",
"sw":"swahili",
"swb":"komoreg",
"syc":"sirieg klasel",
"syr":"sirieg",
"ta":"tamileg",
"te":"telougou",
"ter":"tereno",
"tet":"tetum",
"tg":"tadjik",
"th":"thai",
"ti":"tigrigna",
"tig":"tigreaneg",
"tiv":"tiv",
"tk":"turkmeneg",
"tkl":"tokelau",
"tl":"tagalog",
"tlh":"klingon",
"tli":"tinglit",
"tmh":"tamacheg",
"tn":"tswana",
"to":"tonga",
"tog":"nyasa tonga",
"tpi":"tok pisin",
"tr":"turkeg",
"ts":"tsonga",
"tsi":"tsimshian",
"tt":"tatar",
"tum":"tumbuka",
"tut":"altaieg",
"tvl":"tuvalu",
"tw":"twi",
"ty":"tahitianeg",
"tyv":"touva",
"udm":"oudmourteg",
"ug":"ouigoureg",
"uga":"ougariteg",
"uk":"ukraineg",
"umb":"umbundu",
"und":"yezh dianav",
"ur":"ourdou",
"uz":"ouzbekeg",
"vai":"vai",
"ve":"venda",
"vi":"vietnameg",
"vo":"volapük",
"vot":"votyakeg",
"wa":"walloneg",
"wae":"walser",
"wal":"walamo",
"war":"waray",
"was":"washo",
"wo":"wolof",
"xal":"kalmouk",
"xh":"xhosa",
"yao":"yao",
"yap":"yapeg",
"yi":"yiddish",
"yo":"yorouba",
"yue":"kantoneg",
"za":"zhuang",
"zap":"zapoteg",
"zen":"zenaga",
"zh":"sinaeg",
"zh_Hans":"sinaeg eeunaet",
"zh_Hant":"sinaeg hengounel",
"zu":"zouloueg",
"zun":"zuni",
"zxx":"diyezh"
},
"scripts":{
"Arab":"arabek",
"Armi":"arameek impalaerel",
"Armn":"armenianek",
"Avst":"avestek",
"Bali":"balinek",
"Beng":"bengali",
"Bopo":"bopomofo",
"Brai":"Braille",
"Copt":"koptek",
"Cyrl":"kirillek",
"Deva":"devanagari",
"Egyp":"hieroglifoù egiptek",
"Ethi":"etiopek",
"Geor":"jorjianek",
"Glag":"glagolitek",
"Goth":"gotek",
"Grek":"gresianek",
"Gujr":"gujarati",
"Guru":"gurmukhi",
"Hang":"hangeul",
"Hani":"han",
"Hans":"han eeunaet",
"Hant":"han hengounel",
"Hebr":"hebraek",
"Hira":"hiragana",
"Ital":"henitalek",
"Java":"javanek",
"Jpan":"japanek",
"Kana":"katakana",
"Khmr":"khmer",
"Knda":"kannada",
"Kore":"koreanek",
"Laoo":"laosek",
"Latg":"latin gouezelek",
"Latn":"latin",
"Maya":"hieroglifoù mayaek",
"Mlym":"malayalam",
"Mong":"mongolek",
"Mymr":"myanmar",
"Ogam":"ogam",
"Orya":"oriya",
"Runr":"runek",
"Sinh":"singhalek",
"Sund":"sundanek",
"Syrc":"siriek",
"Syrj":"siriek ar c'hornôg",
"Syrn":"siriek ar reter",
"Taml":"tamilek",
"Telu":"telougou",
"Tglg":"tagalog",
"Thaa":"thaana",
"Thai":"thai",
"Tibt":"tibetanek",
"Vaii":"vai",
"Xpeo":"persek kozh",
"Zsym":"arouezioù",
"Zxxx":"anskrivet",
"Zyyy":"boutin",
"Zzzz":"skritur dianav"
},
"territories":{
"001":"Bed",
"002":"Afrika",
"003":"Norzhamerika",
"005":"Suamerika",
"009":"Oseania",
"011":"Afrika ar Cʼhornôg",
"013":"Kreizamerika",
"014":"Afrika ar Reter",
"015":"Afrika an Norzh",
"017":"Afrika ar Cʼhreiz",
"018":"Afrika ar Su",
"019":"Amerikaoù",
"021":"Amerika an Norzh",
"029":"Karib",
"030":"Azia ar Reter",
"034":"Azia ar Su",
"035":"Azia ar Gevred",
"039":"Europa ar Su",
"053":"Aostralazia",
"054":"Melanezia",
"057":"Rannved Mikronezia",
"061":"Polinezia",
"142":"Azia",
"143":"Azia ar Cʼhreiz",
"145":"Azia ar Cʼhornôg",
"150":"Europa",
"151":"Europa ar Reter",
"154":"Europa an Norzh",
"155":"Europa ar Cʼhornôg",
"419":"Amerika Latin",
"AC":"Enez Ascension",
"AD":"Andorra",
"AE":"Emirelezhioù Arab Unanet",
"AF":"Afghanistan",
"AG":"Antigua ha Barbuda",
"AI":"Anguilla",
"AL":"Albania",
"AM":"Armenia",
"AN":"Antilhez Nederlandat",
"AO":"Angola",
"AQ":"Antarktika",
"AR":"Arcʼhantina",
"AS":"Samoa Amerikan",
"AT":"Aostria",
"AU":"Aostralia",
"AW":"Aruba",
"AX":"Inizi Åland",
"AZ":"Azerbaidjan",
"BA":"Bosnia ha Herzegovina",
"BB":"Barbados",
"BD":"Bangladesh",
"BE":"Belgia",
"BF":"Burkina Faso",
"BG":"Bulgaria",
"BH":"Bahrein",
"BI":"Burundi",
"BJ":"Benin",
"BL":"Saint Barthélemy",
"BM":"Bermuda",
"BN":"Brunei",
"BO":"Bolivia",
"BQ":"Nederlandat Karib",
"BR":"Brazil",
"BS":"Bahamas",
"BT":"Bhoutan",
"BV":"Enez Bouvet",
"BW":"Botswana",
"BY":"Belarus",
"BZ":"Belize",
"CA":"Kanada",
"CC":"Inizi Kokoz",
"CD":"Kongo - Kinshasa",
"CF":"Republik Kreizafrikan",
"CG":"Kongo - Brazzaville",
"CH":"Suis",
"CI":"Aod an Olifant",
"CK":"Inizi Cook",
"CL":"Chile",
"CM":"Kameroun",
"CN":"Sina",
"CO":"Kolombia",
"CP":"Enez Clipperton",
"CR":"Costa Rica",
"CU":"Kuba",
"CV":"Kab Glas",
"CW":"Curaçao",
"CX":"Enez Christmas",
"CY":"Kiprenez",
"CZ":"Republik Tchek",
"DE":"Alamagn",
"DG":"Diego Garcia",
"DJ":"Djibouti",
"DK":"Danmark",
"DM":"Dominica",
"DO":"Republik Dominikan",
"DZ":"Aljeria",
"EA":"Ceuta ha Melilla",
"EC":"Ecuador",
"EE":"Estonia",
"EG":"Egipt",
"EH":"Sahara ar Cʼhornôg",
"ER":"Eritrea",
"ES":"Spagn",
"ET":"Etiopia",
"EU":"Unaniezh Europa",
"FI":"Finland",
"FJ":"Fidji",
"FK":"Inizi Falkland",
"FM":"Mikronezia",
"FO":"Inizi Faero",
"FR":"Frañs",
"GA":"Gabon",
"GB":"Rouantelezh-Unanet",
"GD":"Grenada",
"GE":"Jorjia",
"GF":"Gwiana cʼhall",
"GG":"Gwernenez",
"GH":"Ghana",
"GI":"Jibraltar",
"GL":"Greunland",
"GM":"Gambia",
"GN":"Ginea",
"GP":"Gwadeloup",
"GQ":"Ginea ar Cʼheheder",
"GR":"Gres",
"GS":"Inizi Georgia ar Su hag Inizi Sandwich ar Su",
"GT":"Guatemala",
"GU":"Guam",
"GW":"Ginea-Bissau",
"GY":"Guyana",
"HK":"Hong Kong RMD Sina",
"HM":"Inizi Heard ha McDonald",
"HN":"Honduras",
"HR":"Kroatia",
"HT":"Haiti",
"HU":"Hungaria",
"IC":"Inizi Kanariez",
"ID":"Indonezia",
"IE":"Iwerzhon",
"IL":"Israel",
"IM":"Enez Vanav",
"IN":"India",
"IO":"Tiriad breizhveurat Meurvor Indez",
"IQ":"Iraq",
"IR":"Iran",
"IS":"Island",
"IT":"Italia",
"JE":"Jerzenez",
"JM":"Jamaika",
"JO":"Jordania",
"JP":"Japan",
"KE":"Kenya",
"KG":"Kyrgyzstan",
"KH":"Kambodja",
"KI":"Kiribati",
"KM":"Komorez",
"KN":"Saint Kitts ha Nevis",
"KP":"Korea an Norzh",
"KR":"Korea ar Su",
"KW":"Koweit",
"KY":"Inizi Cayman",
"KZ":"Kazakstan",
"LA":"Laos",
"LB":"Liban",
"LC":"Saint Lucia",
"LI":"Liechtenstein",
"LK":"Sri Lanka",
"LR":"Liberia",
"LS":"Lesotho",
"LT":"Lituania",
"LU":"Luksembourg",
"LV":"Latvia",
"LY":"Libia",
"MA":"Maroko",
"MC":"Monaco",
"MD":"Moldova",
"ME":"Montenegro",
"MF":"Saint Martin",
"MG":"Madagaskar",
"MH":"Inizi Marshall",
"MK":"Makedonia",
"ML":"Mali",
"MM":"Myanmar (Birmania)",
"MN":"Mongolia",
"MO":"Macau RMD Sina",
"MP":"Inizi Mariana an Norzh",
"MQ":"Martinik",
"MR":"Maouritania",
"MS":"Montserrat",
"MT":"Malta",
"MU":"Moris",
"MV":"Maldivez",
"MW":"Malawi",
"MX":"Mecʼhiko",
"MY":"Malaysia",
"MZ":"Mozambik",
"NA":"Namibia",
"NC":"Kaledonia Nevez",
"NE":"Niger",
"NF":"Enez Norfolk",
"NG":"Nigeria",
"NI":"Nicaragua",
"NL":"Izelvroioù",
"NO":"Norvegia",
"NP":"Nepal",
"NR":"Nauru",
"NU":"Niue",
"NZ":"Zeland-Nevez",
"OM":"Oman",
"PA":"Panamá",
"PE":"Perou",
"PF":"Polinezia cʼhall",
"PG":"Papoua Ginea-Nevez",
"PH":"Filipinez",
"PK":"Pakistan",
"PL":"Polonia",
"PM":"Sant-Pêr-ha-Mikelon",
"PN":"Enez Pitcairn",
"PR":"Puerto Rico",
"PS":"Tiriadoù Palestina",
"PT":"Portugal",
"PW":"Palau",
"PY":"Paraguay",
"QA":"Qatar",
"QO":"Oseania diabell",
"RE":"Reünion",
"RO":"Roumania",
"RS":"Serbia",
"RU":"Rusia",
"RW":"Rwanda",
"SA":"Arabia Saoudat",
"SB":"Salomon",
"SC":"Sechelez",
"SD":"Soudan",
"SE":"Sveden",
"SG":"Singapour",
"SH":"Saint Helena",
"SI":"Slovenia",
"SJ":"Svalbard",
"SK":"Slovakia",
"SL":"Sierra Leone",
"SM":"San Marino",
"SN":"Senegal",
"SO":"Somalia",
"SR":"Surinam",
"SS":"Su Soudan",
"ST":"São Tomé ha Príncipe",
"SV":"Salvador",
"SX":"Sint Maarten",
"SY":"Siria",
"SZ":"Swaziland",
"TA":"Tristan da Cunha",
"TC":"Inizi Turks ha Caicos",
"TD":"Tchad",
"TF":"Douaroù aostral Frañs",
"TG":"Togo",
"TH":"Thailand",
"TJ":"Tadjikistan",
"TK":"Tokelau",
"TL":"Timor-Leste",
"TM":"Turkmenistan",
"TN":"Tunizia",
"TO":"Tonga",
"TR":"Turkia",
"TT":"Trinidad ha Tobago",
"TV":"Tuvalu",
"TW":"Taiwan",
"TZ":"Tanzania",
"UA":"Ukraina",
"UG":"Ouganda",
"UM":"Inizi diabell ar Stadoù-Unanet",
"US":"Stadoù-Unanet",
"UY":"Uruguay",
"UZ":"Ouzbekistan",
"VA":"Vatikan",
"VC":"Sant Visant hag ar Grenadinez",
"VE":"Venezuela",
"VG":"Inizi Gwercʼh Breizh-Veur",
"VI":"Inizi Gwercʼh ar Stadoù-Unanet",
"VN":"Viêt Nam",
"VU":"Vanuatu",
"WF":"Wallis ha Futuna",
"WS":"Samoa",
"YE":"Yemen",
"YT":"Mayotte",
"ZA":"Suafrika",
"ZM":"Zambia",
"ZW":"Zimbabwe",
"ZZ":"Rannved dianav"
},
"orientation":"left-to-right",
"dateFormat-full":"y MMMM d, EEEE",
"dateFormat-long":"y MMMM d",
"dateFormat-medium":"y MMM d",
"dateFormat-short":"y-MM-dd",
"timeFormat-full":"HH:mm:ss zzzz",
"timeFormat-long":"HH:mm:ss z",
"timeFormat-medium":"HH:mm:ss",
"timeFormat-short":"HH:mm",
"dateTimeFormat-full":"{1} {0}",
"dateTimeFormat-long":"{1} {0}",
"dateTimeFormat-medium":"{1} {0}",
"dateTimeFormat-short":"{1} {0}",
"intervalFormatFallback":"{0} – {1}",
"intervalFormat-d-d":"d–d",
"intervalFormat-h-a":"h a – h a",
"intervalFormat-h-h":"h–h a",
"intervalFormat-H-H":"HH–HH",
"intervalFormat-hm-a":"h:mm a – h:mm a",
"intervalFormat-hm-h":"h:mm–h:mm a",
"intervalFormat-hm-m":"h:mm–h:mm a",
"intervalFormat-Hm-H":"HH:mm–HH:mm",
"intervalFormat-Hm-m":"HH:mm–HH:mm",
"intervalFormat-hmv-a":"h:mm a – h:mm a v",
"intervalFormat-hmv-h":"h:mm–h:mm a v",
"intervalFormat-hmv-m":"h:mm–h:mm a v",
"intervalFormat-Hmv-H":"HH:mm–HH:mm v",
"intervalFormat-Hmv-m":"HH:mm–HH:mm v",
"intervalFormat-hv-a":"h a – h a v",
"intervalFormat-hv-h":"h–h a v",
"intervalFormat-Hv-H":"HH–HH v",
"intervalFormat-M-M":"MM–MM",
"intervalFormat-Md-d":"MM-dd – MM-dd",
"intervalFormat-Md-M":"MM-dd – MM-dd",
"intervalFormat-MEd-d":"MM-dd, E – MM-dd, E",
"intervalFormat-MEd-M":"MM-dd, E – MM-dd, E",
"intervalFormat-MMM-M":"LLL–LLL",
"intervalFormat-MMMd-d":"MMM d–d",
"intervalFormat-MMMd-M":"MMM d – MMM d",
"intervalFormat-MMMEd-d":"MMM d, E – MMM d, E",
"intervalFormat-MMMEd-M":"MMM d, E – MMM d, E",
"intervalFormat-y-y":"y–y",
"intervalFormat-yM-M":"y-MM – y-MM",
"intervalFormat-yM-y":"y-MM – y-MM",
"intervalFormat-yMd-d":"y-MM-dd – y-MM-dd",
"intervalFormat-yMd-M":"y-MM-dd – y-MM-dd",
"intervalFormat-yMd-y":"y-MM-dd – y-MM-dd",
"intervalFormat-yMEd-d":"y-MM-dd, E – y-MM-dd, E",
"intervalFormat-yMEd-M":"y-MM-dd, E – y-MM-dd, E",
"intervalFormat-yMEd-y":"y-MM-dd, E – y-MM-dd, E",
"intervalFormat-yMMM-M":"y MMM–MMM",
"intervalFormat-yMMM-y":"y MMM – y MMM",
"intervalFormat-yMMMd-d":"y MMM d–d",
"intervalFormat-yMMMd-M":"y MMM d – MMM d",
"intervalFormat-yMMMd-y":"y MMM d – y MMM d",
"intervalFormat-yMMMEd-d":"y MMM d, E – MMM d, E",
"intervalFormat-yMMMEd-M":"y MMM d, E – MMM d, E",
"intervalFormat-yMMMEd-y":"y MMM d, E – y MMM d, E",
"intervalFormat-yMMMM-M":"y MMMM–MMMM",
"intervalFormat-yMMMM-y":"y MMMM – y MMMM",
"months-format-abbreviated":[
"Gen",
"Cʼhwe",
"Meur",
"Ebr",
"Mae",
"Mezh",
"Goue",
"Eost",
"Gwen",
"Here",
"Du",
"Ker"],
"months-format-narrow":[
"1",
"2",
"3",
"4",
"5",
"6",
"7",
"8",
"9",
"10",
"11",
"12"],
"months-format-wide":[
"Genver",
"Cʼhwevrer",
"Meurzh",
"Ebrel",
"Mae",
"Mezheven",
"Gouere",
"Eost",
"Gwengolo",
"Here",
"Du",
"Kerzu"],
"months-standAlone-abbreviated":[
"Gen",
"Cʼhwe",
"Meur",
"Ebr",
"Mae",
"Mezh",
"Goue",
"Eost",
"Gwen",
"Here",
"Du",
"Ker"],
"months-standAlone-narrow":[
"1",
"2",
"3",
"4",
"5",
"6",
"7",
"8",
"9",
"10",
"11",
"12"],
"months-standAlone-wide":[
"Genver",
"Cʼhwevrer",
"Meurzh",
"Ebrel",
"Mae",
"Mezheven",
"Gouere",
"Eost",
"Gwengolo",
"Here",
"Du",
"Kerzu"],
"days-format-abbreviated":[
"sul",
"lun",
"meu.",
"mer.",
"yaou",
"gwe.",
"sad."],
"days-format-narrow":[
"su",
"lu",
"mz",
"mc",
"ya",
"gw",
"sa"],
"days-format-short":[
"sul",
"lun",
"meu.",
"mer.",
"yaou",
"gwe.",
"sad."],
"days-format-wide":[
"Sul",
"Lun",
"Meurzh",
"Mercʼher",
"Yaou",
"Gwener",
"Sadorn"],
"days-standAlone-abbreviated":[
"sul",
"lun",
"meu.",
"mer.",
"yaou",
"gwe.",
"sad."],
"days-standAlone-narrow":[
"su",
"lu",
"mz",
"mc",
"ya",
"gw",
"sa"],
"days-standAlone-short":[
"sul",
"lun",
"meu.",
"mer.",
"yaou",
"gwe.",
"sad."],
"days-standAlone-wide":[
"Sul",
"Lun",
"Meurzh",
"Mercʼher",
"Yaou",
"Gwener",
"Sadorn"],
"quarters-format-abbreviated":[
"Q1",
"Q2",
"Q3",
"Q4"],
"quarters-format-narrow":[
"1",
"2",
"3",
"4"],
"quarters-format-wide":[
"Q1",
"Q2",
"Q3",
"Q4"],
"quarters-standAlone-abbreviated":[
"Q1",
"Q2",
"Q3",
"Q4"],
"quarters-standAlone-narrow":[
"1",
"2",
"3",
"4"],
"quarters-standAlone-wide":[
"Q1",
"Q2",
"Q3",
"Q4"],
"dayPeriods-format-abbreviated":[
"AM",
"PM"],
"dayPeriods-format-narrow":[
"AM",
"PM"],
"dayPeriods-format-wide":[
"AM",
"PM"],
"dayPeriods-standAlone-abbreviated":[
"AM",
"PM"],
"dayPeriods-standAlone-narrow":[
"AM",
"PM"],
"dayPeriods-standAlone-wide":[
"AM",
"PM"],
"decimalFormat":{
"standard":"#,##0.###"},
"decimalFormat-long":{
"1000-other":"0K",
"10000-other":"00K",
"100000-other":"000K",
"1000000-other":"0M",
"10000000-other":"00M",
"100000000-other":"000M",
"1000000000-other":"0G",
"10000000000-other":"00G",
"100000000000-other":"000G",
"1000000000000-other":"0T",
"10000000000000-other":"00T",
"100000000000000-other":"000T"},
"decimalFormat-short":{
"1000-other":"0K",
"10000-other":"00K",
"100000-other":"000K",
"1000000-other":"0M",
"10000000-other":"00M",
"100000000-other":"000M",
"1000000000-other":"0G",
"10000000000-other":"00G",
"100000000000-other":"000G",
"1000000000000-other":"0T",
"10000000000000-other":"00T",
"100000000000000-other":"000T"},
"scientificFormat":{
"standard":"#E0"},
"percentFormat":{
"standard":"#,##0%"},
"currencyFormat":{
"standard":"¤ #,##0.00"},
"symbols-latn-decimal":",",
"symbols-latn-group":" ",
"symbols-latn-list":";",
"symbols-latn-percentSign":"%",
"symbols-latn-plusSign":"+",
"symbols-latn-minusSign":"-",
"symbols-latn-exponential":"E",
"symbols-latn-superscriptingExponent":"×",
"symbols-latn-perMille":"‰",
"symbols-latn-infinity":"∞",
"symbols-latn-nan":"NaN",
"currencyDigits":{
"ADP":0,
"AFN":0,
"ALL":0,
"AMD":0,
"BHD":3,
"BIF":0,
"BYR":0,
"CAD":2,
"CHF":2,
"CLF":0,
"CLP":0,
"COP":0,
"CRC":0,
"DEFAULT":2,
"DJF":0,
"ESP":0,
"GNF":0,
"GYD":0,
"HUF":0,
"IDR":0,
"IQD":0,
"IRR":0,
"ISK":0,
"ITL":0,
"JOD":3,
"JPY":0,
"KMF":0,
"KPW":0,
"KRW":0,
"KWD":3,
"LAK":0,
"LBP":0,
"LUF":0,
"LYD":3,
"MGA":0,
"MGF":0,
"MMK":0,
"MNT":0,
"MRO":0,
"MUR":0,
"OMR":3,
"PKR":0,
"PYG":0,
"RSD":0,
"RWF":0,
"SLL":0,
"SOS":0,
"STD":0,
"SYP":0,
"TMM":0,
"TND":3,
"TRL":0,
"TZS":0,
"TWD":2,
"UGX":0,
"UZS":0,
"VND":0,
"VUV":0,
"XAF":0,
"XOF":0,
"XPF":0,
"YER":0,
"ZMK":0,
"ZWD":0
},
"currencySymbols":{
"AUD":"A$",
"BRL":"R$",
"CAD":"CA$",
"CNY":"CN¥",
"EUR":"€",
"GBP":"£",
"HKD":"HK$",
"ILS":"₪",
"INR":"₹",
"JPY":"JP¥",
"KRW":"₩",
"MXN":"MX$",
"NZD":"NZ$",
"THB":"฿",
"TWD":"NT$",
"USD":"US$",
"VND":"₫",
"XAF":"FCFA",
"XCD":"EC$",
"XOF":"CFA",
"XPF":"CFPF"
},
"weekData-minDays":4,
"weekData-firstDay":1,
"weekData-weekendStart":6,
"weekData-weekendEnd":0
}