{
"__license":"This file has been derived from Unicode Common Locale Data Repository (CLDR) files (http://cldr.unicode.org). See the copyright and permission notice in the Unicode-Data-Files-LICENSE.txt available at the same location as this file or visit http://www.unicode.org/copyright.html",
"languages":{
"aa":"àfar",
"ab":"abkhaz",
"ace":"atjeh",
"ach":"acoli",
"ada":"adangme",
"ady":"adigué",
"ae":"avèstic",
"af":"afrikaans",
"afa":"llengua afroasiàtica",
"afh":"afrihili",
"agq":"aghem",
"ain":"ainu",
"ak":"àkan",
"akk":"accadi",
"ale":"aleuta",
"alg":"llengua algonquina",
"alt":"altaic meridional",
"am":"amhàric",
"an":"aragonès",
"ang":"anglès antic",
"anp":"angika",
"apa":"llengua apatxe",
"ar":"àrab",
"ar_001":"àrab estàndard modern",
"arc":"arameu",
"arn":"araucà",
"arp":"arapaho",
"art":"llengua artificial",
"arw":"arauac",
"as":"assamès",
"asa":"pare",
"ast":"asturià",
"ath":"llengua atapascana",
"aus":"llengua australiana",
"av":"àvar",
"awa":"awadhi",
"ay":"aimara",
"az":"azerbaidjanès",
"ba":"baixkir",
"bad":"banda",
"bai":"bamileké",
"bal":"balutxi",
"ban":"balinès",
"bas":"basa",
"bat":"llengua bàltica",
"bax":"bamun",
"bbj":"ghomala",
"be":"bielorús",
"bej":"beja",
"bem":"bemba",
"ber":"berber",
"bez":"bena",
"bfd":"bafut",
"bg":"búlgar",
"bh":"bihari",
"bho":"bhojpuri",
"bi":"bislama",
"bik":"bicol",
"bin":"bini",
"bkm":"kom",
"bla":"blackfoot",
"bm":"bambara",
"bn":"bengalí",
"bnt":"bantu",
"bo":"tibetà",
"br":"bretó",
"bra":"braj",
"brx":"bodo",
"bs":"bosnià",
"bss":"akoose",
"btk":"batak",
"bua":"buriat",
"bug":"bugui",
"bum":"seki",
"byn":"bilin",
"byv":"medumba",
"ca":"català",
"cad":"caddo",
"cai":"llengua ameríndia d'Amèrica Central",
"car":"carib",
"cau":"llengua caucàsica",
"cay":"cayuga",
"cch":"atsam",
"ce":"txetxè",
"ceb":"cebuà",
"cel":"llengua cèltica",
"cgg":"chiga",
"ch":"chamorro",
"chb":"txibtxa",
"chg":"txagatai",
"chk":"chuuk",
"chm":"mari",
"chn":"pidgin chinook",
"cho":"choctaw",
"chp":"chipewyan",
"chr":"cherokee",
"chy":"xeienne",
"ckb":"kurd sorani",
"cmc":"txam",
"co":"cors",
"cop":"copte",
"cpe":"llengua criolla o pidgin basada en l'anglès",
"cpf":"llengua criolla o pidgin basada en el francès",
"cpp":"llengua criolla o pidgin basada en el portuguès",
"cr":"cree",
"crh":"tàtar de Crimea",
"crp":"llengua criolla o pidgin",
"cs":"txec",
"csb":"caixubi",
"cu":"eslau eclesiàstic",
"cus":"llengua cuixítica",
"cv":"txuvaix",
"cy":"gal·lès",
"da":"danès",
"dak":"dakota",
"dar":"darguà",
"dav":"taita",
"day":"daiak",
"de":"alemany",
"de_AT":"alemany austríac",
"de_CH":"alt alemany suís",
"del":"delaware",
"den":"slavey",
"dgr":"dogrib",
"din":"dinka",
"dje":"zarma",
"doi":"dogri",
"dra":"llengua dravídica",
"dsb":"baix sòrab",
"dua":"duala",
"dum":"neerlandès mitjà",
"dv":"divehi",
"dyo":"jola-fonyi",
"dyu":"jula",
"dz":"dzongka",
"dzg":"dazaga",
"ebu":"embu",
"ee":"ewe",
"efi":"efik",
"egy":"egipci antic",
"eka":"ekajuk",
"el":"grec",
"elx":"elamita",
"en":"anglès",
"en_AU":"anglès australià",
"en_CA":"anglès canadenc",
"en_GB":"anglès britànic",
"en_US":"anglès americà",
"enm":"anglès mitjà",
"eo":"esperanto",
"es":"espanyol",
"es_419":"espanyol hispanoamericà",
"es_ES":"espanyol europeu",
"es_MX":"espanyol de Mèxic",
"et":"estonià",
"eu":"basc",
"ewo":"ewondo",
"fa":"persa",
"fan":"fang",
"fat":"fanti",
"ff":"ful",
"fi":"finès",
"fil":"filipí",
"fiu":"llengua finoúgrica",
"fj":"fijià",
"fo":"feroès",
"fon":"fon",
"fr":"francès",
"fr_CA":"francès canadenc",
"fr_CH":"francès suís",
"frm":"francès mitjà",
"fro":"francès antic",
"frr":"frisó septentrional",
"frs":"frisó occidental",
"fur":"friülà",
"fy":"frisó oriental",
"ga":"irlandès",
"gaa":"ga",
"gay":"gayo",
"gba":"gbaya",
"gd":"gaèlic escocès",
"gem":"llengua germànica",
"gez":"gueez",
"gil":"gilbertès",
"gl":"gallec",
"gmh":"alt alemany mitjà",
"gn":"guaraní",
"goh":"alt alemany antic",
"gon":"gondi",
"gor":"gorontalo",
"got":"gòtic",
"grb":"grebo",
"grc":"grec antic",
"gsw":"alemany suís",
"gu":"gujarati",
"guz":"gusí",
"gv":"manx",
"gwi":"gwichin",
"ha":"haussa",
"hai":"haida",
"haw":"hawaià",
"he":"hebreu",
"hi":"hindi",
"hil":"hiligainon",
"him":"himachali",
"hit":"hitita",
"hmn":"hmong",
"ho":"hiri motu",
"hr":"croat",
"hsb":"alt sòrab",
"ht":"haitià",
"hu":"hongarès",
"hup":"hupa",
"hy":"armeni",
"hz":"herero",
"ia":"interlingua",
"iba":"iban",
"ibb":"ibibio",
"id":"indonesi",
"ie":"interlingue",
"ig":"igbo",
"ii":"yi sichuan",
"ijo":"ijo",
"ik":"inupiak",
"ilo":"ilocà",
"inc":"llengua índica",
"ine":"llengua indoeuropea",
"inh":"ingúix",
"io":"ido",
"ira":"llengua irànica",
"iro":"iroquès",
"is":"islandès",
"it":"italià",
"iu":"inuktitut",
"ja":"japonès",
"jbo":"lojban",
"jmc":"machame",
"jpr":"judeopersa",
"jrb":"judeoàrab",
"jv":"javanès",
"ka":"georgià",
"kaa":"karakalpak",
"kab":"cabilenc",
"kac":"katxin",
"kaj":"jju",
"kam":"kamba",
"kar":"karen",
"kaw":"kawi",
"kbd":"kabardí",
"kbl":"kanembu",
"kcg":"tyap",
"kde":"makonde",
"kea":"crioll capverdià",
"kfo":"koro",
"kg":"kongo",
"kha":"khasi",
"khi":"llengua khoisan",
"kho":"khotanès",
"khq":"koyra chiini",
"ki":"kikuiu",
"kj":"kuanyama",
"kk":"kazakh",
"kkj":"kako",
"kl":"grenlandès",
"kln":"kalenjin",
"km":"khmer",
"kmb":"kimbundu",
"kn":"kannada",
"ko":"coreà",
"kok":"konkani",
"kos":"kosraeà",
"kpe":"kpelle",
"kr":"kanuri",
"krc":"karatxai",
"krl":"carelià",
"kro":"kru",
"kru":"kurukh",
"ks":"caixmiri",
"ksb":"shambala",
"ksf":"bafia",
"ksh":"colognian",
"ku":"kurd",
"kum":"kúmik",
"kut":"kutenai",
"kv":"komi",
"kw":"còrnic",
"ky":"kirguís",
"la":"llatí",
"lad":"ladí",
"lag":"langi",
"lah":"panjabi occidental",
"lam":"lamba",
"lb":"luxemburguès",
"lez":"lesguià",
"lg":"ganda",
"li":"limburguès",
"ln":"lingala",
"lo":"laosià",
"lol":"mongo",
"loz":"lozi",
"lt":"lituà",
"lu":"luba katanga",
"lua":"luba-lulua",
"lui":"luisenyo",
"lun":"lunda",
"luo":"luo",
"lus":"mizo",
"luy":"luyia",
"lv":"letó",
"mad":"madurès",
"maf":"mafa",
"mag":"magahi",
"mai":"maithili",
"mak":"makassar",
"man":"mandinga",
"map":"llengua austronèsia",
"mas":"massai",
"mde":"maba",
"mdf":"mordovià moksa",
"mdr":"mandar",
"men":"mende",
"mer":"meru",
"mfe":"mauricià",
"mg":"malgaix",
"mga":"gaèlic irlandès mitjà",
"mgh":"makhuwa-metto",
"mh":"marshallès",
"mi":"maori",
"mic":"micmac",
"min":"minangkabau",
"mis":"llengua miscel·lània",
"mk":"macedoni",
"mkh":"llengua monkhmer",
"ml":"malaiàlam",
"mn":"mongol",
"mnc":"manxú",
"mni":"manipurí",
"mno":"llengua manobo",
"mo":"moldau",
"moh":"mohawk",
"mos":"moré",
"mr":"marathi",
"ms":"malai",
"mt":"maltès",
"mua":"mundang",
"mul":"llengües vàries",
"mun":"llengua munda",
"mus":"creek",
"mwl":"mirandès",
"mwr":"marwari",
"my":"birmà",
"mye":"myene",
"myn":"llengua maia",
"myv":"mordovià erza",
"na":"nauruà",
"nah":"nàhuatl",
"nai":"llengua ameríndia septentrional",
"nap":"napolità",
"naq":"nama",
"nb":"noruec bokmål",
"nd":"ndebele septentrional",
"nds":"baix alemany",
"ne":"nepalès",
"new":"newari",
"ng":"ndonga",
"nia":"nias",
"nic":"llengua nigerokurdufaniana",
"niu":"niueà",
"nl":"neerlandès",
"nl_BE":"flamenc",
"nmg":"bissio",
"nn":"noruec nynorsk",
"nnh":"ngiemboon",
"no":"noruec",
"nog":"nogai",
"non":"nòrdic antic",
"nqo":"n’Ko",
"nr":"ndebele meridional",
"nso":"sotho septentrional",
"nub":"llengua nubiana",
"nus":"nuer",
"nv":"navaho",
"nwc":"newari clàssic",
"ny":"nyanja",
"nym":"nyamwesi",
"nyn":"nyankole",
"nyo":"nyoro",
"nzi":"nzema",
"oc":"occità",
"oj":"ojibwa",
"om":"oromo",
"or":"oriya",
"os":"osset",
"osa":"osage",
"ota":"turc otomà",
"oto":"llengua otomangueana",
"pa":"panjabi",
"paa":"llengua papú",
"pag":"pangasi",
"pal":"pahlavi",
"pam":"pampangà",
"pap":"papiamento",
"pau":"palauà",
"peo":"persa antic",
"phi":"llengua filipina",
"phn":"fenici",
"pi":"pali",
"pl":"polonès",
"pon":"ponapeà",
"pra":"pràcrit",
"pro":"provençal antic",
"ps":"paixtu",
"pt":"portuguès",
"pt_BR":"portuguès del Brasil",
"pt_PT":"portuguès de Portugal",
"qu":"quítxua",
"raj":"rajasthani",
"rap":"rapanui",
"rar":"rarotongà",
"rm":"retoromànic",
"rn":"rundi",
"ro":"romanès",
"roa":"llengua romànica",
"rof":"rombo",
"rom":"romaní",
"root":"arrel",
"ru":"rus",
"rup":"aromanès",
"rw":"ruandès",
"rwk":"rwo",
"sa":"sànscrit",
"sad":"sandawe",
"sah":"iacut",
"sai":"llengua ameríndia meridional",
"sal":"llengua salish",
"sam":"arameu samarità",
"saq":"samburu",
"sas":"sasak",
"sat":"santali",
"sba":"ngambay",
"sbp":"sangu",
"sc":"sard",
"scn":"sicilià",
"sco":"escocès",
"sd":"sindhi",
"se":"sami septentrional",
"see":"seneca",
"seh":"sena",
"sel":"selkup",
"sem":"llengua semítica",
"ses":"koyraboro senni",
"sg":"sango",
"sga":"irlandès antic",
"sgn":"llengua de signes",
"sh":"serbocroat",
"shi":"tachelhit",
"shn":"xan",
"shu":"àrab txadià",
"si":"singalès",
"sid":"sidamo",
"sio":"llengua sioux",
"sit":"llengua sinotibetana",
"sk":"eslovac",
"sl":"eslovè",
"sla":"llengua eslava",
"sm":"samoà",
"sma":"sami meridional",
"smi":"llengua sami",
"smj":"sami lule",
"smn":"sami d'Inari",
"sms":"sami skolt",
"sn":"shona",
"snk":"soninke",
"so":"somali",
"sog":"sogdià",
"son":"songhai",
"sq":"albanès",
"sr":"serbi",
"srn":"sranan",
"srr":"serer",
"ss":"siswati",
"ssa":"llengua nilosahariana",
"ssy":"saho",
"st":"sotho meridional",
"su":"sundanès",
"suk":"sukuma",
"sus":"susú",
"sux":"sumeri",
"sv":"suec",
"sw":"suahili",
"swb":"comorià",
"swc":"suahili del Congo",
"syc":"siríac clàssic",
"syr":"siríac",
"ta":"tàmil",
"tai":"llengua tai",
"te":"telugu",
"tem":"temne",
"teo":"teso",
"ter":"terena",
"tet":"tetun",
"tg":"tadjik",
"th":"tailandès",
"ti":"tigrinya",
"tig":"tigre",
"tiv":"tiv",
"tk":"turcman",
"tkl":"tokelauès",
"tl":"tagàlog",
"tlh":"klingonià",
"tli":"tlingit",
"tmh":"tamazight",
"tn":"tswana",
"to":"tongalès",
"tog":"tonga",
"tpi":"tok pisin",
"tr":"turc",
"trv":"taroko",
"ts":"tsonga",
"tsi":"tsimshià",
"tt":"tàtar",
"tum":"tumbuka",
"tup":"llengua tupí",
"tut":"llengua altaica",
"tvl":"tuvaluà",
"tw":"twi",
"twq":"tasawaq",
"ty":"tahitià",
"tyv":"tuvinià",
"tzm":"amazic del Marroc central",
"udm":"udmurt",
"ug":"uigur",
"uga":"ugarític",
"uk":"ucraïnès",
"umb":"umbundu",
"und":"idioma desconegut",
"ur":"urdú",
"uz":"uzbek",
"vai":"vai",
"ve":"venda",
"vi":"vietnamita",
"vo":"volapük",
"vot":"vòtic",
"vun":"vunjo",
"wa":"való",
"wae":"walser",
"wak":"llengua wakash",
"wal":"ameto",
"war":"waray-waray",
"was":"washo",
"wen":"sòrab",
"wo":"wòlof",
"xal":"calmuc",
"xh":"xosa",
"xog":"soga",
"yao":"yao",
"yap":"yapeà",
"yav":"yangben",
"ybb":"yemba",
"yi":"jiddisch",
"yo":"ioruba",
"ypk":"llengua iupik",
"yue":"cantonès",
"za":"zhuang",
"zap":"zapoteca",
"zbl":"símbols Bliss",
"zen":"zenaga",
"zgh":"amazic estàndard marroquí",
"zh":"xinès",
"zh_Hans":"xinès simplificat",
"zh_Hant":"xinès tradicional",
"znd":"zande",
"zu":"zulu",
"zun":"zuni",
"zxx":"sense contingut lingüístic",
"zza":"zaza"
},
"scripts":{
"Afak":"afaka",
"Arab":"àrab",
"Armi":"arameu imperial",
"Armn":"armeni",
"Avst":"avèstic",
"Bali":"balinès",
"Bamu":"bamum",
"Bass":"bassa vah",
"Batk":"batak",
"Beng":"bengalí",
"Blis":"símbols Bliss",
"Bopo":"bopomofo",
"Brah":"brahmi",
"Brai":"braille",
"Bugi":"buginès",
"Buhd":"buhid",
"Cakm":"chakma",
"Cans":"síl·labes dels aborígens canadencs unificats",
"Cari":"carià",
"Cham":"cham",
"Cher":"cherokee",
"Cirt":"cirth",
"Copt":"copte",
"Cprt":"xipriota",
"Cyrl":"ciríl·lic",
"Cyrs":"ciríl·lic de l'antic eslau eclesiàstic",
"Deva":"devanagari",
"Dsrt":"deseret",
"Dupl":"taquigrafia Duployé",
"Egyd":"demòtic egipci",
"Egyh":"hieràtic egipci",
"Egyp":"jeroglífic egipci",
"Ethi":"etiòpic",
"Geok":"georgià hucuri",
"Geor":"georgià",
"Glag":"glagolític",
"Goth":"gòtic",
"Gran":"grantha",
"Grek":"grec",
"Gujr":"gujarati",
"Guru":"gurmukhi",
"Hang":"hangul",
"Hani":"han",
"Hano":"hanunoo",
"Hans":"simplificat",
"Hant":"tradicional",
"Hebr":"hebreu",
"Hira":"hiragana",
"Hluw":"jeroglífic anatoli",
"Hmng":"pahawh hmong",
"Hrkt":"katakana o hiragana",
"Hung":"hongarès antic",
"Inds":"escriptura de la vall de l'Indus",
"Ital":"cursiva antiga",
"Java":"javanès",
"Jpan":"japonès",
"Jurc":"jürchen",
"Kali":"kayah li",
"Kana":"katakana",
"Khar":"kharosthi",
"Khmr":"khmer",
"Khoj":"khoja",
"Knda":"kannada",
"Kore":"coreà",
"Kpel":"kpelle",
"Kthi":"kaithi",
"Lana":"lanna",
"Laoo":"lao",
"Latf":"llatí fraktur",
"Latg":"llatí gaèlic",
"Latn":"llatí",
"Lepc":"lepcha",
"Limb":"limbu",
"Lina":"lineal A",
"Linb":"lineal B",
"Lisu":"lisu",
"Loma":"loma",
"Lyci":"lici",
"Lydi":"lidi",
"Mand":"mandaic",
"Mani":"maniqueu",
"Maya":"jeroglífics maies",
"Mend":"mende",
"Merc":"cursiva meroítica",
"Mero":"meroític",
"Mlym":"malaiàlam",
"Mong":"mongol",
"Moon":"moon",
"Mroo":"mro",
"Mtei":"manipurí",
"Mymr":"birmà",
"Narb":"antic nord-aràbic",
"Nbat":"nabateu",
"Nkgb":"geba",
"Nkoo":"n’Ko",
"Nshu":"nü shu",
"Ogam":"ogham",
"Olck":"santali",
"Orkh":"orkhon",
"Orya":"oriya",
"Osma":"osmanya",
"Palm":"palmirè",
"Perm":"antic pèrmic",
"Phag":"phagspa",
"Phli":"pahlavi inscripcional",
"Phlp":"psalter pahlavi",
"Phlv":"pahlavi",
"Phnx":"fenici",
"Plrd":"pollard miao",
"Prti":"parthià inscripcional",
"Rjng":"rejang",
"Roro":"rongo-rongo",
"Runr":"rúnic",
"Samr":"samarità",
"Sara":"sarati",
"Sarb":"sud-aràbic antic",
"Saur":"saurashtra",
"Sgnw":"escriptura de signes",
"Shaw":"shavià",
"Shrd":"shrada",
"Sind":"devangari",
"Sinh":"singalès",
"Sora":"sora sompeng",
"Sund":"sundanès",
"Sylo":"syloti nagri",
"Syrc":"siríac",
"Syre":"siríac estrangelo",
"Syrj":"siríac occidental",
"Syrn":"siríac oriental",
"Tagb":"tagbanwa",
"Takr":"takri",
"Tale":"tai le",
"Talu":"nou tai lue",
"Taml":"tàmil",
"Tang":"tangut",
"Tavt":"tai viet",
"Telu":"telugu",
"Teng":"tengwar",
"Tfng":"tifinagh",
"Tglg":"tagàlog",
"Thaa":"thaana",
"Thai":"tailandès",
"Tibt":"tibetà",
"Tirh":"tirhut",
"Ugar":"ugarític",
"Vaii":"vai",
"Visp":"llenguatge visible",
"Wara":"varang kshiti",
"Wole":"woleai",
"Xpeo":"persa antic",
"Xsux":"cuneïforme sumeri-accadi",
"Yiii":"yi",
"Zinh":"heretat",
"Zmth":"notació matemàtica",
"Zsym":"símbols",
"Zxxx":"sense escriptura",
"Zyyy":"comú",
"Zzzz":"escriptura desconeguda"
},
"territories":{
"001":"Món",
"002":"Àfrica",
"003":"Amèrica del Nord",
"005":"Amèrica del Sud",
"009":"Oceania",
"011":"Àfrica Occidental",
"013":"Amèrica Central",
"014":"Àfrica Oriental",
"015":"Àfrica Septentrional",
"017":"Àfrica Central",
"018":"Àfrica Meridional",
"019":"Amèrica",
"021":"Amèrica Septentrional",
"029":"Carib",
"030":"Àsia Oriental",
"034":"Àsia Meridional",
"035":"Àsia Sud-oriental",
"039":"Europa Meridional",
"053":"Australàsia",
"054":"Melanèsia",
"057":"Regió de la Micronèsia",
"061":"Polinèsia",
"142":"Àsia",
"143":"Àsia Central",
"145":"Àsia Occidental",
"150":"Europa",
"151":"Europa Oriental",
"154":"Europa Septentrional",
"155":"Europa Occidental",
"419":"Amèrica Llatina",
"AC":"Illa de l'Ascensió",
"AD":"Andorra",
"AE":"Emirats Àrabs Units",
"AF":"Afganistan",
"AG":"Antigua i Barbuda",
"AI":"Anguilla",
"AL":"Albània",
"AM":"Armènia",
"AN":"Antilles Neerlandeses",
"AO":"Angola",
"AQ":"Antàrtida",
"AR":"Argentina",
"AS":"Samoa Nord-americana",
"AT":"Àustria",
"AU":"Austràlia",
"AW":"Aruba",
"AX":"Illes Åland",
"AZ":"Azerbaidjan",
"BA":"Bòsnia i Hercegovina",
"BB":"Barbados",
"BD":"Bangla Desh",
"BE":"Bèlgica",
"BF":"Burkina Faso",
"BG":"Bulgària",
"BH":"Bahrain",
"BI":"Burundi",
"BJ":"Benín",
"BL":"Saint Barthélemy",
"BM":"Bermudes",
"BN":"Brunei",
"BO":"Bolívia",
"BQ":"Carib Neerlandès",
"BR":"Brasil",
"BS":"Bahames",
"BT":"Bhutan",
"BV":"Bouvet",
"BW":"Botswana",
"BY":"Bielorússia",
"BZ":"Belize",
"CA":"Canadà",
"CC":"Illes Cocos",
"CD":"Congo - Kinshasa",
"CF":"República Centreafricana",
"CG":"Congo - Brazzaville",
"CH":"Suïssa",
"CI":"Costa d’Ivori",
"CK":"Illes Cook",
"CL":"Xile",
"CM":"Camerun",
"CN":"Xina",
"CO":"Colòmbia",
"CP":"Illa Clipperton",
"CR":"Costa Rica",
"CU":"Cuba",
"CV":"Cap Verd",
"CW":"Curaçao",
"CX":"Illa Christmas",
"CY":"Xipre",
"CZ":"República Txeca",
"DE":"Alemanya",
"DG":"Diego Garcia",
"DJ":"Djibouti",
"DK":"Dinamarca",
"DM":"Dominica",
"DO":"República Dominicana",
"DZ":"Algèria",
"EA":"Ceuta i Melilla",
"EC":"Equador",
"EE":"Estònia",
"EG":"Egipte",
"EH":"Sàhara Occidental",
"ER":"Eritrea",
"ES":"Espanya",
"ET":"Etiòpia",
"EU":"Unió Europea",
"FI":"Finlàndia",
"FJ":"Fiji",
"FK":"Illes Malvines",
"FM":"Micronèsia",
"FO":"Illes Fèroe",
"FR":"França",
"GA":"Gabon",
"GB":"Regne Unit",
"GD":"Grenada",
"GE":"Geòrgia",
"GF":"Guaiana Francesa",
"GG":"Guernsey",
"GH":"Ghana",
"GI":"Gibraltar",
"GL":"Grenlàndia",
"GM":"Gàmbia",
"GN":"Guinea",
"GP":"Guadeloupe",
"GQ":"Guinea Equatorial",
"GR":"Grècia",
"GS":"Illes Geòrgia del Sud i Sandwich del Sud",
"GT":"Guatemala",
"GU":"Guam",
"GW":"Guinea Bissau",
"GY":"Guyana",
"HK":"Hong Kong (RAE Xina)",
"HM":"Illa Heard i Illes McDonald",
"HN":"Hondures",
"HR":"Croàcia",
"HT":"Haití",
"HU":"Hongria",
"IC":"Illes Canàries",
"ID":"Indonèsia",
"IE":"Irlanda",
"IL":"Israel",
"IM":"Illa de Man",
"IN":"Índia",
"IO":"Territori Britànic de l'Oceà Índic",
"IQ":"Iraq",
"IR":"Iran",
"IS":"Islàndia",
"IT":"Itàlia",
"JE":"Jersey",
"JM":"Jamaica",
"JO":"Jordània",
"JP":"Japó",
"KE":"Kenya",
"KG":"Kirguizistan",
"KH":"Cambodja",
"KI":"Kiribati",
"KM":"Comores",
"KN":"Saint Christopher i Nevis",
"KP":"Corea del Nord",
"KR":"Corea del Sud",
"KW":"Kuwait",
"KY":"Illes Caiman",
"KZ":"Kazakhstan",
"LA":"Laos",
"LB":"Líban",
"LC":"Saint Lucia",
"LI":"Liechtenstein",
"LK":"Sri Lanka",
"LR":"Libèria",
"LS":"Lesotho",
"LT":"Lituània",
"LU":"Luxemburg",
"LV":"Letònia",
"LY":"Líbia",
"MA":"Marroc",
"MC":"Mònaco",
"MD":"Moldàvia",
"ME":"Montenegro",
"MF":"Saint Martin",
"MG":"Madagascar",
"MH":"Illes Marshall",
"MK":"Macedònia",
"ML":"Mali",
"MM":"Myanmar (Birmània)",
"MN":"Mongòlia",
"MO":"Macau (RAE Xina)",
"MP":"Illes Mariannes del Nord",
"MQ":"Martinica",
"MR":"Mauritània",
"MS":"Montserrat",
"MT":"Malta",
"MU":"Maurici",
"MV":"Maldives",
"MW":"Malawi",
"MX":"Mèxic",
"MY":"Malàisia",
"MZ":"Moçambic",
"NA":"Namíbia",
"NC":"Nova Caledònia",
"NE":"Níger",
"NF":"Norfolk",
"NG":"Nigèria",
"NI":"Nicaragua",
"NL":"Països Baixos",
"NO":"Noruega",
"NP":"Nepal",
"NR":"Nauru",
"NU":"Niue",
"NZ":"Nova Zelanda",
"OM":"Oman",
"PA":"Panamà",
"PE":"Perú",
"PF":"Polinèsia Francesa",
"PG":"Papua Nova Guinea",
"PH":"Filipines",
"PK":"Pakistan",
"PL":"Polònia",
"PM":"Saint-Pierre-et-Miquelon",
"PN":"Illes Pitcairn",
"PR":"Puerto Rico",
"PS":"Palestina",
"PT":"Portugal",
"PW":"Palau",
"PY":"Paraguai",
"QA":"Qatar",
"QO":"Territoris allunyats d'Oceania",
"RE":"Illa de la Reunió",
"RO":"Romania",
"RS":"Sèrbia",
"RU":"Rússia",
"RW":"Rwanda",
"SA":"Aràbia Saudita",
"SB":"Illes Salomó",
"SC":"Seychelles",
"SD":"Sudan",
"SE":"Suècia",
"SG":"Singapur",
"SH":"Saint Helena",
"SI":"Eslovènia",
"SJ":"Svalbard i Jan Mayen",
"SK":"Eslovàquia",
"SL":"Sierra Leone",
"SM":"San Marino",
"SN":"Senegal",
"SO":"Somàlia",
"SR":"Surinam",
"SS":"Sudan del Sud",
"ST":"São Tomé i Príncipe",
"SV":"El Salvador",
"SX":"Sint Maarten",
"SY":"Síria",
"SZ":"Swazilàndia",
"TA":"Tristão da Cunha",
"TC":"Illes Turks i Caicos",
"TD":"Txad",
"TF":"Territoris Francesos del Sud",
"TG":"Togo",
"TH":"Tailàndia",
"TJ":"Tadjikistan",
"TK":"Tokelau",
"TL":"Timor Oriental",
"TM":"Turkmenistan",
"TN":"Tunísia",
"TO":"Tonga",
"TR":"Turquia",
"TT":"Trinitat i Tobago",
"TV":"Tuvalu",
"TW":"Taiwan",
"TZ":"Tanzània",
"UA":"Ucraïna",
"UG":"Uganda",
"UM":"Illes Perifèriques Menors dels EUA",
"US":"Estats Units",
"UY":"Uruguai",
"UZ":"Uzbekistan",
"VA":"Ciutat del Vaticà",
"VC":"Saint Vincent i les Grenadines",
"VE":"Veneçuela",
"VG":"Illes Verges Britàniques",
"VI":"Illes Verges Nord-americanes",
"VN":"Vietnam",
"VU":"Vanuatu",
"WF":"Wallis i Futuna",
"WS":"Samoa",
"XK":"Kosovo",
"YE":"Iemen",
"YT":"Mayotte",
"ZA":"República de Sud-àfrica",
"ZM":"Zàmbia",
"ZW":"Zimbabwe",
"ZZ":"Regió desconeguda"
},
"orientation":"left-to-right",
"dateFormat-full":"EEEE, d MMMM 'de' y",
"dateFormat-long":"d MMMM 'de' y",
"dateFormat-medium":"dd/MM/y",
"dateFormat-short":"d/M/yy",
"timeFormat-full":"H.mm.ss zzzz",
"timeFormat-long":"H.mm.ss z",
"timeFormat-medium":"H.mm.ss",
"timeFormat-short":"H.mm",
"dateTimeFormat-full":"{1} {0}",
"dateTimeFormat-long":"{1} {0}",
"dateTimeFormat-medium":"{1} {0}",
"dateTimeFormat-short":"{1} {0}",
"intervalFormatFallback":"{0} - {1}",
"intervalFormat-d-d":"d-d",
"intervalFormat-h-a":"h a - h a",
"intervalFormat-h-h":"h-h a",
"intervalFormat-H-H":"H-H",
"intervalFormat-hm-a":"h.mm a -h.mm a",
"intervalFormat-hm-h":"h:mm-h:mm a",
"intervalFormat-hm-m":"h:mm-h:mm a",
"intervalFormat-Hm-H":"HH.mm-HH.mm",
"intervalFormat-Hm-m":"HH.mm-HH.mm",
"intervalFormat-hmv-a":"h:mm a - h:mm a v",
"intervalFormat-hmv-h":"h:mm–h:mm a v",
"intervalFormat-hmv-m":"h:mm-h:mm a v",
"intervalFormat-Hmv-H":"HH.mm-HH.mm v",
"intervalFormat-Hmv-m":"HH.mm-HH.mm v",
"intervalFormat-hv-a":"h a - h a v",
"intervalFormat-hv-h":"h-h a v",
"intervalFormat-Hv-H":"H-H v",
"intervalFormat-M-M":"M-M",
"intervalFormat-Md-d":"dd/MM - dd/MM",
"intervalFormat-Md-M":"dd/MM - dd/MM",
"intervalFormat-MEd-d":"E dd/MM - E dd/MM",
"intervalFormat-MEd-M":"E dd/MM - E dd/MM",
"intervalFormat-MMM-M":"LLL-LLL",
"intervalFormat-MMMd-d":"d-d MMM",
"intervalFormat-MMMd-M":"d MMM - d MMM",
"intervalFormat-MMMEd-d":"E d - E d MMM",
"intervalFormat-MMMEd-M":"E d MMM - E d MMM",
"intervalFormat-y-y":"y-y",
"intervalFormat-yM-M":"MM/y - MM/y",
"intervalFormat-yM-y":"MM/y - MM/y",
"intervalFormat-yMd-d":"dd/MM/y - dd/MM/y",
"intervalFormat-yMd-M":"dd/MM/y - dd/MM/y",
"intervalFormat-yMd-y":"dd/MM/y - dd/MM/y",
"intervalFormat-yMEd-d":"E dd/MM/y - E dd/MM/y",
"intervalFormat-yMEd-M":"E dd/MM/y - E dd/MM/y",
"intervalFormat-yMEd-y":"E dd/MM/y - E dd/MM/y",
"intervalFormat-yMMM-M":"LLL-LLL 'de' y",
"intervalFormat-yMMM-y":"LLL 'de' y - LLL 'de' y",
"intervalFormat-yMMMd-d":"d-d MMM 'de' y",
"intervalFormat-yMMMd-M":"d MMM - d MMM 'de' y",
"intervalFormat-yMMMd-y":"d MMM 'de' y - d MMM 'de' y",
"intervalFormat-yMMMEd-d":"E d - E d MMM 'de' y",
"intervalFormat-yMMMEd-M":"E d MMM - E d MMM 'de' y",
"intervalFormat-yMMMEd-y":"E d MMM 'de' y - E d MMM 'de' y",
"intervalFormat-yMMMM-M":"LLLL-LLLL 'de' y",
"intervalFormat-yMMMM-y":"LLLL 'de' y - LLLL 'de' y",
"months-format-abbreviated":[
"gen.",
"feb.",
"març",
"abr.",
"maig",
"juny",
"jul.",
"ag.",
"set.",
"oct.",
"nov.",
"des."],
"months-format-narrow":[
"GN",
"FB",
"MÇ",
"AB",
"MG",
"JN",
"JL",
"AG",
"ST",
"OC",
"NV",
"DS"],
"months-format-wide":[
"gener",
"febrer",
"març",
"abril",
"maig",
"juny",
"juliol",
"agost",
"setembre",
"octubre",
"novembre",
"desembre"],
"months-standAlone-abbreviated":[
"gen.",
"feb.",
"març",
"abr.",
"maig",
"juny",
"jul.",
"ag.",
"set.",
"oct.",
"nov.",
"des."],
"months-standAlone-narrow":[
"GN",
"FB",
"MÇ",
"AB",
"MG",
"JN",
"JL",
"AG",
"ST",
"OC",
"NV",
"DS"],
"months-standAlone-wide":[
"gener",
"febrer",
"març",
"abril",
"maig",
"juny",
"juliol",
"agost",
"setembre",
"octubre",
"novembre",
"desembre"],
"days-format-abbreviated":[
"dg.",
"dl.",
"dt.",
"dc.",
"dj.",
"dv.",
"ds."],
"days-format-narrow":[
"dg",
"dl",
"dt",
"dc",
"dj",
"dv",
"ds"],
"days-format-short":[
"dg.",
"dl.",
"dt.",
"dc.",
"dj.",
"dv.",
"ds."],
"days-format-wide":[
"diumenge",
"dilluns",
"dimarts",
"dimecres",
"dijous",
"divendres",
"dissabte"],
"days-standAlone-abbreviated":[
"dg.",
"dl.",
"dt.",
"dc.",
"dj.",
"dv.",
"ds."],
"days-standAlone-narrow":[
"dg",
"dl",
"dt",
"dc",
"dj",
"dv",
"ds"],
"days-standAlone-short":[
"dg.",
"dl.",
"dm.",
"dc.",
"dj.",
"dv.",
"ds."],
"days-standAlone-wide":[
"diumenge",
"dilluns",
"dimarts",
"dimecres",
"dijous",
"divendres",
"dissabte"],
"quarters-format-abbreviated":[
"1T",
"2T",
"3T",
"4T"],
"quarters-format-narrow":[
"1",
"2",
"3",
"4"],
"quarters-format-wide":[
"1r trimestre",
"2n trimestre",
"3r trimestre",
"4t trimestre"],
"quarters-standAlone-abbreviated":[
"1T",
"2T",
"3T",
"4T"],
"quarters-standAlone-narrow":[
"1",
"2",
"3",
"4"],
"quarters-standAlone-wide":[
"1r trimestre",
"2n trimestre",
"3r trimestre",
"4t trimestre"],
"dayPeriods-format-abbreviated":[
"a. m.",
"p. m."],
"dayPeriods-format-narrow":[
"a.m.",
"p.m."],
"dayPeriods-format-wide":[
"a. m.",
"p. m."],
"dayPeriods-standAlone-abbreviated":[
"a. m.",
"p. m."],
"dayPeriods-standAlone-narrow":[
"a.m.",
"p.m."],
"dayPeriods-standAlone-wide":[
"a. m.",
"p. m."],
"decimalFormat":{
"standard":"#,##0.###"},
"decimalFormat-long":{
"1000-one":"0 miler",
"1000-other":"0 milers",
"10000-one":"00 milers",
"10000-other":"00 milers",
"100000-one":"000 milers",
"100000-other":"000 milers",
"1000000-one":"0 milió",
"1000000-other":"0 milions",
"10000000-one":"00 milions",
"10000000-other":"00 milions",
"100000000-one":"000 milions",
"100000000-other":"000 milions",
"1000000000-one":"0 miler de milions",
"1000000000-other":"0 milers de milions",
"10000000000-one":"00 milers de milions",
"10000000000-other":"00 milers de milions",
"100000000000-one":"000 milers de milions",
"100000000000-other":"000 milers de milions",
"1000000000000-one":"0 bilió",
"1000000000000-other":"0 bilions",
"10000000000000-one":"00 bilions",
"10000000000000-other":"00 bilions",
"100000000000000-one":"000 bilions",
"100000000000000-other":"000 bilions"},
"decimalFormat-short":{
"1000-one":"0m",
"1000-other":"0m",
"10000-one":"00m",
"10000-other":"00m",
"100000-one":"000m",
"100000-other":"000m",
"1000000-one":"0M",
"1000000-other":"0M",
"10000000-one":"00 M",
"10000000-other":"00 M",
"100000000-one":"000 M",
"100000000-other":"000 M",
"1000000000-one":"0000 M",
"1000000000-other":"0000 M",
"10000000000-one":"00mM",
"10000000000-other":"00mM",
"100000000000-one":"000mM",
"100000000000-other":"000mM",
"1000000000000-one":"0B",
"1000000000000-other":"0B",
"10000000000000-one":"00 B",
"10000000000000-other":"00 B",
"100000000000000-one":"000 B",
"100000000000000-other":"000 B"},
"scientificFormat":{
"standard":"#E0"},
"percentFormat":{
"standard":"#,##0%"},
"currencyFormat":{
"standard":"#,##0.00 ¤",
"accounting":"#,##0.00 ¤;(#,##0.00 ¤)"},
"symbols-latn-decimal":",",
"symbols-latn-group":".",
"symbols-latn-list":";",
"symbols-latn-percentSign":"%",
"symbols-latn-plusSign":"+",
"symbols-latn-minusSign":"-",
"symbols-latn-exponential":"E",
"symbols-latn-superscriptingExponent":"×",
"symbols-latn-perMille":"‰",
"symbols-latn-infinity":"∞",
"symbols-latn-nan":"NaN",
"currencyDigits":{
"ADP":0,
"AFN":0,
"ALL":0,
"AMD":0,
"BHD":3,
"BIF":0,
"BYR":0,
"CAD":2,
"CHF":2,
"CLF":0,
"CLP":0,
"COP":0,
"CRC":0,
"DEFAULT":2,
"DJF":0,
"ESP":0,
"GNF":0,
"GYD":0,
"HUF":0,
"IDR":0,
"IQD":0,
"IRR":0,
"ISK":0,
"ITL":0,
"JOD":3,
"JPY":0,
"KMF":0,
"KPW":0,
"KRW":0,
"KWD":3,
"LAK":0,
"LBP":0,
"LUF":0,
"LYD":3,
"MGA":0,
"MGF":0,
"MMK":0,
"MNT":0,
"MRO":0,
"MUR":0,
"OMR":3,
"PKR":0,
"PYG":0,
"RSD":0,
"RWF":0,
"SLL":0,
"SOS":0,
"STD":0,
"SYP":0,
"TMM":0,
"TND":3,
"TRL":0,
"TZS":0,
"TWD":2,
"UGX":0,
"UZS":0,
"VND":0,
"VUV":0,
"XAF":0,
"XOF":0,
"XPF":0,
"YER":0,
"ZMK":0,
"ZWD":0
},
"currencySymbols":{
"AUD":"A$",
"BRL":"R$",
"CAD":"CA$",
"CNY":"CN¥",
"EUR":"€",
"GBP":"£",
"HKD":"HK$",
"ILS":"₪",
"INR":"₹",
"JPY":"JP¥",
"KRW":"₩",
"MXN":"MX$",
"NZD":"NZ$",
"THB":"฿",
"TWD":"NT$",
"USD":"US$",
"VND":"₫",
"XAF":"FCFA",
"XCD":"EC$",
"XOF":"CFA",
"XPF":"CFPF"
},
"weekData-minDays":4,
"weekData-firstDay":1,
"weekData-weekendStart":6,
"weekData-weekendEnd":0
}