{
"__license":"This file has been derived from Unicode Common Locale Data Repository (CLDR) files (http://cldr.unicode.org). See the copyright and permission notice in the Unicode-Data-Files-LICENSE.txt available at the same location as this file or visit http://www.unicode.org/copyright.html",
"languages":{
"aa":"afarština",
"ab":"abcházština",
"ace":"acehština",
"ach":"akolština",
"ada":"adangme",
"ady":"adygejština",
"ae":"avestánština",
"af":"afrikánština",
"afa":"afroasijské jazyky",
"afh":"afrihili",
"agq":"aghem",
"ain":"ainština",
"ak":"akanština",
"akk":"akkadština",
"ale":"aleutština",
"alg":"algonkinské jazyky",
"alt":"altajština (jižní)",
"am":"amharština",
"an":"aragonština",
"ang":"staroangličtina",
"anp":"angika",
"apa":"apačské jazyky",
"ar":"arabština",
"ar_001":"arabština (moderní standardní)",
"arc":"aramejština",
"arn":"araukánština",
"arp":"arapažština",
"art":"umělé jazyky",
"arw":"arawacké jazyky",
"as":"asámština",
"asa":"asu",
"ast":"asturština",
"ath":"athapaskánské jazyky",
"aus":"australské jazyky",
"av":"avarština",
"awa":"awadhština",
"ay":"ajmarština",
"az":"ázerbájdžánština",
"ba":"baškirština",
"bad":"banda",
"bai":"bamilek",
"bal":"balúčština",
"ban":"balijština",
"bas":"basa",
"bat":"baltské jazyky",
"bax":"bamun",
"bbj":"ghomala",
"be":"běloruština",
"bej":"bedža",
"bem":"bembština",
"ber":"berberské jazyky",
"bez":"bena",
"bfd":"bafut",
"bg":"bulharština",
"bh":"bihárština",
"bho":"bhojpurština",
"bi":"bislamština",
"bik":"bikolština",
"bin":"bini",
"bkm":"kom",
"bla":"siksika",
"bm":"bambarština",
"bn":"bengálština",
"bnt":"bantuské jazyky",
"bo":"tibetština",
"br":"bretonština",
"bra":"bradžština",
"brx":"bodoština",
"bs":"bosenština",
"bss":"akoose",
"btk":"batačtina",
"bua":"burjatština",
"bug":"bugiština",
"bum":"bulu",
"byn":"blinština",
"byv":"medumba",
"ca":"katalánština",
"cad":"caddo",
"cai":"středoamerické indiánské jazyky",
"car":"karibština",
"cau":"kavkazské jazyky",
"cay":"kajugština",
"cch":"atsam",
"ce":"čečenština",
"ceb":"cebuánština",
"cel":"keltské jazyky",
"cgg":"kiga",
"ch":"čamoro",
"chb":"čibča",
"chg":"čagatajština",
"chk":"čukština",
"chm":"marijština",
"chn":"činuk pidžin",
"cho":"čoktština",
"chp":"čipevajština",
"chr":"čerokézština",
"chy":"čejenština",
"ckb":"kurdština (sorání)",
"cmc":"čamština",
"co":"korsičtina",
"cop":"koptština",
"cpe":"anglická kreolština či pidgin",
"cpf":"francouzská kreolština či pidgin",
"cpp":"portugalská kreolština či pidgin",
"cr":"kríjština",
"crh":"krymská turečtina",
"crp":"kreolština či pidgin",
"cs":"čeština",
"csb":"kašubština",
"cu":"staroslověnština",
"cus":"kúšitské jazyky",
"cv":"čuvaština",
"cy":"velština",
"da":"dánština",
"dak":"dakotština",
"dar":"dargština",
"dav":"taita",
"day":"dajáčtina",
"de":"němčina",
"de_CH":"němčina standardní (Švýcarsko)",
"del":"delawarština",
"den":"slejvština (athabaský jazyk)",
"dgr":"dogrib",
"din":"dinkština",
"dje":"zarmština",
"doi":"dogarština",
"dra":"drávidské jazyky",
"dsb":"dolnolužická srbština",
"dua":"dualština",
"dum":"holandština (středověká)",
"dv":"maledivština",
"dyo":"jola-fonyi",
"dyu":"djula",
"dz":"dzongkä",
"dzg":"dazaga",
"ebu":"embu",
"ee":"eweština",
"efi":"efikština",
"egy":"egyptština stará",
"eka":"ekajuk",
"el":"řečtina",
"elx":"elamitština",
"en":"angličtina",
"en_US":"angličtina (USA)",
"enm":"angličtina (středověká)",
"eo":"esperanto",
"es":"španělština",
"es_ES":"španělština (Evropa)",
"et":"estonština",
"eu":"baskičtina",
"ewo":"ewondo",
"fa":"perština",
"fan":"fang",
"fat":"fantština",
"ff":"fulbština",
"fi":"finština",
"fil":"filipínština",
"fiu":"ugrofinské jazyky",
"fj":"fidžijština",
"fo":"faerština",
"fon":"fonština",
"fr":"francouzština",
"frm":"francouzština (středověká)",
"fro":"francouzština (stará)",
"frr":"fríština (severní)",
"frs":"fríština (východní)",
"fur":"furlanština",
"fy":"fríština",
"ga":"irština",
"gaa":"gaština",
"gay":"gayo",
"gba":"gbaja",
"gd":"skotská gaelština",
"gem":"germánské jazyky",
"gez":"geez",
"gil":"kiribatština",
"gl":"galicijština",
"gmh":"hornoněmčina (středověká)",
"gn":"guaranština",
"goh":"hornoněmčina (stará)",
"gon":"góndština",
"gor":"gorontalo",
"got":"gótština",
"grb":"grebo",
"grc":"starořečtina",
"gsw":"němčina (Švýcarsko)",
"gu":"gudžarátština",
"guz":"gusii",
"gv":"manština",
"gwi":"gwichʼin",
"ha":"hauština",
"hai":"haidština",
"haw":"havajština",
"he":"hebrejština",
"hi":"hindština",
"hil":"hiligajnonština",
"him":"himáčalština",
"hit":"chetitština",
"hmn":"hmongština",
"ho":"hiri motu",
"hr":"chorvatština",
"hsb":"hornolužická srbština",
"ht":"haitština",
"hu":"maďarština",
"hup":"hupa",
"hy":"arménština",
"hz":"hererština",
"ia":"interlingua",
"iba":"ibanština",
"ibb":"ibibio",
"id":"indonéština",
"ie":"interlingue",
"ig":"igboština",
"ii":"s'-čchuan i",
"ijo":"idžo",
"ik":"inupiakština",
"ilo":"ilokánština",
"inc":"indické jazyky",
"ine":"indoevropské jazyky",
"inh":"inguština",
"io":"ido",
"ira":"íránské jazyky",
"iro":"irokézské jazyky",
"is":"islandština",
"it":"italština",
"iu":"inuktitutština",
"ja":"japonština",
"jbo":"lojban",
"jgo":"ngomba",
"jmc":"mašame",
"jpr":"judeoperština",
"jrb":"judeoarabština",
"jv":"javánština",
"ka":"gruzínština",
"kaa":"karakalpačtina",
"kab":"kabylština",
"kac":"kačijština",
"kaj":"jju",
"kam":"kambština",
"kar":"karenština",
"kaw":"kawi",
"kbd":"kabardinština",
"kbl":"kanembu",
"kcg":"tyap",
"kde":"makonde",
"kea":"kapverdština",
"kfo":"koro",
"kg":"konžština",
"kha":"khásí",
"khi":"kojsanské jazyky",
"kho":"chotánština",
"khq":"koyra chiini",
"ki":"kikujština",
"kj":"kuaňamština",
"kk":"kazaština",
"kkj":"kako",
"kl":"grónština",
"kln":"kalendžin",
"km":"khmérština",
"kmb":"kimbundština",
"kn":"kannadština",
"ko":"korejština",
"kok":"konkánština",
"kos":"kosrajština",
"kpe":"kpelle",
"kr":"kanuri",
"krc":"karačajevo-balkarština",
"krl":"karelština",
"kro":"kru",
"kru":"kuruchština",
"ks":"kašmírština",
"ksb":"shambala",
"ksf":"bafia",
"ksh":"kolínština",
"ku":"kurdština",
"kum":"kumyčtina",
"kut":"kutenajština",
"kv":"komijština",
"kw":"kornština",
"ky":"kyrgyzština",
"la":"latina",
"lad":"ladinština",
"lag":"langi",
"lah":"lahndština",
"lam":"lambština",
"lb":"lucemburština",
"lez":"lezginština",
"lg":"gandština",
"li":"limburština",
"ln":"lingalština",
"lo":"laoština",
"lol":"mongština",
"loz":"lozština",
"lt":"litevština",
"lu":"lubu-katanžština",
"lua":"luba-luluaština",
"lui":"luiseňo",
"lun":"lundština",
"luo":"luoština",
"lus":"mizoština",
"luy":"luhja",
"lv":"lotyština",
"mad":"madurština",
"maf":"mafa",
"mag":"magahijština",
"mai":"maithiliština",
"mak":"makasarština",
"man":"mandingština",
"map":"austronéské jazyky",
"mas":"masajština",
"mde":"maba",
"mdf":"mokšanština",
"mdr":"mandar",
"men":"mende",
"mer":"meru",
"mfe":"mauricijská kreolština",
"mg":"malgaština",
"mga":"irština (středověká)",
"mgh":"makhuwa-meetto",
"mh":"maršálština",
"mi":"maorština",
"mic":"micmac",
"min":"minangkabau",
"mis":"různé jazyky",
"mk":"makedonština",
"mkh":"mon-khmerské jazyky",
"ml":"malajálamština",
"mn":"mongolština",
"mnc":"mandžuština",
"mni":"manipurština",
"mno":"manobo jazyky",
"mo":"moldavština",
"moh":"mohawk",
"mos":"mosi",
"mr":"maráthština",
"ms":"malajština",
"mt":"maltština",
"mua":"mundang",
"mul":"složené (víceřádkové) jazyky",
"mun":"mundské jazyky",
"mus":"kríkština",
"mwl":"mirandština",
"mwr":"márvárština",
"my":"barmština",
"mye":"myene",
"myn":"mayské jazyky",
"myv":"erzjanština",
"na":"naurština",
"nah":"nahuatl",
"nai":"severoamerické indiánské jazyky",
"nap":"neapolština",
"naq":"nama",
"nb":"norština (bokmål)",
"nd":"ndebele (Zimbabwe)",
"nds":"dolnoněmčina",
"ne":"nepálština",
"new":"névárština",
"ng":"ndondština",
"nia":"nias",
"nic":"nigero-kordofánské jazyky",
"niu":"niueština",
"nl":"nizozemština",
"nl_BE":"vlámština",
"nmg":"kwasio",
"nn":"norština (nynorsk)",
"nnh":"ngiemboon",
"no":"norština",
"nog":"nogajština",
"non":"norština historická",
"nqo":"n’ko",
"nr":"ndebele (Jižní Afrika)",
"nso":"sotština (severní)",
"nub":"núbijské jazyky",
"nus":"nuerština",
"nv":"navažština",
"nwc":"newarština (klasická)",
"ny":"ňandžština",
"nym":"ňamwežština",
"nyn":"ňankolština",
"nyo":"ňorština",
"nzi":"nzima",
"oc":"okcitánština",
"oj":"odžibvejština",
"om":"oromština",
"or":"urijština",
"os":"osetština",
"osa":"osage",
"ota":"osmanská turečtina",
"oto":"otomijské jazyky",
"pa":"paňdžábština",
"paa":"papuánské jazyky",
"pag":"pangasinanština",
"pal":"pahlavština",
"pam":"papangau",
"pap":"papiamento",
"pau":"palauština",
"peo":"staroperština",
"phi":"filipínské jazyky",
"phn":"féničtina",
"pi":"pálí",
"pl":"polština",
"pon":"pohnpeiština",
"pra":"prákrtské jazyky",
"pro":"provensálština",
"ps":"paštština",
"pt":"portugalština",
"pt_PT":"portugalština (Evropa)",
"qu":"kečuánština",
"raj":"rádžastánština",
"rap":"rapanujština",
"rar":"rarotongánština",
"rm":"rétorománština",
"rn":"kirundština",
"ro":"rumunština",
"roa":"románské jazyky",
"rof":"rombo",
"rom":"romština",
"ru":"ruština",
"rup":"arumunština",
"rw":"kiňarwandština",
"rwk":"rwa",
"sa":"sanskrt",
"sad":"sandawština",
"sah":"jakutština",
"sai":"jihoamerické indiánské jazyky",
"sal":"sališské jazyky",
"sam":"samarština",
"saq":"samburu",
"sas":"sasakština",
"sat":"santálština",
"sba":"ngambay",
"sbp":"sangoština",
"sc":"sardština",
"scn":"sicilština",
"sco":"skotština",
"sd":"sindhština",
"se":"sámština (severní)",
"see":"seneca",
"seh":"sena",
"sel":"selkupština",
"sem":"semitské jazyky",
"ses":"koyraboro senni",
"sg":"sangština",
"sga":"irština (stará)",
"sgn":"znakové jazyky",
"sh":"srbochorvatština",
"shi":"tachelhit",
"shn":"šanština",
"shu":"arabština (čadská)",
"si":"sinhálština",
"sid":"sidamo",
"sio":"siouxské jazyky",
"sit":"tibetočínské jazyky",
"sk":"slovenština",
"sl":"slovinština",
"sla":"slovanský jazyk",
"sm":"samojština",
"sma":"sámština (jižní)",
"smi":"sámské jazyky",
"smj":"sámština (lulejská)",
"smn":"sámština (inarijská)",
"sms":"sámština (skoltská)",
"sn":"šonština",
"snk":"sonikština",
"so":"somálština",
"sog":"sogdština",
"son":"songajština",
"sq":"albánština",
"sr":"srbština",
"srn":"sranan tongo",
"srr":"sererština",
"ss":"siswatština",
"ssa":"nilosaharské jazyky",
"ssy":"saho",
"st":"sotština (jižní)",
"su":"sundanština",
"suk":"sukuma",
"sus":"susu",
"sux":"sumerština",
"sv":"švédština",
"sw":"svahilština",
"swb":"komorština",
"swc":"swahilština (Kongo)",
"syc":"syrština (klasická)",
"syr":"syrština",
"ta":"tamilština",
"tai":"thajské jazyky",
"te":"telugština",
"tem":"temne",
"teo":"teso",
"ter":"tereno",
"tet":"tetumština",
"tg":"tádžičtina",
"th":"thajština",
"ti":"tigrinijština",
"tig":"tigrejština",
"tiv":"tivština",
"tk":"turkmenština",
"tkl":"tokelauština",
"tl":"tagalog",
"tlh":"klingonština",
"tli":"tlingit",
"tmh":"tamašek",
"tn":"setswanština",
"to":"tongánština",
"tog":"tonžština (nyasa)",
"tpi":"tok pisin",
"tr":"turečtina",
"trv":"taroko",
"ts":"tsonga",
"tsi":"tsimšijské jazyky",
"tt":"tatarština",
"tum":"tumbukština",
"tup":"tupijské jazyky",
"tut":"altajské jazyky",
"tvl":"tuvalština",
"tw":"twi",
"twq":"tasawaq",
"ty":"tahitština",
"tyv":"tuvinština",
"tzm":"tamazight (střední Maroko)",
"udm":"udmurtština",
"ug":"ujgurština",
"uga":"ugaritština",
"uk":"ukrajinština",
"umb":"umbundu",
"und":"neznámý jazyk",
"ur":"urdština",
"uz":"uzbečtina",
"vai":"vai",
"ve":"venda",
"vi":"vietnamština",
"vo":"volapuk",
"vot":"votština",
"vun":"vunjo",
"wa":"valonština",
"wae":"němčina (walser)",
"wak":"wakašské jazyky",
"wal":"wolajtština",
"war":"warajština",
"was":"waština",
"wen":"lužickosrbské jazyky",
"wo":"wolofština",
"xal":"kalmyčtina",
"xh":"xhoština",
"xog":"sogština",
"yao":"jaoština",
"yap":"japština",
"yav":"jangbenština",
"ybb":"yemba",
"yi":"jidiš",
"yo":"jorubština",
"ypk":"yupik",
"yue":"kantonština",
"za":"čuangština",
"zap":"zapotéčtina",
"zbl":"bliss systém",
"zen":"zenaga",
"zgh":"tamazight (standardní marocký)",
"zh":"čínština",
"zh_Hans":"čínština (zjednodušená)",
"znd":"zandština",
"zu":"zuluština",
"zun":"zunijština",
"zxx":"žádný jazykový obsah",
"zza":"zaza"
},
"scripts":{
"Afak":"afaka",
"Arab":"arabské",
"Armi":"aramejské (imperiální)",
"Armn":"arménské",
"Avst":"avestánské",
"Bali":"balijské",
"Bamu":"bamumské",
"Bass":"bassa vah",
"Batk":"batacké",
"Beng":"bengálské",
"Blis":"blissovo písmo",
"Bopo":"bopomofo",
"Brah":"bráhmí",
"Brai":"braillovo písmo",
"Bugi":"buginské",
"Buhd":"buhidské",
"Cakm":"čakma",
"Cans":"slabičné písmo kanadských domorodců",
"Cari":"karijské",
"Cham":"čam",
"Cher":"čerokí",
"Cirt":"kirt",
"Copt":"koptské",
"Cprt":"kyperské",
"Cyrl":"cyrilice",
"Cyrs":"cyrilce - staroslověnská",
"Deva":"dévanágárí",
"Dsrt":"deseret",
"Dupl":"Duployého těsnopis",
"Egyd":"egyptské démotické",
"Egyh":"egyptské hieratické",
"Egyp":"egyptské hieroglyfy",
"Ethi":"etiopské",
"Geok":"gruzínské chutsuri",
"Geor":"gruzínské",
"Glag":"hlaholice",
"Goth":"gotické",
"Gran":"grantha",
"Grek":"řecké",
"Gujr":"gudžarátí",
"Guru":"gurmukhi",
"Hang":"hangul",
"Hani":"han",
"Hano":"hanunóo",
"Hans":"zjednodušené",
"Hant":"tradiční",
"Hebr":"hebrejské",
"Hira":"hiragana",
"Hluw":"anatolské hieroglyfy",
"Hmng":"hmongské",
"Hrkt":"japonské slabičné",
"Hung":"staromaďarské",
"Inds":"harappské",
"Ital":"etruské",
"Java":"javánské",
"Jpan":"japonské",
"Jurc":"džürčenské",
"Kali":"kayah li",
"Kana":"katakana",
"Khar":"kháróšthí",
"Khmr":"khmerské",
"Knda":"kannadské",
"Kore":"korejské",
"Kthi":"kaithi",
"Lana":"lanna",
"Laoo":"laoské",
"Latf":"latinka - lomená",
"Latg":"latinka - galská",
"Latn":"latinka",
"Lepc":"lepčské",
"Limb":"limbu",
"Lina":"lineární A",
"Linb":"lineární B",
"Lisu":"Fraserovo",
"Loma":"loma",
"Lyci":"lýkijské",
"Lydi":"lýdské",
"Mand":"mandejské",
"Mani":"manichejské",
"Maya":"mayské hieroglyfy",
"Mend":"mendské",
"Merc":"meroitické psací",
"Mero":"meroitické",
"Mlym":"malajlámské",
"Mong":"mongolské",
"Moon":"Moonovo",
"Mroo":"mro",
"Mtei":"mejtej majek (manipurské)",
"Mymr":"myanmarské",
"Narb":"staroseveroarabské",
"Nbat":"nabatejské",
"Nkoo":"n’ko",
"Ogam":"ogamské",
"Olck":"santálské (ol chiki)",
"Orkh":"orchonské",
"Orya":"uríské",
"Osma":"osmanské",
"Palm":"palmýrské",
"Perm":"staropermské",
"Phag":"phags-pa",
"Phli":"pahlavské klínové",
"Phlp":"pahlavské žalmové",
"Phlv":"pahlavské knižní",
"Phnx":"fénické",
"Plrd":"pollardova fonetická abeceda",
"Prti":"parthské klínové",
"Rjng":"redžanské",
"Roro":"rongorongo",
"Runr":"runové",
"Samr":"samařské",
"Sarb":"starojihoarabské",
"Saur":"saurášterské",
"Shaw":"Shawova abeceda",
"Shrd":"šáradá",
"Sinh":"sinhálské",
"Sora":"sora sompeng",
"Sund":"sundánské",
"Sylo":"sylhetské",
"Syrc":"syrské",
"Syre":"syrské - estrangelo",
"Syrj":"syrské - západní",
"Syrn":"syrské - východní",
"Tagb":"tagbanwa",
"Takr":"takrí",
"Tale":"tai le",
"Talu":"tai lü nové",
"Taml":"tamilské",
"Tang":"tangut",
"Tavt":"tai viet",
"Telu":"telugské",
"Teng":"tengwar",
"Tfng":"berberské",
"Tglg":"tagalské",
"Thaa":"thaana",
"Thai":"thajské",
"Tibt":"tibetské",
"Ugar":"ugaritské klínové",
"Vaii":"vai",
"Visp":"viditelná řeč",
"Xpeo":"staroperské klínové písmo",
"Xsux":"sumero-akkadské klínové písmo",
"Yiii":"yi",
"Zmth":"matematický zápis",
"Zsym":"symboly",
"Zxxx":"bez zápisu",
"Zyyy":"obecné",
"Zzzz":"neznámé písmo"
},
"territories":{
"001":"Svět",
"002":"Afrika",
"003":"Severní Amerika",
"005":"Jižní Amerika",
"009":"Oceánie",
"011":"Západní Afrika",
"013":"Střední Amerika",
"014":"Východní Afrika",
"015":"Severní Afrika",
"017":"Střední Afrika",
"018":"Jižní Afrika",
"019":"Amerika",
"021":"Severní Amerika oblast",
"029":"Karibik",
"030":"Východní Asie",
"034":"Jižní Asie",
"035":"Jihovýchodní Asie",
"039":"Jižní Evropa",
"053":"Australasie",
"054":"Melanésie",
"057":"Mikronésie (region)",
"061":"Polynésie",
"142":"Asie",
"143":"Střední Asie",
"145":"Západní Asie",
"150":"Evropa",
"151":"Východní Evropa",
"154":"Severní Evropa",
"155":"Západní Evropa",
"419":"Latinská Amerika",
"AC":"Ascension",
"AD":"Andorra",
"AE":"Spojené arabské emiráty",
"AF":"Afghánistán",
"AG":"Antigua a Barbuda",
"AI":"Anguilla",
"AL":"Albánie",
"AM":"Arménie",
"AN":"Nizozemské Antily",
"AO":"Angola",
"AQ":"Antarktida",
"AR":"Argentina",
"AS":"Americká Samoa",
"AT":"Rakousko",
"AU":"Austrálie",
"AW":"Aruba",
"AX":"Ålandy",
"AZ":"Ázerbájdžán",
"BA":"Bosna a Hercegovina",
"BB":"Barbados",
"BD":"Bangladéš",
"BE":"Belgie",
"BF":"Burkina Faso",
"BG":"Bulharsko",
"BH":"Bahrajn",
"BI":"Burundi",
"BJ":"Benin",
"BL":"Svatý Bartoloměj",
"BM":"Bermudy",
"BN":"Brunej",
"BO":"Bolívie",
"BQ":"Karibské Nizozemsko",
"BR":"Brazílie",
"BS":"Bahamy",
"BT":"Bhútán",
"BV":"Bouvetův ostrov",
"BW":"Botswana",
"BY":"Bělorusko",
"BZ":"Belize",
"CA":"Kanada",
"CC":"Kokosové ostrovy",
"CD":"Kongo - Kinshasa",
"CF":"Středoafrická republika",
"CG":"Kongo - Brazzaville",
"CH":"Švýcarsko",
"CI":"Pobřeží slonoviny",
"CK":"Cookovy ostrovy",
"CL":"Chile",
"CM":"Kamerun",
"CN":"Čína",
"CO":"Kolumbie",
"CP":"Clippertonův ostrov",
"CR":"Kostarika",
"CU":"Kuba",
"CV":"Kapverdy",
"CW":"Curaçao",
"CX":"Vánoční ostrov",
"CY":"Kypr",
"CZ":"Česká republika",
"DE":"Německo",
"DG":"Diego García",
"DJ":"Džibutsko",
"DK":"Dánsko",
"DM":"Dominika",
"DO":"Dominikánská republika",
"DZ":"Alžírsko",
"EA":"Ceuta a Melilla",
"EC":"Ekvádor",
"EE":"Estonsko",
"EG":"Egypt",
"EH":"Západní Sahara",
"ER":"Eritrea",
"ES":"Španělsko",
"ET":"Etiopie",
"EU":"Evropská unie",
"FI":"Finsko",
"FJ":"Fidži",
"FK":"Falklandské ostrovy",
"FM":"Mikronésie",
"FO":"Faerské ostrovy",
"FR":"Francie",
"GA":"Gabon",
"GB":"Velká Británie",
"GD":"Grenada",
"GE":"Gruzie",
"GF":"Francouzská Guyana",
"GG":"Guernsey",
"GH":"Ghana",
"GI":"Gibraltar",
"GL":"Grónsko",
"GM":"Gambie",
"GN":"Guinea",
"GP":"Guadeloupe",
"GQ":"Rovníková Guinea",
"GR":"Řecko",
"GS":"Jižní Georgie a Jižní Sandwichovy ostrovy",
"GT":"Guatemala",
"GU":"Guam",
"GW":"Guinea-Bissau",
"GY":"Guyana",
"HK":"Hongkong - ZAO Číny",
"HM":"Heardův ostrov a McDonaldovy ostrovy",
"HN":"Honduras",
"HR":"Chorvatsko",
"HT":"Haiti",
"HU":"Maďarsko",
"IC":"Kanárské ostrovy",
"ID":"Indonésie",
"IE":"Irsko",
"IL":"Izrael",
"IM":"Ostrov Man",
"IN":"Indie",
"IO":"Britské indickooceánské území",
"IQ":"Irák",
"IR":"Írán",
"IS":"Island",
"IT":"Itálie",
"JE":"Jersey",
"JM":"Jamajka",
"JO":"Jordánsko",
"JP":"Japonsko",
"KE":"Keňa",
"KG":"Kyrgyzstán",
"KH":"Kambodža",
"KI":"Kiribati",
"KM":"Komory",
"KN":"Svatý Kryštof a Nevis",
"KP":"Severní Korea",
"KR":"Jižní Korea",
"KW":"Kuvajt",
"KY":"Kajmanské ostrovy",
"KZ":"Kazachstán",
"LA":"Laos",
"LB":"Libanon",
"LC":"Svatá Lucie",
"LI":"Lichtenštejnsko",
"LK":"Srí Lanka",
"LR":"Libérie",
"LS":"Lesotho",
"LT":"Litva",
"LU":"Lucembursko",
"LV":"Lotyšsko",
"LY":"Libye",
"MA":"Maroko",
"MC":"Monako",
"MD":"Moldavsko",
"ME":"Černá Hora",
"MF":"Svatý Martin",
"MG":"Madagaskar",
"MH":"Marshallovy ostrovy",
"MK":"Makedonie",
"ML":"Mali",
"MM":"Myanmar (Barma)",
"MN":"Mongolsko",
"MO":"Macao - ZAO Číny",
"MP":"Severní Mariany",
"MQ":"Martinik",
"MR":"Mauritánie",
"MS":"Montserrat",
"MT":"Malta",
"MU":"Mauricius",
"MV":"Maledivy",
"MW":"Malawi",
"MX":"Mexiko",
"MY":"Malajsie",
"MZ":"Mosambik",
"NA":"Namibie",
"NC":"Nová Kaledonie",
"NE":"Niger",
"NF":"Norfolk",
"NG":"Nigérie",
"NI":"Nikaragua",
"NL":"Nizozemsko",
"NO":"Norsko",
"NP":"Nepál",
"NR":"Nauru",
"NU":"Niue",
"NZ":"Nový Zéland",
"OM":"Omán",
"PA":"Panama",
"PE":"Peru",
"PF":"Francouzská Polynésie",
"PG":"Papua-Nová Guinea",
"PH":"Filipíny",
"PK":"Pákistán",
"PL":"Polsko",
"PM":"Saint-Pierre a Miquelon",
"PN":"Pitcairnovy ostrovy",
"PR":"Portoriko",
"PS":"Palestinská území",
"PT":"Portugalsko",
"PW":"Palau",
"PY":"Paraguay",
"QA":"Katar",
"QO":"Vnější Oceánie",
"RE":"Réunion",
"RO":"Rumunsko",
"RS":"Srbsko",
"RU":"Rusko",
"RW":"Rwanda",
"SA":"Saúdská Arábie",
"SB":"Šalamounovy ostrovy",
"SC":"Seychely",
"SD":"Súdán",
"SE":"Švédsko",
"SG":"Singapur",
"SH":"Svatá Helena",
"SI":"Slovinsko",
"SJ":"Špicberky a Jan Mayen",
"SK":"Slovensko",
"SL":"Sierra Leone",
"SM":"San Marino",
"SN":"Senegal",
"SO":"Somálsko",
"SR":"Surinam",
"SS":"Jižní Súdán",
"ST":"Svatý Tomáš a Princův ostrov",
"SV":"Salvador",
"SX":"Sint Maarten",
"SY":"Sýrie",
"SZ":"Svazijsko",
"TA":"Tristan da Cunha",
"TC":"Turks a Caicos",
"TD":"Čad",
"TF":"Francouzská jižní území",
"TG":"Togo",
"TH":"Thajsko",
"TJ":"Tádžikistán",
"TK":"Tokelau",
"TL":"Východní Timor",
"TM":"Turkmenistán",
"TN":"Tunisko",
"TO":"Tonga",
"TR":"Turecko",
"TT":"Trinidad a Tobago",
"TV":"Tuvalu",
"TW":"Tchaj-wan",
"TZ":"Tanzanie",
"UA":"Ukrajina",
"UG":"Uganda",
"UM":"Menší odlehlé ostrovy USA",
"US":"Spojené státy",
"UY":"Uruguay",
"UZ":"Uzbekistán",
"VA":"Vatikán",
"VC":"Svatý Vincenc a Grenadiny",
"VE":"Venezuela",
"VG":"Britské Panenské ostrovy",
"VI":"Americké Panenské ostrovy",
"VN":"Vietnam",
"VU":"Vanuatu",
"WF":"Wallis a Futuna",
"WS":"Samoa",
"XK":"Kosovo",
"YE":"Jemen",
"YT":"Mayotte",
"ZA":"Jihoafrická republika",
"ZM":"Zambie",
"ZW":"Zimbabwe",
"ZZ":"Neznámá oblast"
},
"orientation":"left-to-right",
"dateFormat-full":"EEEE d. MMMM y",
"dateFormat-long":"d. MMMM y",
"dateFormat-medium":"d. M. y",
"dateFormat-short":"dd.MM.yy",
"timeFormat-full":"H:mm:ss zzzz",
"timeFormat-long":"H:mm:ss z",
"timeFormat-medium":"H:mm:ss",
"timeFormat-short":"H:mm",
"dateTimeFormat-full":"{1} {0}",
"dateTimeFormat-long":"{1} {0}",
"dateTimeFormat-medium":"{1} {0}",
"dateTimeFormat-short":"{1} {0}",
"intervalFormatFallback":"{0} – {1}",
"intervalFormat-d-d":"d.–d.",
"intervalFormat-h-a":"h a – h a",
"intervalFormat-h-h":"h–h a",
"intervalFormat-H-H":"H–H",
"intervalFormat-hm-a":"h:mm a – h:mm a",
"intervalFormat-hm-h":"h:mm–h:mm a",
"intervalFormat-hm-m":"h:mm–h:mm a",
"intervalFormat-Hm-H":"H:mm–H:mm",
"intervalFormat-Hm-m":"H:mm–H:mm",
"intervalFormat-hmv-a":"h:mm a – h:mm a v",
"intervalFormat-hmv-h":"h:mm–h:mm a v",
"intervalFormat-hmv-m":"h:mm–h:mm a v",
"intervalFormat-Hmv-H":"H:mm–H:mm v",
"intervalFormat-Hmv-m":"H:mm–H:mm v",
"intervalFormat-hv-a":"h a – h a v",
"intervalFormat-hv-h":"h–h a v",
"intervalFormat-Hv-H":"H–H v",
"intervalFormat-M-M":"M–M",
"intervalFormat-Md-d":"d. M. – d. M.",
"intervalFormat-Md-M":"d. M. – d. M.",
"intervalFormat-MEd-d":"E d. M. – E d. M.",
"intervalFormat-MEd-M":"E d. M. – E d. M.",
"intervalFormat-MMM-M":"MMM–MMM",
"intervalFormat-MMMd-d":"d.–d. M.",
"intervalFormat-MMMd-M":"d. M. – d. M.",
"intervalFormat-MMMEd-d":"E d. M. – E d. M.",
"intervalFormat-MMMEd-M":"E d. M. – E d. M.",
"intervalFormat-y-y":"y–y",
"intervalFormat-yM-M":"M/y – M/y",
"intervalFormat-yM-y":"M/y – M/y",
"intervalFormat-yMd-d":"dd.MM.y – dd.MM.y",
"intervalFormat-yMd-M":"dd.MM.y – dd.MM.y",
"intervalFormat-yMd-y":"dd.MM.y – dd.MM.y",
"intervalFormat-yMEd-d":"E dd.MM.y – E dd.MM.y",
"intervalFormat-yMEd-M":"E dd.MM.y – E dd.MM.y",
"intervalFormat-yMEd-y":"E dd.MM.y – E dd.MM.y",
"intervalFormat-yMMM-M":"MMM–MMM y",
"intervalFormat-yMMM-y":"MMM y – MMM y",
"intervalFormat-yMMMd-d":"d.–d. M. y",
"intervalFormat-yMMMd-M":"d. M. – d. M. y",
"intervalFormat-yMMMd-y":"d. M. y – d. M. y",
"intervalFormat-yMMMEd-d":"E d. M. – E d. M. y",
"intervalFormat-yMMMEd-M":"E d. M. – E d. M. y",
"intervalFormat-yMMMEd-y":"E d. M. y – E d. M. y",
"intervalFormat-yMMMM-M":"LLLL–LLLL y",
"intervalFormat-yMMMM-y":"LLLL y – LLLL y",
"months-format-abbreviated":[
"led",
"úno",
"bře",
"dub",
"kvě",
"čvn",
"čvc",
"srp",
"zář",
"říj",
"lis",
"pro"],
"months-format-narrow":[
"1",
"2",
"3",
"4",
"5",
"6",
"7",
"8",
"9",
"10",
"11",
"12"],
"months-format-wide":[
"ledna",
"února",
"března",
"dubna",
"května",
"června",
"července",
"srpna",
"září",
"října",
"listopadu",
"prosince"],
"months-standAlone-abbreviated":[
"led",
"úno",
"bře",
"dub",
"kvě",
"čvn",
"čvc",
"srp",
"zář",
"říj",
"lis",
"pro"],
"months-standAlone-narrow":[
"l",
"ú",
"b",
"d",
"k",
"č",
"č",
"s",
"z",
"ř",
"l",
"p"],
"months-standAlone-wide":[
"leden",
"únor",
"březen",
"duben",
"květen",
"červen",
"červenec",
"srpen",
"září",
"říjen",
"listopad",
"prosinec"],
"days-format-abbreviated":[
"ne",
"po",
"út",
"st",
"čt",
"pá",
"so"],
"days-format-narrow":[
"N",
"P",
"Ú",
"S",
"Č",
"P",
"S"],
"days-format-short":[
"ne",
"po",
"út",
"st",
"čt",
"pá",
"so"],
"days-format-wide":[
"neděle",
"pondělí",
"úterý",
"středa",
"čtvrtek",
"pátek",
"sobota"],
"days-standAlone-abbreviated":[
"ne",
"po",
"út",
"st",
"čt",
"pá",
"so"],
"days-standAlone-narrow":[
"N",
"P",
"Ú",
"S",
"Č",
"P",
"S"],
"days-standAlone-short":[
"ne",
"po",
"út",
"st",
"čt",
"pá",
"so"],
"days-standAlone-wide":[
"neděle",
"pondělí",
"úterý",
"středa",
"čtvrtek",
"pátek",
"sobota"],
"quarters-format-abbreviated":[
"Q1",
"Q2",
"Q3",
"Q4"],
"quarters-format-narrow":[
"1",
"2",
"3",
"4"],
"quarters-format-wide":[
"1. čtvrtletí",
"2. čtvrtletí",
"3. čtvrtletí",
"4. čtvrtletí"],
"quarters-standAlone-abbreviated":[
"Q1",
"Q2",
"Q3",
"Q4"],
"quarters-standAlone-narrow":[
"1",
"2",
"3",
"4"],
"quarters-standAlone-wide":[
"1. čtvrtletí",
"2. čtvrtletí",
"3. čtvrtletí",
"4. čtvrtletí"],
"dayPeriods-format-abbreviated":[
"AM",
"PM"],
"dayPeriods-format-narrow":[
"AM",
"PM"],
"dayPeriods-format-wide":[
"AM",
"PM"],
"dayPeriods-standAlone-abbreviated":[
"AM",
"PM"],
"dayPeriods-standAlone-narrow":[
"AM",
"PM"],
"dayPeriods-standAlone-wide":[
"AM",
"PM"],
"decimalFormat":{
"standard":"#,##0.###"},
"decimalFormat-long":{
"1000-one":"0 tisíc",
"1000-few":"0 tisíce",
"1000-many":"0 tisíce",
"1000-other":"0 tisíc",
"10000-one":"00 tisíc",
"10000-few":"00 tisíc",
"10000-many":"00 tisíce",
"10000-other":"00 tisíc",
"100000-one":"000 tisíc",
"100000-few":"000 tisíc",
"100000-many":"000 tisíce",
"100000-other":"000 tisíc",
"1000000-one":"0 milion",
"1000000-few":"0 miliony",
"1000000-many":"0 milionu",
"1000000-other":"0 milionů",
"10000000-one":"00 milionů",
"10000000-few":"00 milionů",
"10000000-many":"00 milionu",
"10000000-other":"00 milionů",
"100000000-one":"000 milionů",
"100000000-few":"000 milionů",
"100000000-many":"000 milionu",
"100000000-other":"000 milionů",
"1000000000-one":"0 miliarda",
"1000000000-few":"0 miliardy",
"1000000000-many":"0 miliardy",
"1000000000-other":"0 miliard",
"10000000000-one":"00 miliard",
"10000000000-few":"00 miliard",
"10000000000-many":"00 miliard",
"10000000000-other":"00 miliard",
"100000000000-one":"000 miliard",
"100000000000-few":"000 miliard",
"100000000000-many":"000 miliard",
"100000000000-other":"000 miliard",
"1000000000000-one":"0 bilion",
"1000000000000-few":"0 biliony",
"1000000000000-many":"0 bilionu",
"1000000000000-other":"0 bilionů",
"10000000000000-one":"00 bilionů",
"10000000000000-few":"00 bilionů",
"10000000000000-many":"00 bilionů",
"10000000000000-other":"00 bilionů",
"100000000000000-one":"000 bilionů",
"100000000000000-few":"000 bilionů",
"100000000000000-many":"000 bilionů",
"100000000000000-other":"000 bilionů"},
"decimalFormat-short":{
"1000-one":"0 tis'.'",
"1000-few":"0 tis'.'",
"1000-many":"0 tis'.'",
"1000-other":"0 tis'.'",
"10000-one":"00 tis'.'",
"10000-few":"00 tis'.'",
"10000-many":"00 tis'.'",
"10000-other":"00 tis'.'",
"100000-one":"000 tis'.'",
"100000-few":"000 tis'.'",
"100000-many":"000 tis'.'",
"100000-other":"000 tis'.'",
"1000000-one":"0 mil'.'",
"1000000-few":"0 mil'.'",
"1000000-many":"0 mil'.'",
"1000000-other":"0 mil'.'",
"10000000-one":"00 mil'.'",
"10000000-few":"00 mil'.'",
"10000000-many":"00 mil'.'",
"10000000-other":"00 mil'.'",
"100000000-one":"000 mil'.'",
"100000000-few":"000 mil'.'",
"100000000-many":"000 mil'.'",
"100000000-other":"000 mil'.'",
"1000000000-one":"0 mld'.'",
"1000000000-few":"0 mld'.'",
"1000000000-many":"0 mld'.'",
"1000000000-other":"0 mld'.'",
"10000000000-one":"00 mld'.'",
"10000000000-few":"00 mld'.'",
"10000000000-many":"00 mld'.'",
"10000000000-other":"00 mld'.'",
"100000000000-one":"000 mld'.'",
"100000000000-few":"000 mld'.'",
"100000000000-many":"000 mld'.'",
"100000000000-other":"000 mld'.'",
"1000000000000-one":"0 bil'.'",
"1000000000000-few":"0 bil'.'",
"1000000000000-many":"0 bil'.'",
"1000000000000-other":"0 bil'.'",
"10000000000000-one":"00 bil'.'",
"10000000000000-few":"00 bil'.'",
"10000000000000-many":"00 bil'.'",
"10000000000000-other":"00 bil'.'",
"100000000000000-one":"000 bil'.'",
"100000000000000-few":"000 bil'.'",
"100000000000000-many":"000 bil'.'",
"100000000000000-other":"000 bil'.'"},
"scientificFormat":{
"standard":"#E0"},
"percentFormat":{
"standard":"#,##0 %"},
"currencyFormat":{
"standard":"#,##0.00 ¤"},
"symbols-latn-decimal":",",
"symbols-latn-group":" ",
"symbols-latn-list":";",
"symbols-latn-percentSign":"%",
"symbols-latn-plusSign":"+",
"symbols-latn-minusSign":"-",
"symbols-latn-exponential":"E",
"symbols-latn-superscriptingExponent":"×",
"symbols-latn-perMille":"‰",
"symbols-latn-infinity":"∞",
"symbols-latn-nan":"NaN",
"currencyDigits":{
"ADP":0,
"AFN":0,
"ALL":0,
"AMD":0,
"BHD":3,
"BIF":0,
"BYR":0,
"CAD":2,
"CHF":2,
"CLF":0,
"CLP":0,
"COP":0,
"CRC":0,
"DEFAULT":2,
"DJF":0,
"ESP":0,
"GNF":0,
"GYD":0,
"HUF":0,
"IDR":0,
"IQD":0,
"IRR":0,
"ISK":0,
"ITL":0,
"JOD":3,
"JPY":0,
"KMF":0,
"KPW":0,
"KRW":0,
"KWD":3,
"LAK":0,
"LBP":0,
"LUF":0,
"LYD":3,
"MGA":0,
"MGF":0,
"MMK":0,
"MNT":0,
"MRO":0,
"MUR":0,
"OMR":3,
"PKR":0,
"PYG":0,
"RSD":0,
"RWF":0,
"SLL":0,
"SOS":0,
"STD":0,
"SYP":0,
"TMM":0,
"TND":3,
"TRL":0,
"TZS":0,
"TWD":2,
"UGX":0,
"UZS":0,
"VND":0,
"VUV":0,
"XAF":0,
"XOF":0,
"XPF":0,
"YER":0,
"ZMK":0,
"ZWD":0
},
"currencySymbols":{
"AUD":"A$",
"BRL":"R$",
"CAD":"CA$",
"CNY":"CN¥",
"EUR":"€",
"GBP":"£",
"HKD":"HK$",
"ILS":"₪",
"INR":"₹",
"JPY":"JP¥",
"KRW":"₩",
"MXN":"MX$",
"NZD":"NZ$",
"THB":"฿",
"TWD":"NT$",
"USD":"US$",
"VND":"₫",
"XAF":"FCFA",
"XCD":"EC$",
"XOF":"CFA",
"XPF":"CFPF"
},
"weekData-minDays":4,
"weekData-firstDay":1,
"weekData-weekendStart":6,
"weekData-weekendEnd":0
}