{
"__license":"This file has been derived from Unicode Common Locale Data Repository (CLDR) files (http://cldr.unicode.org). See the copyright and permission notice in the Unicode-Data-Files-LICENSE.txt available at the same location as this file or visit http://www.unicode.org/copyright.html",
"languages":{
"aa":"afar",
"ab":"abkhasisk",
"ace":"achinesisk",
"ach":"acoli",
"ada":"adangme",
"ady":"adyghe",
"ae":"avestan",
"af":"afrikaans",
"afa":"afro-asiatisk sprog",
"afh":"afrihili",
"agq":"aghem",
"ain":"ainu",
"ak":"akan",
"akk":"akkadisk",
"ale":"aleutisk",
"alg":"algonkisk sprog",
"alt":"sydaltaisk",
"am":"amharisk",
"an":"aragonesisk",
"ang":"oldengelsk",
"anp":"angika",
"apa":"apachesprog",
"ar":"arabisk",
"ar_001":"moderne standardarabisk",
"arc":"aramæisk",
"arn":"araukansk",
"arp":"arapaho",
"art":"kunstsprog",
"arw":"arawak",
"as":"assamesisk",
"asa":"asu",
"ast":"asturisk",
"ath":"athapaskisk sprog",
"aus":"australsk sprog",
"av":"avarisk",
"awa":"awadhi",
"ay":"aymara",
"az":"aserbajdsjansk",
"ba":"bashkir",
"bad":"banda",
"bai":"bamilekisk sprog",
"bal":"baluchi",
"ban":"balinesisk",
"bas":"basa",
"bat":"baltisk sprog",
"bax":"bamun",
"bbj":"ghomala",
"be":"hviderussisk",
"bej":"beja",
"bem":"bemba",
"ber":"berberisk",
"bez":"bena",
"bfd":"bafut",
"bg":"bulgarsk",
"bh":"bihari",
"bho":"bhojpuri",
"bi":"bislama",
"bik":"bikol",
"bin":"bini",
"bkm":"kom",
"bla":"siksika",
"bm":"bambara",
"bn":"bengali",
"bnt":"bantu",
"bo":"tibetansk",
"br":"bretonsk",
"bra":"braj",
"brx":"bodo",
"bs":"bosnisk",
"bss":"bakossi",
"btk":"batak",
"bua":"buriatisk",
"bug":"buginesisk",
"bum":"bulu",
"byn":"blin",
"byv":"medumba",
"ca":"catalansk",
"cad":"caddo",
"cai":"mellemamerikansk indiansk sprog",
"car":"caribisk",
"cau":"kaukasisk sprog",
"cay":"cayuga",
"cch":"atsam",
"ce":"tjetjensk",
"ceb":"cebuano",
"cel":"keltisk sprog",
"cgg":"chiga",
"ch":"chamorro",
"chb":"chibcha",
"chg":"chagatai",
"chk":"chuukese",
"chm":"mari",
"chn":"chinook",
"cho":"choctaw",
"chp":"chipewyan",
"chr":"cherokee",
"chy":"cheyenne",
"ckb":"sorani",
"cmc":"chamiske sprog",
"co":"korsikansk",
"cop":"koptisk",
"cpe":"engelsk baseret kreolsk eller pidgin",
"cpf":"fransk baseret kreolsk eller pidginsprog",
"cpp":"portugisisk baseret kreolsk eller pidginsprog",
"cr":"cree",
"crh":"krim tyrkisk",
"crp":"kreolsk eller pidginsprog",
"cs":"tjekkisk",
"csb":"kasjubisk",
"cu":"kirkeslavisk",
"cus":"kusjitisk sprog",
"cv":"chuvash",
"cy":"walisisk",
"da":"dansk",
"dak":"dakota",
"dar":"dargwa",
"dav":"taita",
"day":"dayak",
"de":"tysk",
"de_AT":"østrigsk tysk",
"de_CH":"schweizerhøjtysk",
"del":"delaware",
"den":"athapaskisk",
"dgr":"dogrib",
"din":"dinka",
"dje":"zarma",
"doi":"dogri",
"dra":"dravidisk sprog",
"dsb":"nedersorbisk",
"dua":"duala",
"dum":"middelhollandsk",
"dv":"divehi",
"dyo":"jola-fonyi",
"dyu":"dyula",
"dz":"dzongkha",
"dzg":"dazaga",
"ebu":"kiembu",
"ee":"ewe",
"efi":"efik",
"egy":"oldegyptisk",
"eka":"ekajuk",
"el":"græsk",
"elx":"elamitisk",
"en":"engelsk",
"en_AU":"australsk engelsk",
"en_CA":"canadisk engelsk",
"en_GB":"britisk engelsk",
"en_US":"amerikansk engelsk",
"enm":"middelengelsk",
"eo":"esperanto",
"es":"spansk",
"es_419":"latinamerikansk spansk",
"es_ES":"europæisk spansk",
"es_MX":"mexicansk spansk",
"et":"estisk",
"eu":"baskisk",
"ewo":"ewondo",
"fa":"persisk",
"fan":"fang",
"fat":"fanti",
"ff":"fulah",
"fi":"finsk",
"fil":"filippinsk",
"fiu":"finsk-ugrisk sprog",
"fj":"fijiansk",
"fo":"færøsk",
"fon":"fon",
"fr":"fransk",
"fr_CA":"canadisk fransk",
"fr_CH":"schweizisk fransk",
"frm":"middelfransk",
"fro":"oldfransk",
"frr":"nordfrisisk",
"frs":"østfrisisk",
"fur":"friulian",
"fy":"frisisk",
"ga":"irsk",
"gaa":"ga",
"gay":"gayo",
"gba":"gbaya",
"gd":"skotsk gælisk",
"gem":"germansk sprog",
"gez":"geez",
"gil":"gilbertesisk",
"gl":"galicisk",
"gmh":"middelhøjtysk",
"gn":"guarani",
"goh":"oldhøjtysk",
"gon":"gondi",
"gor":"gorontalo",
"got":"gotisk",
"grb":"grebo",
"grc":"oldgræsk",
"gsw":"schweizertysk",
"gu":"gujarati",
"guz":"gusii",
"gv":"manx",
"gwi":"gwichin",
"ha":"hausa",
"hai":"haida",
"haw":"hawaiiansk",
"he":"hebraisk",
"hi":"hindi",
"hil":"hiligaynon",
"him":"himachali",
"hit":"hittitisk",
"hmn":"hmong",
"ho":"hirimotu",
"hr":"kroatisk",
"hsb":"øvresorbisk",
"ht":"haitisk",
"hu":"ungarsk",
"hup":"hupa",
"hy":"armensk",
"hz":"herero",
"ia":"interlingua",
"iba":"iban",
"ibb":"ibibio",
"id":"indonesisk",
"ie":"interlingue",
"ig":"igbo",
"ii":"sichuan yi",
"ijo":"ijo",
"ik":"inupiaq",
"ilo":"iloko",
"inc":"indisk sprog",
"ine":"indo-europæisk sprog",
"inh":"ingush",
"io":"ido",
"ira":"iransk sprog",
"iro":"irokesisk sprog",
"is":"islandsk",
"it":"italiensk",
"iu":"inuktitut",
"ja":"japansk",
"jbo":"lojban",
"jgo":"ngomba",
"jmc":"machame",
"jpr":"jødisk-persisk",
"jrb":"jødisk-arabisk",
"jv":"javanesisk",
"ka":"georgisk",
"kaa":"karakalpakisk",
"kab":"kabyle",
"kac":"kachin",
"kaj":"jju",
"kam":"kamba",
"kar":"karen",
"kaw":"kawi",
"kbd":"kabardian",
"kbl":"kanembu",
"kcg":"tyap",
"kde":"makonde",
"kea":"kapverdisk",
"kfo":"koro",
"kg":"kongo",
"kha":"khasi",
"khi":"khoisansprog",
"kho":"khotanesisk",
"khq":"koyra-chiini",
"ki":"kikuyu",
"kj":"kuanyama",
"kk":"kasakhisk",
"kkj":"kako",
"kl":"grønlandsk",
"kln":"kalenjin",
"km":"khmer",
"kmb":"kimbundu",
"kn":"kannada",
"ko":"koreansk",
"kok":"konkani",
"kos":"kosraean",
"kpe":"kpelle",
"kr":"kanuri",
"krc":"karatjai-balkar",
"krl":"karelsk",
"kro":"kru",
"kru":"kurukh",
"ks":"kashmiri",
"ksb":"shambala",
"ksf":"bafia",
"ksh":"kölsch",
"ku":"kurdisk",
"kum":"kymyk",
"kut":"kutenaj",
"kv":"komi",
"kw":"cornisk",
"ky":"kirgisisk",
"la":"latin",
"lad":"ladino",
"lag":"langi",
"lah":"lahnda",
"lam":"lamba",
"lb":"luxembourgsk",
"lez":"lezghian",
"lg":"ganda",
"li":"limburgsk",
"ln":"lingala",
"lo":"lao",
"lol":"mongo",
"loz":"lozi",
"lt":"litauisk",
"lu":"luba-Katanga",
"lua":"luba-Lulua",
"lui":"luiseno",
"lun":"lunda",
"luo":"luo",
"lus":"lushai",
"luy":"olulujia",
"lv":"lettisk",
"mad":"madurese",
"maf":"mafa",
"mag":"magahi",
"mai":"maithili",
"mak":"makasar",
"man":"mandingo",
"map":"austronesisk sprog",
"mas":"masai",
"mde":"maba",
"mdf":"moksha",
"mdr":"mandar",
"men":"mende",
"mer":"meru",
"mfe":"morisyen",
"mg":"malagassisk",
"mga":"middelirsk",
"mgh":"makhuwa-meetto",
"mgo":"meta",
"mh":"marshallese",
"mi":"maori",
"mic":"micmac",
"min":"minangkabau",
"mis":"diverse sprog",
"mk":"makedonsk",
"mkh":"mon-khmer sprog",
"ml":"malayalam",
"mn":"mongolsk",
"mnc":"manchu",
"mni":"manipuri",
"mno":"manobo sprog",
"mo":"moldovisk",
"moh":"mohawk",
"mos":"mossi",
"mr":"marathisk",
"ms":"malay",
"mt":"maltesisk",
"mua":"mundang",
"mul":"flere sprog",
"mun":"mundasprog",
"mus":"creek",
"mwl":"mirandesisk",
"mwr":"marwari",
"my":"burmesisk",
"mye":"myene",
"myn":"mayasprog",
"myv":"erzya",
"na":"nauru",
"nah":"nahuatl",
"nai":"nordamerikansk indiansk sprog",
"nap":"neapolitansk",
"naq":"nama",
"nb":"norsk bokmål",
"nd":"nordndebele",
"nds":"nedertysk",
"ne":"nepalesisk",
"new":"newari",
"ng":"ndonga",
"nia":"nias",
"nic":"niger-kordofanisk sprog",
"niu":"niuean",
"nl":"hollandsk",
"nl_BE":"flamsk",
"nmg":"kwasio",
"nn":"nynorsk",
"nnh":"ngiemboon",
"no":"norsk",
"nog":"nogai",
"non":"oldislandsk",
"nqo":"n-ko",
"nr":"sydndebele",
"nso":"nordsotho",
"nub":"nubisk sprog",
"nus":"nuer",
"nv":"navajo",
"nwc":"klassisk newarisk",
"ny":"nyanja",
"nym":"nyamwezi",
"nyn":"nyankole",
"nyo":"nyoro sprog",
"nzi":"nzima",
"oc":"occitansk",
"oj":"ojibwa",
"om":"oromo",
"or":"oriya",
"os":"ossetisk",
"osa":"osage",
"ota":"osmannisk-tyrkisk",
"oto":"otomi sprog",
"pa":"punjabi",
"paa":"papua-australsk sprog",
"pag":"pangasinan",
"pal":"pahlavi",
"pam":"pampanga",
"pap":"papiamento",
"pau":"palauansk",
"peo":"oldpersisk",
"phi":"filippinsk sprog",
"phn":"fønikisk",
"pi":"pali",
"pl":"polsk",
"pon":"ponape",
"pra":"prakritsprog",
"pro":"oldprovencalsk",
"ps":"pashto",
"pt":"portugisisk",
"pt_BR":"brasiliansk portugisisk",
"pt_PT":"europæisk portugisisk",
"qu":"quechua",
"raj":"rajasthani",
"rap":"rapanui",
"rar":"rarotongan",
"rm":"rætoromansk",
"rn":"rundi",
"ro":"rumænsk",
"roa":"romansk sprog",
"rof":"rombo",
"rom":"romani",
"root":"rot",
"ru":"russisk",
"rup":"arumænsk",
"rw":"kinyarwanda",
"rwk":"rwa",
"sa":"sanskrit",
"sad":"sandawe",
"sah":"yakut",
"sai":"sydamerikansk indiansk sprog",
"sal":"salikisk sprog",
"sam":"samaritansk",
"saq":"samburu",
"sas":"sasak",
"sat":"santali",
"sba":"ngambay",
"sbp":"sangu",
"sc":"sardinsk",
"scn":"siciliansk",
"sco":"skotsk",
"sd":"sindhi",
"se":"nordsamisk",
"see":"seneca",
"seh":"sena",
"sel":"selkupisk",
"sem":"semitisk sprog",
"ses":"koyraboro senni",
"sg":"sango",
"sga":"oldirsk",
"sgn":"tegnsprog",
"sh":"serbokroatisk",
"shi":"tachelhit",
"shn":"shan",
"shu":"tchadisk-arabisk",
"si":"singalesisk",
"sid":"sidamo",
"sio":"sioux sprog",
"sit":"sino-tibetansk sprog",
"sk":"slovakisk",
"sl":"slovensk",
"sla":"slavisk sprog",
"sm":"samoansk",
"sma":"sydsamisk",
"smi":"samisk sprog",
"smj":"lule sami",
"smn":"inari sami",
"sms":"skolt sami",
"sn":"shona",
"snk":"soninke",
"so":"somalisk",
"sog":"sogdiansk",
"son":"songhai",
"sq":"albansk",
"sr":"serbisk",
"srn":"sranan tongo",
"srr":"serer",
"ss":"swati",
"ssa":"nilo-saharansk sprog",
"ssy":"saho",
"st":"sydsotho",
"su":"sundanesisk",
"suk":"sukuma",
"sus":"susu",
"sux":"sumerisk",
"sv":"svensk",
"sw":"swahili",
"swb":"shimaore",
"swc":"congolesisk swahili",
"syc":"klassisk syrisk",
"syr":"syrisk",
"ta":"tamilsk",
"tai":"thaisprog",
"te":"telugu",
"tem":"temne",
"teo":"teso",
"ter":"tereno",
"tet":"tetum",
"tg":"tajik",
"th":"thailandsk",
"ti":"tigrinya",
"tig":"tigre",
"tiv":"tivi",
"tk":"turkmensk",
"tkl":"tokelau",
"tl":"tagalog",
"tlh":"klingon",
"tli":"tlingit",
"tmh":"tamashek",
"tn":"tswana",
"to":"tongansk",
"tog":"nyasa tongansk",
"tpi":"tok pisin",
"tr":"tyrkisk",
"trv":"taroko",
"ts":"tsonga",
"tsi":"tsimshisk",
"tt":"tatarisk",
"tum":"tumbuka",
"tup":"tupisprog",
"tut":"altaisk sprog",
"tvl":"tuvalu",
"tw":"twi",
"twq":"tasawaq",
"ty":"tahitiansk",
"tyv":"tuvinian",
"tzm":"centralmarokkansk tamazight",
"udm":"udmurt",
"ug":"uygurisk",
"uga":"ugaristisk",
"uk":"ukrainsk",
"umb":"umbundu",
"und":"ukendt sprog",
"ur":"urdu",
"uz":"usbekisk",
"vai":"vai",
"ve":"venda",
"vi":"vietnamesisk",
"vo":"volapyk",
"vot":"votisk",
"vun":"vunjo",
"wa":"vallonsk",
"wae":"walsertysk",
"wak":"wakashansk sprog",
"wal":"walamo",
"war":"waray",
"was":"washo",
"wen":"vendisk sprog",
"wo":"wolof",
"xal":"kalmyk",
"xh":"xhosa",
"xog":"soga",
"yao":"yao",
"yap":"yapese",
"yav":"yangben",
"ybb":"yemba",
"yi":"jiddisch",
"yo":"yoruba",
"ypk":"yupisk sprog",
"yue":"kantonesisk",
"za":"zhuang",
"zap":"zapotec",
"zbl":"blissymboler",
"zen":"zenaga",
"zgh":"tamazight",
"zh":"kinesisk",
"zh_Hans":"forenklet kinesisk",
"zh_Hant":"traditionelt kinesisk",
"znd":"zande",
"zu":"zulu",
"zun":"zuni",
"zxx":"intet sprogligt indhold",
"zza":"zaza"
},
"scripts":{
"Afak":"afaka",
"Arab":"arabisk",
"Armi":"armi",
"Armn":"armensk",
"Avst":"avestansk",
"Bali":"balinesisk",
"Bamu":"bamum",
"Bass":"bassa",
"Batk":"batak",
"Beng":"bengali",
"Blis":"blissymboler",
"Bopo":"bopomofo",
"Brah":"bramisk",
"Brai":"brailleskrift",
"Bugi":"buginesisk",
"Buhd":"buhid",
"Cakm":"cakm",
"Cans":"oprindelige canadiske symboler",
"Cari":"kariansk",
"Cham":"cham",
"Cher":"cherokee",
"Cirt":"cirt",
"Copt":"koptisk",
"Cprt":"cypriotisk",
"Cyrl":"kyrillisk",
"Cyrs":"kyrillisk - oldkirkeslavisk variant",
"Deva":"devanagari",
"Dsrt":"deseret",
"Dupl":"Duploya-stenografi",
"Egyd":"egyptisk demotisk",
"Egyh":"egyptisk hieratisk",
"Egyp":"egyptiske hieroglyffer",
"Ethi":"etiopisk",
"Geok":"georgisk kutsuri",
"Geor":"georgisk",
"Glag":"glagolitisk",
"Goth":"gotisk",
"Gran":"grantha",
"Grek":"græsk",
"Gujr":"gujarati",
"Guru":"gurmukhi",
"Hang":"hangul",
"Hani":"han",
"Hano":"hanunoo",
"Hans":"forenklet",
"Hant":"traditionelt",
"Hebr":"hebraisk",
"Hira":"hiragana",
"Hluw":"anatolske hieroglyffer",
"Hmng":"pahawh hmong",
"Hrkt":"katakana eller hiragana",
"Hung":"oldungarsk",
"Inds":"indus",
"Ital":"Olditalisk",
"Java":"javanesisk",
"Jpan":"japansk",
"Jurc":"jurchen",
"Kali":"kaya li",
"Kana":"katakana",
"Khar":"kharoshti",
"Khmr":"khmer",
"Khoj":"khojki",
"Knda":"kannada",
"Kore":"koreansk",
"Kpel":"kpelle",
"Kthi":"kthi",
"Lana":"lanna",
"Laoo":"lao",
"Latf":"latinsk - frakturvariant",
"Latg":"latinsk - gælisk variant",
"Latn":"latinsk",
"Lepc":"lepcha",
"Limb":"limbu",
"Lina":"lineær A",
"Linb":"lineær B",
"Lisu":"lisu",
"Loma":"loma",
"Lyci":"lykisk",
"Lydi":"lydisk",
"Mand":"mandaisk",
"Mani":"manikæisk",
"Maya":"mayahieroglyffer",
"Mend":"mende",
"Merc":"metroitisk sammenhængende",
"Mero":"meroitisk",
"Mlym":"malayalam",
"Mong":"mongolsk",
"Moon":"moon",
"Mroo":"mroo",
"Mtei":"meitei-mayek",
"Mymr":"burmesisk",
"Narb":"gammelt nordarabisk",
"Nbat":"nabateisk",
"Nkgb":"nakhi geba",
"Nkoo":"n'ko",
"Nshu":"nüshu",
"Ogam":"ogham",
"Olck":"ol-chiki",
"Orkh":"orkhon",
"Orya":"oriya",
"Osma":"osmannisk",
"Palm":"palmyrensk",
"Perm":"oldpermisk",
"Phag":"phags-pa",
"Phli":"phli",
"Phlp":"phlp",
"Phlv":"pahlavi",
"Phnx":"fønikisk",
"Plrd":"pollardtegn",
"Prti":"prti",
"Rjng":"rejang",
"Roro":"rongo-rongo",
"Runr":"runer",
"Samr":"samaritansk",
"Sara":"sarati",
"Sarb":"oldsørarabisk",
"Saur":"saurashtra",
"Sgnw":"tegnskrift",
"Shaw":"shavisk",
"Shrd":"sharada",
"Sind":"khudawadi",
"Sinh":"singalesisk",
"Sora":"sora",
"Sund":"sundanesisk",
"Sylo":"syloti nagri",
"Syrc":"syrisk",
"Syre":"syrisk - estrangelovariant",
"Syrj":"vestsyrisk",
"Syrn":"østsyriakisk",
"Tagb":"tagbanwa",
"Takr":"takri",
"Tale":"tai le",
"Talu":"tai lue",
"Taml":"tamilsk",
"Tang":"tangut",
"Tavt":"tavt",
"Telu":"telugu",
"Teng":"tengwar",
"Tfng":"tifinagh",
"Tglg":"tagalog",
"Thaa":"thaana",
"Thai":"thailandsk",
"Tibt":"tibetansk",
"Tirh":"tirhuta",
"Ugar":"ugaritisk",
"Vaii":"vai",
"Visp":"synlig tale",
"Wara":"varang kshiti",
"Wole":"woleai",
"Xpeo":"oldpersisk",
"Xsux":"sumero-akkadisk cuneiform",
"Yiii":"yi",
"Zinh":"arvet",
"Zmth":"zmth",
"Zsym":"zsym",
"Zxxx":"uden skriftsprog",
"Zyyy":"fælles",
"Zzzz":"ukendt skriftsprog"
},
"territories":{
"001":"Verden",
"002":"Afrika",
"003":"Nordamerika",
"005":"Sydamerika",
"009":"Oceanien",
"011":"Vestafrika",
"013":"Mellemamerika",
"014":"Østafrika",
"015":"Nordafrika",
"017":"Centralafrika",
"018":"Det sydlige Afrika",
"019":"Amerika",
"021":"Det nordlige Amerika",
"029":"Caribien",
"030":"Østasien",
"034":"Sydasien",
"035":"Sydøstasien",
"039":"Sydeuropa",
"053":"Australasien",
"054":"Melanesien",
"057":"Mikronesien",
"061":"Polynesien",
"142":"Asien",
"143":"Centralasien",
"145":"Vestasien",
"150":"Europa",
"151":"Østeuropa",
"154":"Nordeuropa",
"155":"Vesteuropa",
"419":"Latinamerika",
"AC":"Ascensionøen",
"AD":"Andorra",
"AE":"Forenede Arabiske Emirater",
"AF":"Afghanistan",
"AG":"Antigua og Barbuda",
"AI":"Anguilla",
"AL":"Albanien",
"AM":"Armenien",
"AN":"Hollandske Antiller",
"AO":"Angola",
"AQ":"Antarktis",
"AR":"Argentina",
"AS":"Amerikansk Samoa",
"AT":"Østrig",
"AU":"Australien",
"AW":"Aruba",
"AX":"Ålandsøerne",
"AZ":"Aserbajdsjan",
"BA":"Bosnien-Hercegovina",
"BB":"Barbados",
"BD":"Bangladesh",
"BE":"Belgien",
"BF":"Burkina Faso",
"BG":"Bulgarien",
"BH":"Bahrain",
"BI":"Burundi",
"BJ":"Benin",
"BL":"Saint Barthélemy",
"BM":"Bermuda",
"BN":"Brunei",
"BO":"Bolivia",
"BQ":"Nederlandske antiller",
"BR":"Brasilien",
"BS":"Bahamas",
"BT":"Bhutan",
"BV":"Bouvetøen",
"BW":"Botswana",
"BY":"Hviderusland",
"BZ":"Belize",
"CA":"Canada",
"CC":"Cocosøerne",
"CD":"Congo-Kinshasa",
"CF":"Centralafrikanske Republik",
"CG":"Congo-Brazzaville",
"CH":"Schweiz",
"CI":"Côte d’Ivoire",
"CK":"Cookøerne",
"CL":"Chile",
"CM":"Cameroun",
"CN":"Kina",
"CO":"Colombia",
"CP":"Clippertonøen",
"CR":"Costa Rica",
"CU":"Cuba",
"CV":"Kap Verde",
"CW":"Curaçao",
"CX":"Juleøen",
"CY":"Cypern",
"CZ":"Tjekkiet",
"DE":"Tyskland",
"DG":"Diego Garcia",
"DJ":"Djibouti",
"DK":"Danmark",
"DM":"Dominica",
"DO":"Den Dominikanske Republik",
"DZ":"Algeriet",
"EA":"Ceuta og Melilla",
"EC":"Ecuador",
"EE":"Estland",
"EG":"Egypten",
"EH":"Vestsahara",
"ER":"Eritrea",
"ES":"Spanien",
"ET":"Etiopien",
"EU":"Den Europæiske Union",
"FI":"Finland",
"FJ":"Fiji",
"FK":"Falklandsøerne",
"FM":"Mikronesiens Forenede Stater",
"FO":"Færøerne",
"FR":"Frankrig",
"GA":"Gabon",
"GB":"Storbritannien",
"GD":"Grenada",
"GE":"Georgien",
"GF":"Fransk Guyana",
"GG":"Guernsey",
"GH":"Ghana",
"GI":"Gibraltar",
"GL":"Grønland",
"GM":"Gambia",
"GN":"Guinea",
"GP":"Guadeloupe",
"GQ":"Ækvatorialguinea",
"GR":"Grækenland",
"GS":"South Georgia og De Sydlige Sandwichøer",
"GT":"Guatemala",
"GU":"Guam",
"GW":"Guinea-Bissau",
"GY":"Guyana",
"HK":"Hongkong SAR",
"HM":"Heard- og McDonald-øerne",
"HN":"Honduras",
"HR":"Kroatien",
"HT":"Haiti",
"HU":"Ungarn",
"IC":"Kanariske øer",
"ID":"Indonesien",
"IE":"Irland",
"IL":"Israel",
"IM":"Isle of Man",
"IN":"Indien",
"IO":"Det britiske territorium i Det Indiske Ocean",
"IQ":"Irak",
"IR":"Iran",
"IS":"Island",
"IT":"Italien",
"JE":"Jersey",
"JM":"Jamaica",
"JO":"Jordan",
"JP":"Japan",
"KE":"Kenya",
"KG":"Kirgisistan",
"KH":"Cambodja",
"KI":"Kiribati",
"KM":"Comorerne",
"KN":"Saint Kitts og Nevis",
"KP":"Nordkorea",
"KR":"Sydkorea",
"KW":"Kuwait",
"KY":"Caymanøerne",
"KZ":"Kasakhstan",
"LA":"Laos",
"LB":"Libanon",
"LC":"Saint Lucia",
"LI":"Liechtenstein",
"LK":"Sri Lanka",
"LR":"Liberia",
"LS":"Lesotho",
"LT":"Litauen",
"LU":"Luxembourg",
"LV":"Letland",
"LY":"Libyen",
"MA":"Marokko",
"MC":"Monaco",
"MD":"Moldova",
"ME":"Montenegro",
"MF":"Saint Martin",
"MG":"Madagaskar",
"MH":"Marshalløerne",
"MK":"Makedonien",
"ML":"Mali",
"MM":"Myanmar (Burma)",
"MN":"Mongoliet",
"MO":"Macao SAR",
"MP":"Nordmarianerne",
"MQ":"Martinique",
"MR":"Mauretanien",
"MS":"Montserrat",
"MT":"Malta",
"MU":"Mauritius",
"MV":"Maldiverne",
"MW":"Malawi",
"MX":"Mexico",
"MY":"Malaysia",
"MZ":"Mozambique",
"NA":"Namibia",
"NC":"Ny Caledonien",
"NE":"Niger",
"NF":"Norfolkøen",
"NG":"Nigeria",
"NI":"Nicaragua",
"NL":"Holland",
"NO":"Norge",
"NP":"Nepal",
"NR":"Nauru",
"NU":"Niue",
"NZ":"New Zealand",
"OM":"Oman",
"PA":"Panama",
"PE":"Peru",
"PF":"Fransk Polynesien",
"PG":"Papua Ny Guinea",
"PH":"Filippinerne",
"PK":"Pakistan",
"PL":"Polen",
"PM":"Saint Pierre og Miquelon",
"PN":"Pitcairn",
"PR":"Puerto Rico",
"PS":"De palæstinensiske områder",
"PT":"Portugal",
"PW":"Palau",
"PY":"Paraguay",
"QA":"Qatar",
"QO":"Ydre Oceanien",
"RE":"Réunion",
"RO":"Rumænien",
"RS":"Serbien",
"RU":"Rusland",
"RW":"Rwanda",
"SA":"Saudi-Arabien",
"SB":"Salomonøerne",
"SC":"Seychellerne",
"SD":"Sudan",
"SE":"Sverige",
"SG":"Singapore",
"SH":"St. Helena",
"SI":"Slovenien",
"SJ":"Svalbard og Jan Mayen",
"SK":"Slovakiet",
"SL":"Sierra Leone",
"SM":"San Marino",
"SN":"Senegal",
"SO":"Somalia",
"SR":"Surinam",
"SS":"Sydsudan",
"ST":"Sao Tome og Principe",
"SV":"El Salvador",
"SX":"Sint Maarten",
"SY":"Syrien",
"SZ":"Swaziland",
"TA":"Tristan da Cunha",
"TC":"Turks- og Caicosøerne",
"TD":"Tchad",
"TF":"De franske besiddelser i Det Sydlige Indiske Ocean",
"TG":"Togo",
"TH":"Thailand",
"TJ":"Tadsjikistan",
"TK":"Tokelau",
"TL":"Timor-Leste",
"TM":"Turkmenistan",
"TN":"Tunesien",
"TO":"Tonga",
"TR":"Tyrkiet",
"TT":"Trinidad og Tobago",
"TV":"Tuvalu",
"TW":"Taiwan",
"TZ":"Tanzania",
"UA":"Ukraine",
"UG":"Uganda",
"UM":"Amerikanske oversøiske øer",
"US":"USA",
"UY":"Uruguay",
"UZ":"Usbekistan",
"VA":"Vatikanstaten",
"VC":"Saint Vincent og Grenadinerne",
"VE":"Venezuela",
"VG":"De Britiske Jomfruøer",
"VI":"De Amerikanske Jomfruøer",
"VN":"Vietnam",
"VU":"Vanuatu",
"WF":"Wallis og Futuna",
"WS":"Samoa",
"XK":"Kosovo",
"YE":"Yemen",
"YT":"Mayotte",
"ZA":"Sydafrika",
"ZM":"Zambia",
"ZW":"Zimbabwe",
"ZZ":"Ukendt område"
},
"orientation":"left-to-right",
"dateFormat-full":"EEEE 'den' d. MMMM y",
"dateFormat-long":"d. MMM y",
"dateFormat-medium":"dd/MM/y",
"dateFormat-short":"dd/MM/yy",
"timeFormat-full":"HH.mm.ss zzzz",
"timeFormat-long":"HH.mm.ss z",
"timeFormat-medium":"HH.mm.ss",
"timeFormat-short":"HH.mm",
"dateTimeFormat-full":"{1} 'kl.' {0}",
"dateTimeFormat-long":"{1} 'kl.' {0}",
"dateTimeFormat-medium":"{1} {0}",
"dateTimeFormat-short":"{1} {0}",
"intervalFormatFallback":"{0} – {1}",
"intervalFormat-d-d":"d.–d.",
"intervalFormat-h-a":"h a – h a",
"intervalFormat-h-h":"h–h a",
"intervalFormat-H-H":"HH–HH",
"intervalFormat-hm-a":"h.mm a – h.mm a",
"intervalFormat-hm-h":"h.mm–h.mm a",
"intervalFormat-hm-m":"h.mm–h.mm a",
"intervalFormat-Hm-H":"HH.mm–HH.mm",
"intervalFormat-Hm-m":"HH.mm–HH.mm",
"intervalFormat-hmv-a":"h.mm a – h.mm a v",
"intervalFormat-hmv-h":"h.mm–h.mm a v",
"intervalFormat-hmv-m":"h.mm–h.mm a v",
"intervalFormat-Hmv-H":"HH.mm–HH.mm v",
"intervalFormat-Hmv-m":"HH.mm–HH.mm v",
"intervalFormat-hv-a":"h a – h a v",
"intervalFormat-hv-h":"h–h a v",
"intervalFormat-Hv-H":"HH–HH v",
"intervalFormat-M-M":"M–M",
"intervalFormat-Md-d":"dd/MM – dd/MM",
"intervalFormat-Md-M":"dd/MM – dd/MM",
"intervalFormat-MEd-d":"E dd/MM – E dd/MM",
"intervalFormat-MEd-M":"E dd/MM – E dd/MM",
"intervalFormat-MMM-M":"MMM–MMM",
"intervalFormat-MMMd-d":"d.–d. MMM",
"intervalFormat-MMMd-M":"d. MMM – d. MMM",
"intervalFormat-MMMEd-d":"E 'den' d. – E 'den' d. MMM",
"intervalFormat-MMMEd-M":"E 'den' d. MMM – E 'den' d. MMM",
"intervalFormat-y-y":"y–y",
"intervalFormat-yM-M":"MM/y – MM/y",
"intervalFormat-yM-y":"MM/y – MM/y",
"intervalFormat-yMd-d":"dd/MM/y – dd/MM/y",
"intervalFormat-yMd-M":"dd/MM/y – dd/MM/y",
"intervalFormat-yMd-y":"dd/MM/y – dd/MM/y",
"intervalFormat-yMEd-d":"E dd/MM/y – E dd/MM/y",
"intervalFormat-yMEd-M":"E dd/MM/y – E dd/MM/y",
"intervalFormat-yMEd-y":"E dd/MM/y – E dd/MM/y",
"intervalFormat-yMMM-M":"MMM–MMM y",
"intervalFormat-yMMM-y":"MMM y – MMM y",
"intervalFormat-yMMMd-d":"d.–d. MMM y",
"intervalFormat-yMMMd-M":"d. MMM – d. MMM y",
"intervalFormat-yMMMd-y":"d. MMM y – d. MMM y",
"intervalFormat-yMMMEd-d":"E 'den' d. – E 'den' d. MMM y",
"intervalFormat-yMMMEd-M":"E 'den' d. MMM – E 'den' d. MMM y",
"intervalFormat-yMMMEd-y":"E 'den' d. MMM y – E 'den' d. MMM y",
"intervalFormat-yMMMM-M":"MMMM–MMMM y",
"intervalFormat-yMMMM-y":"MMMM y – MMMM y",
"months-format-abbreviated":[
"jan.",
"feb.",
"mar.",
"apr.",
"maj",
"jun.",
"jul.",
"aug.",
"sep.",
"okt.",
"nov.",
"dec."],
"months-format-narrow":[
"J",
"F",
"M",
"A",
"M",
"J",
"J",
"A",
"S",
"O",
"N",
"D"],
"months-format-wide":[
"januar",
"februar",
"marts",
"april",
"maj",
"juni",
"juli",
"august",
"september",
"oktober",
"november",
"december"],
"months-standAlone-abbreviated":[
"jan",
"feb",
"mar",
"apr",
"maj",
"jun",
"jul",
"aug",
"sep",
"okt",
"nov",
"dec"],
"months-standAlone-narrow":[
"J",
"F",
"M",
"A",
"M",
"J",
"J",
"A",
"S",
"O",
"N",
"D"],
"months-standAlone-wide":[
"januar",
"februar",
"marts",
"april",
"maj",
"juni",
"juli",
"august",
"september",
"oktober",
"november",
"december"],
"days-format-abbreviated":[
"søn.",
"man.",
"tir.",
"ons.",
"tor.",
"fre.",
"lør."],
"days-format-narrow":[
"S",
"M",
"T",
"O",
"T",
"F",
"L"],
"days-format-short":[
"sø",
"ma",
"ti",
"on",
"to",
"fr",
"lø"],
"days-format-wide":[
"søndag",
"mandag",
"tirsdag",
"onsdag",
"torsdag",
"fredag",
"lørdag"],
"days-standAlone-abbreviated":[
"søn",
"man",
"tir",
"ons",
"tor",
"fre",
"lør"],
"days-standAlone-narrow":[
"S",
"M",
"T",
"O",
"T",
"F",
"L"],
"days-standAlone-short":[
"sø",
"ma",
"ti",
"on",
"to",
"fr",
"lø"],
"days-standAlone-wide":[
"søndag",
"mandag",
"tirsdag",
"onsdag",
"torsdag",
"fredag",
"lørdag"],
"quarters-format-abbreviated":[
"K1",
"K2",
"K3",
"K4"],
"quarters-format-narrow":[
"1",
"2",
"3",
"4"],
"quarters-format-wide":[
"1. kvartal",
"2. kvartal",
"3. kvartal",
"4. kvartal"],
"quarters-standAlone-abbreviated":[
"K1",
"K2",
"K3",
"K4"],
"quarters-standAlone-narrow":[
"1",
"2",
"3",
"4"],
"quarters-standAlone-wide":[
"1. kvartal",
"2. kvartal",
"3. kvartal",
"4. kvartal"],
"dayPeriods-format-abbreviated":[
"AM",
"PM"],
"dayPeriods-format-narrow":[
"AM",
"PM"],
"dayPeriods-format-wide":[
"AM",
"PM"],
"dayPeriods-standAlone-abbreviated":[
"AM",
"PM"],
"dayPeriods-standAlone-narrow":[
"AM",
"PM"],
"dayPeriods-standAlone-wide":[
"formiddag",
"eftermiddag"],
"decimalFormat":{
"standard":"#,##0.###"},
"decimalFormat-long":{
"1000-one":"0 tusind",
"1000-other":"0 tusind",
"10000-one":"00 tusind",
"10000-other":"00 tusind",
"100000-one":"000 tusind",
"100000-other":"000 tusind",
"1000000-one":"0 million",
"1000000-other":"0 millioner",
"10000000-one":"00 millioner",
"10000000-other":"00 millioner",
"100000000-one":"000 millioner",
"100000000-other":"000 millioner",
"1000000000-one":"0 milliard",
"1000000000-other":"0 milliarder",
"10000000000-one":"00 milliarder",
"10000000000-other":"00 milliarder",
"100000000000-one":"000 milliarder",
"100000000000-other":"000 milliarder",
"1000000000000-one":"0 billion",
"1000000000000-other":"0 billioner",
"10000000000000-one":"00 billioner",
"10000000000000-other":"00 billioner",
"100000000000000-one":"000 billioner",
"100000000000000-other":"000 billioner"},
"decimalFormat-short":{
"1000-one":"0 td",
"1000-other":"0 td",
"10000-one":"00 td",
"10000-other":"00 td",
"100000-one":"000 td",
"100000-other":"000 td",
"1000000-one":"0 mio",
"1000000-other":"0 mio",
"10000000-one":"00 mio",
"10000000-other":"00 mio",
"100000000-one":"000 mio",
"100000000-other":"000 mio",
"1000000000-one":"0 mia",
"1000000000-other":"0 mia",
"10000000000-one":"00 mia",
"10000000000-other":"00 mia",
"100000000000-one":"000 mia",
"100000000000-other":"000 mia",
"1000000000000-one":"0 bill",
"1000000000000-other":"0 bill",
"10000000000000-one":"00 bill",
"10000000000000-other":"00 bill",
"100000000000000-one":"000 bill",
"100000000000000-other":"000 bill"},
"scientificFormat":{
"standard":"#E0"},
"percentFormat":{
"standard":"#,##0 %"},
"currencyFormat":{
"standard":"#,##0.00 ¤"},
"symbols-latn-decimal":",",
"symbols-latn-group":".",
"symbols-latn-list":";",
"symbols-latn-percentSign":"%",
"symbols-latn-plusSign":"+",
"symbols-latn-minusSign":"-",
"symbols-latn-exponential":"E",
"symbols-latn-superscriptingExponent":"×",
"symbols-latn-perMille":"‰",
"symbols-latn-infinity":"∞",
"symbols-latn-nan":"NaN",
"currencyDigits":{
"ADP":0,
"AFN":0,
"ALL":0,
"AMD":0,
"BHD":3,
"BIF":0,
"BYR":0,
"CAD":2,
"CHF":2,
"CLF":0,
"CLP":0,
"COP":0,
"CRC":0,
"DEFAULT":2,
"DJF":0,
"ESP":0,
"GNF":0,
"GYD":0,
"HUF":0,
"IDR":0,
"IQD":0,
"IRR":0,
"ISK":0,
"ITL":0,
"JOD":3,
"JPY":0,
"KMF":0,
"KPW":0,
"KRW":0,
"KWD":3,
"LAK":0,
"LBP":0,
"LUF":0,
"LYD":3,
"MGA":0,
"MGF":0,
"MMK":0,
"MNT":0,
"MRO":0,
"MUR":0,
"OMR":3,
"PKR":0,
"PYG":0,
"RSD":0,
"RWF":0,
"SLL":0,
"SOS":0,
"STD":0,
"SYP":0,
"TMM":0,
"TND":3,
"TRL":0,
"TZS":0,
"TWD":2,
"UGX":0,
"UZS":0,
"VND":0,
"VUV":0,
"XAF":0,
"XOF":0,
"XPF":0,
"YER":0,
"ZMK":0,
"ZWD":0
},
"currencySymbols":{
"AUD":"A$",
"BRL":"R$",
"CAD":"CA$",
"CNY":"CN¥",
"EUR":"€",
"GBP":"£",
"HKD":"HK$",
"ILS":"₪",
"INR":"₹",
"JPY":"JP¥",
"KRW":"₩",
"MXN":"MX$",
"NZD":"NZ$",
"THB":"฿",
"TWD":"NT$",
"USD":"US$",
"VND":"₫",
"XAF":"FCFA",
"XCD":"EC$",
"XOF":"CFA",
"XPF":"CFPF"
},
"weekData-minDays":4,
"weekData-firstDay":1,
"weekData-weekendStart":6,
"weekData-weekendEnd":0
}