{
"__license":"This file has been derived from Unicode Common Locale Data Repository (CLDR) files (http://cldr.unicode.org). See the copyright and permission notice in the Unicode-Data-Files-LICENSE.txt available at the same location as this file or visit http://www.unicode.org/copyright.html",
"languages":{
"aa":"Afar",
"ab":"Abchasisch",
"ace":"Aceh-Sprache",
"ach":"Acholi-Sprache",
"ada":"Adangme",
"ady":"Adygeisch",
"ae":"Avestisch",
"af":"Afrikaans",
"afa":"Afroasiatisch",
"afh":"Afrihili",
"agq":"Aghem",
"ain":"Ainu-Sprache",
"ak":"Akan",
"akk":"Akkadisch",
"ale":"Aleutisch",
"alg":"Algonkin-Sprache",
"alt":"Süd-Altaisch",
"am":"Amharisch",
"an":"Aragonesisch",
"ang":"Altenglisch",
"anp":"Angika",
"apa":"Apache-Sprache",
"ar":"Arabisch",
"ar_001":"Modernes Hocharabisch",
"arc":"Aramäisch",
"arn":"Araukanisch",
"arp":"Arapaho-Sprache",
"art":"Kunstsprache",
"arw":"Arawak-Sprache",
"as":"Assamesisch",
"asa":"Pare",
"ast":"Asturianisch",
"ath":"Athapaskisch",
"aus":"Australisch",
"av":"Awarisch",
"awa":"Awadhi",
"ay":"Aymara",
"az":"Aserbaidschanisch",
"ba":"Baschkirisch",
"bad":"Banda-Sprache",
"bai":"Bamileke-Sprache",
"bal":"Belutschisch",
"ban":"Balinesisch",
"bas":"Basaa-Sprache",
"bat":"Baltisch",
"bax":"Bamun",
"bbj":"Ghomala",
"be":"Weißrussisch",
"bej":"Bedauye",
"bem":"Bemba-Sprache",
"ber":"Berbersprache",
"bez":"Bena",
"bfd":"Bafut",
"bg":"Bulgarisch",
"bh":"Biharisch",
"bho":"Bhodschpuri",
"bi":"Bislama",
"bik":"Bikol-Sprache",
"bin":"Bini-Sprache",
"bkm":"Kom",
"bla":"Blackfoot-Sprache",
"bm":"Bambara-Sprache",
"bn":"Bengalisch",
"bnt":"Bantusprache",
"bo":"Tibetisch",
"br":"Bretonisch",
"bra":"Braj-Bhakha",
"brx":"Bodo",
"bs":"Bosnisch",
"bss":"Akoose",
"btk":"Batak",
"bua":"Burjatisch",
"bug":"Buginesisch",
"bum":"Bulu",
"byn":"Blin",
"byv":"Medumba",
"ca":"Katalanisch",
"cad":"Caddo",
"cai":"Zentralamerikanische Indianersprache",
"car":"Karibisch",
"cau":"Kaukasisch",
"cay":"Cayuga",
"cch":"Atsam",
"ce":"Tschetschenisch",
"ceb":"Cebuano",
"cel":"Keltisch",
"cgg":"Chiga",
"ch":"Chamorro-Sprache",
"chb":"Chibcha-Sprache",
"chg":"Tschagataisch",
"chk":"Trukesisch",
"chm":"Tscheremissisch",
"chn":"Chinook",
"cho":"Choctaw",
"chp":"Chipewyan",
"chr":"Cherokee",
"chy":"Cheyenne",
"ckb":"Sorani",
"cmc":"Cham-Sprache",
"co":"Korsisch",
"cop":"Koptisch",
"cpe":"Kreolisch-Englische Sprache",
"cpf":"Kreolisch-Französische Sprache",
"cpp":"Kreolisch-Portugiesische Sprache",
"cr":"Cree",
"crh":"Krimtatarisch",
"crp":"Kreolische Sprache",
"cs":"Tschechisch",
"csb":"Kaschubisch",
"cu":"Kirchenslawisch",
"cus":"Kuschitisch",
"cv":"Tschuwaschisch",
"cy":"Walisisch",
"da":"Dänisch",
"dak":"Dakota-Sprache",
"dar":"Darginisch",
"dav":"Taita",
"day":"Dajak",
"de":"Deutsch",
"de_AT":"Österreichisches Deutsch",
"de_CH":"Schweizer Hochdeutsch",
"del":"Delaware-Sprache",
"den":"Slave",
"dgr":"Dogrib",
"din":"Dinka-Sprache",
"dje":"Zarma",
"doi":"Dogri",
"dra":"Drawidisch",
"dsb":"Niedersorbisch",
"dua":"Duala",
"dum":"Mittelniederländisch",
"dv":"Maledivisch",
"dyo":"Diola",
"dyu":"Dyula-Sprache",
"dz":"Bhutanisch",
"dzg":"Dazaga",
"ebu":"Kiembu",
"ee":"Ewe-Sprache",
"efi":"Efik",
"egy":"Ägyptisch",
"eka":"Ekajuk",
"el":"Griechisch",
"elx":"Elamisch",
"en":"Englisch",
"en_AU":"Australisches Englisch",
"en_CA":"Kanadisches Englisch",
"en_GB":"Britisches Englisch",
"en_US":"Amerikanisches Englisch",
"enm":"Mittelenglisch",
"eo":"Esperanto",
"es":"Spanisch",
"es_419":"Lateinamerikanisches Spanisch",
"es_ES":"Europäisches Spanisch",
"es_MX":"Mexikanisches Spanisch",
"et":"Estnisch",
"eu":"Baskisch",
"ewo":"Ewondo",
"fa":"Persisch",
"fan":"Pangwe-Sprache",
"fat":"Fanti-Sprache",
"ff":"Ful",
"fi":"Finnisch",
"fil":"Filipino",
"fiu":"Finnougrisch",
"fj":"Fidschianisch",
"fo":"Färöisch",
"fon":"Fon-Sprache",
"fr":"Französisch",
"fr_CA":"Kanadisches Französisch",
"fr_CH":"Schweizer Französisch",
"frm":"Mittelfranzösisch",
"fro":"Altfranzösisch",
"frr":"Nordfriesisch",
"frs":"Ostfriesisch",
"fur":"Friulisch",
"fy":"Westfriesisch",
"ga":"Irisch",
"gaa":"Ga-Sprache",
"gay":"Gayo",
"gba":"Gbaya-Sprache",
"gd":"Schottisches Gälisch",
"gem":"Germanisch",
"gez":"Geez",
"gil":"Gilbertesisch",
"gl":"Galizisch",
"gmh":"Mittelhochdeutsch",
"gn":"Guarani",
"goh":"Althochdeutsch",
"gon":"Gondi-Sprache",
"gor":"Mongondou",
"got":"Gotisch",
"grb":"Grebo-Sprache",
"grc":"Altgriechisch",
"gsw":"Schweizerdeutsch",
"gu":"Gujarati",
"guz":"Gusii",
"gv":"Manx",
"gwi":"Kutchin-Sprache",
"ha":"Hausa",
"hai":"Haida-Sprache",
"haw":"Hawaiisch",
"he":"Hebräisch",
"hi":"Hindi",
"hil":"Hiligaynon-Sprache",
"him":"Himachali",
"hit":"Hethitisch",
"hmn":"Miao-Sprache",
"ho":"Hiri-Motu",
"hr":"Kroatisch",
"hsb":"Obersorbisch",
"ht":"Haitianisch",
"hu":"Ungarisch",
"hup":"Hupa",
"hy":"Armenisch",
"hz":"Herero-Sprache",
"ia":"Interlingua",
"iba":"Iban",
"ibb":"Ibibio",
"id":"Indonesisch",
"ie":"Interlingue",
"ig":"Igbo-Sprache",
"ii":"Sichuan Yi",
"ijo":"Ijo-Sprache",
"ik":"Inupiak",
"ilo":"Ilokano-Sprache",
"inc":"Indoarisch",
"ine":"Indogermanisch",
"inh":"Inguschisch",
"io":"Ido-Sprache",
"ira":"Iranische Sprache",
"iro":"Irokesische Sprache",
"is":"Isländisch",
"it":"Italienisch",
"iu":"Inuktitut",
"ja":"Japanisch",
"jbo":"Lojban",
"jmc":"Machame",
"jpr":"Jüdisch-Persisch",
"jrb":"Jüdisch-Arabisch",
"jv":"Javanisch",
"ka":"Georgisch",
"kaa":"Karakalpakisch",
"kab":"Kabylisch",
"kac":"Kachin-Sprache",
"kaj":"Jju",
"kam":"Kamba",
"kar":"Karenisch",
"kaw":"Kawi",
"kbd":"Kabardinisch",
"kbl":"Kanembu",
"kcg":"Tyap",
"kde":"Makonde",
"kea":"Kabuverdianu",
"kfo":"Koro",
"kg":"Kongolesisch",
"kha":"Khasi-Sprache",
"khi":"Khoisan-Sprache",
"kho":"Sakisch",
"khq":"Koyra Chiini",
"ki":"Kikuyu-Sprache",
"kj":"Kwanyama",
"kk":"Kasachisch",
"kkj":"Kako",
"kl":"Grönländisch",
"kln":"Kalenjin",
"km":"Kambodschanisch",
"kmb":"Kimbundu-Sprache",
"kn":"Kannada",
"ko":"Koreanisch",
"kok":"Konkani",
"kos":"Kosraeanisch",
"kpe":"Kpelle-Sprache",
"kr":"Kanuri-Sprache",
"krc":"Karatschaiisch-Balkarisch",
"krl":"Karelisch",
"kro":"Kru-Sprache",
"kru":"Oraon-Sprache",
"ks":"Kaschmirisch",
"ksb":"Shambala",
"ksf":"Bafia",
"ksh":"Kölsch",
"ku":"Kurdisch",
"kum":"Kumükisch",
"kut":"Kutenai-Sprache",
"kv":"Komi-Sprache",
"kw":"Kornisch",
"ky":"Kirgisisch",
"la":"Latein",
"lad":"Ladino",
"lag":"Langi",
"lah":"Lahnda",
"lam":"Lamba-Sprache",
"lb":"Luxemburgisch",
"lez":"Lesgisch",
"lg":"Ganda-Sprache",
"li":"Limburgisch",
"ln":"Lingala",
"lo":"Laotisch",
"lol":"Mongo",
"loz":"Rotse-Sprache",
"lt":"Litauisch",
"lu":"Luba-Katanga",
"lua":"Luba-Lulua",
"lui":"Luiseno-Sprache",
"lun":"Lunda-Sprache",
"luo":"Luo-Sprache",
"lus":"Lushai-Sprache",
"luy":"Olulujia",
"lv":"Lettisch",
"mad":"Maduresisch",
"maf":"Mafa",
"mag":"Khotta",
"mai":"Maithili",
"mak":"Makassarisch",
"man":"Manding-Sprache",
"map":"Austronesisch",
"mas":"Massai-Sprache",
"mde":"Maba",
"mdf":"Moksha",
"mdr":"Mandaresisch",
"men":"Mende-Sprache",
"mer":"Meru",
"mfe":"Morisyen",
"mg":"Malagassi-Sprache",
"mga":"Mittelirisch",
"mgh":"Makhuwa-Meetto",
"mh":"Marschallesisch",
"mi":"Maori",
"mic":"Micmac-Sprache",
"min":"Minangkabau-Sprache",
"mis":"Andere Sprache",
"mk":"Mazedonisch",
"mkh":"Mon-Khmer-Sprache",
"ml":"Malayalam",
"mn":"Mongolisch",
"mnc":"Mandschurisch",
"mni":"Meithei-Sprache",
"mno":"Manobo-Sprache",
"mo":"Moldauisch",
"moh":"Mohawk-Sprache",
"mos":"Mossi-Sprache",
"mr":"Marathi",
"ms":"Malaiisch",
"mt":"Maltesisch",
"mua":"Mundang",
"mul":"Mehrsprachig",
"mun":"Munda-Sprache",
"mus":"Muskogee-Sprache",
"mwl":"Mirandesisch",
"mwr":"Marwari",
"my":"Birmanisch",
"mye":"Myene",
"myn":"Maya-Sprache",
"myv":"Ersja-Mordwinisch",
"na":"Nauruisch",
"nah":"Nahuatl",
"nai":"Nordamerikanische Indianersprache",
"nap":"Neapolitanisch",
"naq":"Nama",
"nb":"Norwegisch Bokmål",
"nd":"Nord-Ndebele-Sprache",
"nds":"Niederdeutsch",
"ne":"Nepalesisch",
"new":"Newari",
"ng":"Ndonga",
"nia":"Nias-Sprache",
"nic":"Nigerkordofanisch",
"niu":"Niue-Sprache",
"nl":"Niederländisch",
"nl_BE":"Flämisch",
"nmg":"Kwasio",
"nn":"Norwegisch Nynorsk",
"nnh":"Ngiemboon",
"no":"Norwegisch",
"nog":"Nogai",
"non":"Altnordisch",
"nqo":"N’Ko",
"nr":"Süd-Ndebele-Sprache",
"nso":"Nord-Sotho-Sprache",
"nub":"Nubisch",
"nus":"Nuer",
"nv":"Navajo",
"nwc":"Alt-Newari",
"ny":"Nyanja-Sprache",
"nym":"Nyamwezi-Sprache",
"nyn":"Nyankole",
"nyo":"Nyoro",
"nzi":"Nzima",
"oc":"Okzitanisch",
"oj":"Ojibwa-Sprache",
"om":"Oromo",
"or":"Orija",
"os":"Ossetisch",
"osa":"Osage-Sprache",
"ota":"Osmanisch",
"oto":"Otomangue-Sprache",
"pa":"Pandschabisch",
"paa":"Papuasprache",
"pag":"Pangasinan-Sprache",
"pal":"Mittelpersisch",
"pam":"Pampanggan-Sprache",
"pap":"Papiamento",
"pau":"Palau",
"peo":"Altpersisch",
"phi":"Philippinen-Austronesisch",
"phn":"Phönikisch",
"pi":"Pali",
"pl":"Polnisch",
"pon":"Ponapeanisch",
"pra":"Prakrit",
"pro":"Altprovenzalisch",
"ps":"Paschtu",
"pt":"Portugiesisch",
"pt_BR":"Brasilianisches Portugiesisch",
"pt_PT":"Europäisches Portugiesisch",
"qu":"Quechua",
"raj":"Rajasthani",
"rap":"Osterinsel-Sprache",
"rar":"Rarotonganisch",
"rm":"Rätoromanisch",
"rn":"Rundi-Sprache",
"ro":"Rumänisch",
"roa":"Romanische Sprache",
"rof":"Rombo",
"rom":"Romani",
"root":"Root",
"ru":"Russisch",
"rup":"Aromunisch",
"rw":"Ruandisch",
"rwk":"Rwa",
"sa":"Sanskrit",
"sad":"Sandawe-Sprache",
"sah":"Jakutisch",
"sai":"Südamerikanische Indianersprache",
"sal":"Salish-Sprache",
"sam":"Samaritanisch",
"saq":"Samburu",
"sas":"Sasak",
"sat":"Santali",
"sba":"Ngambay",
"sbp":"Sangu",
"sc":"Sardisch",
"scn":"Sizilianisch",
"sco":"Schottisch",
"sd":"Sindhi",
"se":"Nord-Samisch",
"see":"Seneca",
"seh":"Sena",
"sel":"Selkupisch",
"sem":"Semitisch",
"ses":"Koyra Senni",
"sg":"Sango",
"sga":"Altirisch",
"sgn":"Gebärdensprache",
"sh":"Serbo-Kroatisch",
"shi":"Taschelhit",
"shn":"Schan-Sprache",
"shu":"Tschadisch-Arabisch",
"si":"Singhalesisch",
"sid":"Sidamo",
"sio":"Sioux-Sprache",
"sit":"Sinotibetisch",
"sk":"Slowakisch",
"sl":"Slowenisch",
"sla":"Slawisch",
"sm":"Samoanisch",
"sma":"Süd-Samisch",
"smi":"Lappisch",
"smj":"Lule-Lappisch",
"smn":"Inari-Lappisch",
"sms":"Skolt-Lappisch",
"sn":"Shona",
"snk":"Soninke-Sprache",
"so":"Somali",
"sog":"Sogdisch",
"son":"Songhai-Sprache",
"sq":"Albanisch",
"sr":"Serbisch",
"srn":"Srananisch",
"srr":"Serer-Sprache",
"ss":"Swazi",
"ssa":"Nilosaharanisch",
"ssy":"Saho",
"st":"Süd-Sotho-Sprache",
"su":"Sundanesisch",
"suk":"Sukuma-Sprache",
"sus":"Susu",
"sux":"Sumerisch",
"sv":"Schwedisch",
"sw":"Suaheli",
"swb":"Komorisch",
"swc":"Kongo-Suaheli",
"syc":"Altsyrisch",
"syr":"Syrisch",
"ta":"Tamilisch",
"tai":"Tai-Sprache",
"te":"Telugu",
"tem":"Temne",
"teo":"Teso",
"ter":"Tereno-Sprache",
"tet":"Tetum-Sprache",
"tg":"Tadschikisch",
"th":"Thailändisch",
"ti":"Tigrinja",
"tig":"Tigre",
"tiv":"Tiv-Sprache",
"tk":"Turkmenisch",
"tkl":"Tokelauanisch",
"tl":"Tagalog",
"tlh":"Klingonisch",
"tli":"Tlingit-Sprache",
"tmh":"Tamaseq",
"tn":"Tswana-Sprache",
"to":"Tongaisch",
"tog":"Tsonga-Sprache",
"tpi":"Neumelanesisch",
"tr":"Türkisch",
"trv":"Taroko",
"ts":"Tsonga",
"tsi":"Tsimshian-Sprache",
"tt":"Tatarisch",
"tum":"Tumbuka-Sprache",
"tup":"Tupi-Sprache",
"tut":"Altaisch",
"tvl":"Elliceanisch",
"tw":"Twi",
"twq":"Tasawaq",
"ty":"Tahitisch",
"tyv":"Tuwinisch",
"tzm":"Zentralatlas-Tamazight",
"udm":"Udmurtisch",
"ug":"Uigurisch",
"uga":"Ugaritisch",
"uk":"Ukrainisch",
"umb":"Mbundu-Sprache",
"und":"Unbestimmte Sprache",
"ur":"Urdu",
"uz":"Usbekisch",
"vai":"Vai-Sprache",
"ve":"Venda-Sprache",
"vi":"Vietnamesisch",
"vo":"Volapük",
"vot":"Wotisch",
"vun":"Vunjo",
"wa":"Wallonisch",
"wae":"Walser-Dialekte",
"wak":"Wakashanisch",
"wal":"Walamo-Sprache",
"war":"Waray",
"was":"Washo-Sprache",
"wen":"Sorbisch",
"wo":"Wolof",
"xal":"Kalmückisch",
"xh":"Xhosa",
"xog":"Soga",
"yao":"Yao-Sprache",
"yap":"Yapesisch",
"yav":"Yangben",
"ybb":"Yemba",
"yi":"Jiddisch",
"yo":"Yoruba",
"ypk":"Yupik-Sprache",
"yue":"Kantonesisch",
"za":"Zhuang",
"zap":"Zapotekisch",
"zbl":"Bliss-Symbole",
"zen":"Zenaga",
"zgh":"Tamazight",
"zh":"Chinesisch",
"zh_Hans":"Chinesisch (vereinfacht)",
"zh_Hant":"Chinesisch (traditionell)",
"znd":"Zande-Sprache",
"zu":"Zulu",
"zun":"Zuni-Sprache",
"zxx":"Keine Sprachinhalte",
"zza":"Zaza"
},
"scripts":{
"Arab":"Arabisch",
"Armi":"Armi",
"Armn":"Armenisch",
"Avst":"Avestisch",
"Bali":"Balinesisch",
"Batk":"Battakisch",
"Beng":"Bengalisch",
"Blis":"Bliss-Symbole",
"Bopo":"Bopomofo",
"Brah":"Brahmi",
"Brai":"Blindenschrift",
"Bugi":"Buginesisch",
"Buhd":"Buhid",
"Cans":"UCAS",
"Cari":"Karisch",
"Cham":"Cham",
"Cher":"Cherokee",
"Cirt":"Cirth",
"Copt":"Koptisch",
"Cprt":"Zypriotisch",
"Cyrl":"Kyrillisch",
"Cyrs":"Altkirchenslawisch",
"Deva":"Devanagari",
"Dsrt":"Deseret",
"Egyd":"Ägyptisch - Demotisch",
"Egyh":"Ägyptisch - Hieratisch",
"Egyp":"Ägyptische Hieroglyphen",
"Ethi":"Äthiopisch",
"Geok":"Khutsuri",
"Geor":"Georgisch",
"Glag":"Glagolitisch",
"Goth":"Gotisch",
"Grek":"Griechisch",
"Gujr":"Gujarati",
"Guru":"Gurmukhi",
"Hang":"Hangul",
"Hani":"Chinesisch",
"Hano":"Hanunoo",
"Hans":"Vereinfacht",
"Hant":"Traditionell",
"Hebr":"Hebräisch",
"Hira":"Hiragana",
"Hmng":"Pahawh Hmong",
"Hrkt":"Katakana oder Hiragana",
"Hung":"Altungarisch",
"Inds":"Indus-Schrift",
"Ital":"Altitalisch",
"Java":"Javanesisch",
"Jpan":"Japanisch",
"Kali":"Kayah Li",
"Kana":"Katakana",
"Khar":"Kharoshthi",
"Khmr":"Khmer",
"Knda":"Kannada",
"Kore":"Koreanisch",
"Lana":"Lanna",
"Laoo":"Laotisch",
"Latf":"Lateinisch - Fraktur-Variante",
"Latg":"Lateinisch - Gälische Variante",
"Latn":"Lateinisch",
"Lepc":"Lepcha",
"Limb":"Limbu",
"Lina":"Linear A",
"Linb":"Linear B",
"Lyci":"Lykisch",
"Lydi":"Lydisch",
"Mand":"Mandäisch",
"Mani":"Manichäisch",
"Maya":"Maya-Hieroglyphen",
"Mero":"Meroitisch",
"Mlym":"Malaysisch",
"Mong":"Mongolisch",
"Moon":"Moon",
"Mtei":"Meitei Mayek",
"Mymr":"Birmanisch",
"Nkoo":"N’Ko",
"Ogam":"Ogham",
"Olck":"Ol Chiki",
"Orkh":"Orchon-Runen",
"Orya":"Oriya",
"Osma":"Osmanisch",
"Perm":"Altpermisch",
"Phag":"Phags-pa",
"Phlv":"Pahlavi",
"Phnx":"Phönizisch",
"Plrd":"Pollard Phonetisch",
"Rjng":"Rejang",
"Roro":"Rongorongo",
"Runr":"Runenschrift",
"Samr":"Samaritanisch",
"Sara":"Sarati",
"Saur":"Saurashtra",
"Sgnw":"Gebärdensprache",
"Shaw":"Shaw-Alphabet",
"Sinh":"Singhalesisch",
"Sund":"Sundanesisch",
"Sylo":"Syloti Nagri",
"Syrc":"Syrisch",
"Syre":"Syrisch - Estrangelo-Variante",
"Syrj":"Westsyrisch",
"Syrn":"Ostsyrisch",
"Tagb":"Tagbanwa",
"Tale":"Tai Le",
"Talu":"Tai Lue",
"Taml":"Tamilisch",
"Telu":"Telugu",
"Teng":"Tengwar",
"Tfng":"Tifinagh",
"Tglg":"Tagalog",
"Thaa":"Thaana",
"Thai":"Thai",
"Tibt":"Tibetisch",
"Ugar":"Ugaritisch",
"Vaii":"Vai",
"Visp":"Sichtbare Sprache",
"Xpeo":"Altpersisch",
"Xsux":"Sumerisch-akkadische Keilschrift",
"Yiii":"Yi",
"Zinh":"Geerbter Schriftwert",
"Zsym":"Symbole",
"Zxxx":"Schriftlos",
"Zyyy":"Unbestimmt",
"Zzzz":"Unbekannte Schrift"
},
"territories":{
"001":"Welt",
"002":"Afrika",
"003":"Nordamerika",
"005":"Südamerika",
"009":"Ozeanien",
"011":"Westafrika",
"013":"Mittelamerika",
"014":"Ostafrika",
"015":"Nordafrika",
"017":"Zentralafrika",
"018":"Südliches Afrika",
"019":"Amerika",
"021":"Nördliches Amerika",
"029":"Karibik",
"030":"Ostasien",
"034":"Südasien",
"035":"Südostasien",
"039":"Südeuropa",
"053":"Australasien",
"054":"Melanesien",
"057":"Mikronesisches Inselgebiet",
"061":"Polynesien",
"142":"Asien",
"143":"Zentralasien",
"145":"Westasien",
"150":"Europa",
"151":"Osteuropa",
"154":"Nordeuropa",
"155":"Westeuropa",
"419":"Lateinamerika",
"AC":"Ascension",
"AD":"Andorra",
"AE":"Vereinigte Arabische Emirate",
"AF":"Afghanistan",
"AG":"Antigua und Barbuda",
"AI":"Anguilla",
"AL":"Albanien",
"AM":"Armenien",
"AN":"Niederländische Antillen",
"AO":"Angola",
"AQ":"Antarktis",
"AR":"Argentinien",
"AS":"Amerikanisch-Samoa",
"AT":"Österreich",
"AU":"Australien",
"AW":"Aruba",
"AX":"Åland-Inseln",
"AZ":"Aserbaidschan",
"BA":"Bosnien und Herzegowina",
"BB":"Barbados",
"BD":"Bangladesch",
"BE":"Belgien",
"BF":"Burkina Faso",
"BG":"Bulgarien",
"BH":"Bahrain",
"BI":"Burundi",
"BJ":"Benin",
"BL":"St. Barthélemy",
"BM":"Bermuda",
"BN":"Brunei Darussalam",
"BO":"Bolivien",
"BQ":"Karibische Niederlande",
"BR":"Brasilien",
"BS":"Bahamas",
"BT":"Bhutan",
"BV":"Bouvetinsel",
"BW":"Botsuana",
"BY":"Belarus",
"BZ":"Belize",
"CA":"Kanada",
"CC":"Kokosinseln",
"CD":"Kongo-Kinshasa",
"CF":"Zentralafrikanische Republik",
"CG":"Kongo-Brazzaville",
"CH":"Schweiz",
"CI":"Côte d’Ivoire",
"CK":"Cookinseln",
"CL":"Chile",
"CM":"Kamerun",
"CN":"China",
"CO":"Kolumbien",
"CP":"Clipperton-Insel",
"CR":"Costa Rica",
"CU":"Kuba",
"CV":"Kap Verde",
"CW":"Curaçao",
"CX":"Weihnachtsinsel",
"CY":"Zypern",
"CZ":"Tschechische Republik",
"DE":"Deutschland",
"DG":"Diego Garcia",
"DJ":"Dschibuti",
"DK":"Dänemark",
"DM":"Dominica",
"DO":"Dominikanische Republik",
"DZ":"Algerien",
"EA":"Ceuta und Melilla",
"EC":"Ecuador",
"EE":"Estland",
"EG":"Ägypten",
"EH":"Westsahara",
"ER":"Eritrea",
"ES":"Spanien",
"ET":"Äthiopien",
"EU":"Europäische Union",
"FI":"Finnland",
"FJ":"Fidschi",
"FK":"Falklandinseln",
"FM":"Mikronesien",
"FO":"Färöer",
"FR":"Frankreich",
"GA":"Gabun",
"GB":"Vereinigtes Königreich",
"GD":"Grenada",
"GE":"Georgien",
"GF":"Französisch-Guayana",
"GG":"Guernsey",
"GH":"Ghana",
"GI":"Gibraltar",
"GL":"Grönland",
"GM":"Gambia",
"GN":"Guinea",
"GP":"Guadeloupe",
"GQ":"Äquatorialguinea",
"GR":"Griechenland",
"GS":"Südgeorgien und die Südlichen Sandwichinseln",
"GT":"Guatemala",
"GU":"Guam",
"GW":"Guinea-Bissau",
"GY":"Guyana",
"HK":"Sonderverwaltungszone Hongkong",
"HM":"Heard- und McDonald-Inseln",
"HN":"Honduras",
"HR":"Kroatien",
"HT":"Haiti",
"HU":"Ungarn",
"IC":"Kanarische Inseln",
"ID":"Indonesien",
"IE":"Irland",
"IL":"Israel",
"IM":"Isle of Man",
"IN":"Indien",
"IO":"Britisches Territorium im Indischen Ozean",
"IQ":"Irak",
"IR":"Iran",
"IS":"Island",
"IT":"Italien",
"JE":"Jersey",
"JM":"Jamaika",
"JO":"Jordanien",
"JP":"Japan",
"KE":"Kenia",
"KG":"Kirgisistan",
"KH":"Kambodscha",
"KI":"Kiribati",
"KM":"Komoren",
"KN":"St. Kitts und Nevis",
"KP":"Demokratische Volksrepublik Korea",
"KR":"Republik Korea",
"KW":"Kuwait",
"KY":"Kaimaninseln",
"KZ":"Kasachstan",
"LA":"Laos",
"LB":"Libanon",
"LC":"St. Lucia",
"LI":"Liechtenstein",
"LK":"Sri Lanka",
"LR":"Liberia",
"LS":"Lesotho",
"LT":"Litauen",
"LU":"Luxemburg",
"LV":"Lettland",
"LY":"Libyen",
"MA":"Marokko",
"MC":"Monaco",
"MD":"Republik Moldau",
"ME":"Montenegro",
"MF":"St. Martin",
"MG":"Madagaskar",
"MH":"Marshallinseln",
"MK":"Mazedonien",
"ML":"Mali",
"MM":"Myanmar",
"MN":"Mongolei",
"MO":"Sonderverwaltungszone Macao",
"MP":"Nördliche Marianen",
"MQ":"Martinique",
"MR":"Mauretanien",
"MS":"Montserrat",
"MT":"Malta",
"MU":"Mauritius",
"MV":"Malediven",
"MW":"Malawi",
"MX":"Mexiko",
"MY":"Malaysia",
"MZ":"Mosambik",
"NA":"Namibia",
"NC":"Neukaledonien",
"NE":"Niger",
"NF":"Norfolkinsel",
"NG":"Nigeria",
"NI":"Nicaragua",
"NL":"Niederlande",
"NO":"Norwegen",
"NP":"Nepal",
"NR":"Nauru",
"NU":"Niue",
"NZ":"Neuseeland",
"OM":"Oman",
"PA":"Panama",
"PE":"Peru",
"PF":"Französisch-Polynesien",
"PG":"Papua-Neuguinea",
"PH":"Philippinen",
"PK":"Pakistan",
"PL":"Polen",
"PM":"St. Pierre und Miquelon",
"PN":"Pitcairninseln",
"PR":"Puerto Rico",
"PS":"Palästinensische Autonomiegebiete",
"PT":"Portugal",
"PW":"Palau",
"PY":"Paraguay",
"QA":"Katar",
"QO":"Äußeres Ozeanien",
"RE":"Réunion",
"RO":"Rumänien",
"RS":"Serbien",
"RU":"Russische Föderation",
"RW":"Ruanda",
"SA":"Saudi-Arabien",
"SB":"Salomonen",
"SC":"Seychellen",
"SD":"Sudan",
"SE":"Schweden",
"SG":"Singapur",
"SH":"St. Helena",
"SI":"Slowenien",
"SJ":"Svalbard und Jan Mayen",
"SK":"Slowakei",
"SL":"Sierra Leone",
"SM":"San Marino",
"SN":"Senegal",
"SO":"Somalia",
"SR":"Suriname",
"SS":"Südsudan",
"ST":"São Tomé und Príncipe",
"SV":"El Salvador",
"SX":"Sint Maarten",
"SY":"Syrien",
"SZ":"Swasiland",
"TA":"Tristan da Cunha",
"TC":"Turks- und Caicosinseln",
"TD":"Tschad",
"TF":"Französische Süd- und Antarktisgebiete",
"TG":"Togo",
"TH":"Thailand",
"TJ":"Tadschikistan",
"TK":"Tokelau",
"TL":"Timor-Leste",
"TM":"Turkmenistan",
"TN":"Tunesien",
"TO":"Tonga",
"TR":"Türkei",
"TT":"Trinidad und Tobago",
"TV":"Tuvalu",
"TW":"Taiwan",
"TZ":"Tansania",
"UA":"Ukraine",
"UG":"Uganda",
"UM":"Amerikanisch-Ozeanien",
"US":"Vereinigte Staaten",
"UY":"Uruguay",
"UZ":"Usbekistan",
"VA":"Vatikanstadt",
"VC":"St. Vincent und die Grenadinen",
"VE":"Venezuela",
"VG":"Britische Jungferninseln",
"VI":"Amerikanische Jungferninseln",
"VN":"Vietnam",
"VU":"Vanuatu",
"WF":"Wallis und Futuna",
"WS":"Samoa",
"XK":"Kosovo",
"YE":"Jemen",
"YT":"Mayotte",
"ZA":"Südafrika",
"ZM":"Sambia",
"ZW":"Simbabwe",
"ZZ":"Unbekannte Region"
},
"orientation":"left-to-right",
"dateFormat-full":"EEEE, dd. MMMM y",
"dateFormat-long":"dd. MMMM y",
"dateFormat-medium":"dd.MM.y",
"dateFormat-short":"dd.MM.yy",
"timeFormat-full":"HH:mm:ss zzzz",
"timeFormat-long":"HH:mm:ss z",
"timeFormat-medium":"HH:mm:ss",
"timeFormat-short":"HH:mm",
"dateTimeFormat-full":"{1} {0}",
"dateTimeFormat-long":"{1} {0}",
"dateTimeFormat-medium":"{1} {0}",
"dateTimeFormat-short":"{1} {0}",
"intervalFormatFallback":"{0} - {1}",
"intervalFormat-d-d":"d.-d.",
"intervalFormat-h-a":"h a - h a",
"intervalFormat-h-h":"h-h a",
"intervalFormat-H-H":"HH-HH 'Uhr'",
"intervalFormat-hm-a":"h:mm a - h:mm a",
"intervalFormat-hm-h":"h:mm-h:mm a",
"intervalFormat-hm-m":"h:mm-h:mm a",
"intervalFormat-Hm-H":"HH:mm-HH:mm",
"intervalFormat-Hm-m":"HH:mm-HH:mm",
"intervalFormat-hmv-a":"h:mm a - h:mm a v",
"intervalFormat-hmv-h":"h:mm-h:mm a v",
"intervalFormat-hmv-m":"h:mm-h:mm a v",
"intervalFormat-Hmv-H":"HH:mm-HH:mm v",
"intervalFormat-Hmv-m":"HH:mm-HH:mm v",
"intervalFormat-hv-a":"h a - h a v",
"intervalFormat-hv-h":"h-h a v",
"intervalFormat-Hv-H":"HH-HH 'Uhr' v",
"intervalFormat-M-M":"M.-M.",
"intervalFormat-Md-d":"dd.MM. - dd.MM.",
"intervalFormat-Md-M":"dd.MM. - dd.MM.",
"intervalFormat-MEd-d":"E, dd.MM. - E, dd.MM.",
"intervalFormat-MEd-M":"E, dd.MM. - E, dd.MM.",
"intervalFormat-MMM-M":"MMM-MMM",
"intervalFormat-MMMd-d":"dd.-dd. MMM",
"intervalFormat-MMMd-M":"dd. MMM - dd. MMM",
"intervalFormat-MMMEd-d":"E, dd. - E, dd. MMM",
"intervalFormat-MMMEd-M":"E, dd. MMM - E, dd. MMM",
"intervalFormat-y-y":"y-y",
"intervalFormat-yM-M":"MM.y - MM.y",
"intervalFormat-yM-y":"MM.y - MM.y",
"intervalFormat-yMd-d":"dd.MM.y - dd.MM.y",
"intervalFormat-yMd-M":"dd.MM.y - dd.MM.y",
"intervalFormat-yMd-y":"dd.MM.y - dd.MM.y",
"intervalFormat-yMEd-d":"E, dd.MM.y - E, dd.MM.y",
"intervalFormat-yMEd-M":"E, dd.MM.y - E, dd.MM.y",
"intervalFormat-yMEd-y":"E, dd.MM.y - E, dd.MM.y",
"intervalFormat-yMMM-M":"MMM-MMM y",
"intervalFormat-yMMM-y":"MMM y - MMM y",
"intervalFormat-yMMMd-d":"dd.-dd. MMM y",
"intervalFormat-yMMMd-M":"dd. MMM - dd. MMM y",
"intervalFormat-yMMMd-y":"dd. MMM y - dd. MMM y",
"intervalFormat-yMMMEd-d":"E, dd. - E, dd. MMM y",
"intervalFormat-yMMMEd-M":"E, dd. MMM - E, dd. MMM y",
"intervalFormat-yMMMEd-y":"E, dd. MMM y - E, dd. MMM y",
"intervalFormat-yMMMM-M":"MMMM-MMMM y",
"intervalFormat-yMMMM-y":"MMMM y - MMMM y",
"months-format-abbreviated":[
"Jän.",
"Feb.",
"März",
"Apr.",
"Mai",
"Juni",
"Juli",
"Aug.",
"Sep.",
"Okt.",
"Nov.",
"Dez."],
"months-format-narrow":[
"J",
"F",
"M",
"A",
"M",
"J",
"J",
"A",
"S",
"O",
"N",
"D"],
"months-format-wide":[
"Jänner",
"Februar",
"März",
"April",
"Mai",
"Juni",
"Juli",
"August",
"September",
"Oktober",
"November",
"Dezember"],
"months-standAlone-abbreviated":[
"Jän",
"Feb",
"Mär",
"Apr",
"Mai",
"Jun",
"Jul",
"Aug",
"Sep",
"Okt",
"Nov",
"Dez"],
"months-standAlone-narrow":[
"J",
"F",
"M",
"A",
"M",
"J",
"J",
"A",
"S",
"O",
"N",
"D"],
"months-standAlone-wide":[
"Jänner",
"Februar",
"März",
"April",
"Mai",
"Juni",
"Juli",
"August",
"September",
"Oktober",
"November",
"Dezember"],
"days-format-abbreviated":[
"So.",
"Mo.",
"Di.",
"Mi.",
"Do.",
"Fr.",
"Sa."],
"days-format-narrow":[
"S",
"M",
"D",
"M",
"D",
"F",
"S"],
"days-format-short":[
"So.",
"Mo.",
"Di.",
"Mi.",
"Do.",
"Fr.",
"Sa."],
"days-format-wide":[
"Sonntag",
"Montag",
"Dienstag",
"Mittwoch",
"Donnerstag",
"Freitag",
"Samstag"],
"days-standAlone-abbreviated":[
"So",
"Mo",
"Di",
"Mi",
"Do",
"Fr",
"Sa"],
"days-standAlone-narrow":[
"S",
"M",
"D",
"M",
"D",
"F",
"S"],
"days-standAlone-short":[
"So.",
"Mo.",
"Di.",
"Mi.",
"Do.",
"Fr.",
"Sa."],
"days-standAlone-wide":[
"Sonntag",
"Montag",
"Dienstag",
"Mittwoch",
"Donnerstag",
"Freitag",
"Samstag"],
"quarters-format-abbreviated":[
"Q1",
"Q2",
"Q3",
"Q4"],
"quarters-format-narrow":[
"1",
"2",
"3",
"4"],
"quarters-format-wide":[
"1. Quartal",
"2. Quartal",
"3. Quartal",
"4. Quartal"],
"quarters-standAlone-abbreviated":[
"Q1",
"Q2",
"Q3",
"Q4"],
"quarters-standAlone-narrow":[
"1",
"2",
"3",
"4"],
"quarters-standAlone-wide":[
"1. Quartal",
"2. Quartal",
"3. Quartal",
"4. Quartal"],
"dayPeriods-format-abbreviated":[
"vorm.",
"nachm."],
"dayPeriods-format-narrow":[
"vorm.",
"nachm."],
"dayPeriods-format-wide":[
"vorm.",
"nachm."],
"dayPeriods-standAlone-abbreviated":[
"vorm.",
"nachm."],
"dayPeriods-standAlone-narrow":[
"vorm.",
"nachm."],
"dayPeriods-standAlone-wide":[
"vorm.",
"nachm."],
"decimalFormat":{
"standard":"#,##0.###"},
"decimalFormat-long":{
"1000-one":"0 Tausend",
"1000-other":"0 Tausend",
"10000-one":"00 Tausend",
"10000-other":"00 Tausend",
"100000-one":"000 Tausend",
"100000-other":"000 Tausend",
"1000000-one":"0 Million",
"1000000-other":"0 Millionen",
"10000000-one":"00 Millionen",
"10000000-other":"00 Millionen",
"100000000-one":"000 Millionen",
"100000000-other":"000 Millionen",
"1000000000-one":"0 Milliarde",
"1000000000-other":"0 Milliarden",
"10000000000-one":"00 Milliarden",
"10000000000-other":"00 Milliarden",
"100000000000-one":"000 Milliarden",
"100000000000-other":"000 Milliarden",
"1000000000000-one":"0 Billion",
"1000000000000-other":"0 Billionen",
"10000000000000-one":"00 Billionen",
"10000000000000-other":"00 Billionen",
"100000000000000-one":"000 Billionen",
"100000000000000-other":"000 Billionen"},
"decimalFormat-short":{
"1000-one":"0 Tsd",
"1000-other":"0 Tsd",
"10000-one":"00 Tsd",
"10000-other":"00 Tsd",
"100000-one":"000 Tsd",
"100000-other":"000 Tsd",
"1000000-one":"0 Mio",
"1000000-other":"0 Mio",
"10000000-one":"00 Mio",
"10000000-other":"00 Mio",
"100000000-one":"000 Mio",
"100000000-other":"000 Mio",
"1000000000-one":"0 Mrd",
"1000000000-other":"0 Mrd",
"10000000000-one":"00 Mrd",
"10000000000-other":"00 Mrd",
"100000000000-one":"000 Mrd",
"100000000000-other":"000 Mrd",
"1000000000000-one":"0 Bio",
"1000000000000-other":"0 Bio",
"10000000000000-one":"00 Bio",
"10000000000000-other":"00 Bio",
"100000000000000-one":"000 Bio",
"100000000000000-other":"000 Bio"},
"scientificFormat":{
"standard":"#E0"},
"percentFormat":{
"standard":"#,##0 %"},
"currencyFormat":{
"standard":"¤ #,##0.00"},
"symbols-latn-decimal":",",
"symbols-latn-group":".",
"symbols-latn-list":";",
"symbols-latn-percentSign":"%",
"symbols-latn-plusSign":"+",
"symbols-latn-minusSign":"-",
"symbols-latn-exponential":"E",
"symbols-latn-superscriptingExponent":"·",
"symbols-latn-perMille":"‰",
"symbols-latn-infinity":"∞",
"symbols-latn-nan":"NaN",
"currencyDigits":{
"ADP":0,
"AFN":0,
"ALL":0,
"AMD":0,
"BHD":3,
"BIF":0,
"BYR":0,
"CAD":2,
"CHF":2,
"CLF":0,
"CLP":0,
"COP":0,
"CRC":0,
"DEFAULT":2,
"DJF":0,
"ESP":0,
"GNF":0,
"GYD":0,
"HUF":0,
"IDR":0,
"IQD":0,
"IRR":0,
"ISK":0,
"ITL":0,
"JOD":3,
"JPY":0,
"KMF":0,
"KPW":0,
"KRW":0,
"KWD":3,
"LAK":0,
"LBP":0,
"LUF":0,
"LYD":3,
"MGA":0,
"MGF":0,
"MMK":0,
"MNT":0,
"MRO":0,
"MUR":0,
"OMR":3,
"PKR":0,
"PYG":0,
"RSD":0,
"RWF":0,
"SLL":0,
"SOS":0,
"STD":0,
"SYP":0,
"TMM":0,
"TND":3,
"TRL":0,
"TZS":0,
"TWD":2,
"UGX":0,
"UZS":0,
"VND":0,
"VUV":0,
"XAF":0,
"XOF":0,
"XPF":0,
"YER":0,
"ZMK":0,
"ZWD":0
},
"currencySymbols":{
"AUD":"A$",
"BRL":"R$",
"CAD":"CA$",
"CNY":"CN¥",
"EUR":"€",
"GBP":"£",
"HKD":"HK$",
"ILS":"₪",
"INR":"₹",
"JPY":"JP¥",
"KRW":"₩",
"MXN":"MX$",
"NZD":"NZ$",
"THB":"฿",
"TWD":"NT$",
"USD":"US$",
"VND":"₫",
"XAF":"FCFA",
"XCD":"EC$",
"XOF":"CFA",
"XPF":"CFPF"
},
"weekData-minDays":4,
"weekData-firstDay":1,
"weekData-weekendStart":6,
"weekData-weekendEnd":0
}