{
"__license":"This file has been derived from Unicode Common Locale Data Repository (CLDR) files (http://cldr.unicode.org). See the copyright and permission notice in the Unicode-Data-Files-LICENSE.txt available at the same location as this file or visit http://www.unicode.org/copyright.html",
"languages":{
"aa":"Αφάρ",
"ab":"Αμπχαζικά",
"ace":"Αχινίζ",
"ach":"Ακολί",
"ada":"Αντάνγκμε",
"ady":"Αντιγκέα",
"ae":"Αβεστάν",
"af":"Αφρικάανς",
"afa":"Αφροασιατική γλώσσα",
"afh":"Αφριχίλι",
"agq":"Αγκέμ",
"ain":"Αϊνού",
"ak":"Ακάν",
"akk":"Ακάντιαν",
"ale":"Αλούτ",
"alg":"Γλώσσα Αλγκονκιάν",
"alt":"Νότια Αλαταϊκά",
"am":"Αμαρικά",
"an":"Αραγκονικά",
"ang":"Παλαιά Αγγλικά",
"anp":"Ανγκικά",
"apa":"Γλώσσα Απάτσι",
"ar":"Αραβικά",
"ar_001":"Σύγχρονα Τυπικά Αραβικά",
"arc":"Αραμαϊκά",
"arn":"Αρουκάνιαν",
"arp":"Αράπαχο",
"art":"Τεχνητή γλώσσα",
"arw":"Αραγουάκ",
"as":"Ασαμεζικά",
"asa":"Άσου",
"ast":"Αστουριανά",
"ath":"Γλώσσα Αθαπάσκαν",
"aus":"Αυστραλιανή γλώσσα",
"av":"Άβαρικ",
"awa":"Αγουαντί",
"ay":"Αϊμάρα",
"az":"Αζερικά",
"ba":"Μπασκίρ",
"bad":"Μπάντα",
"bai":"Γλώσσα Μπαμιλέκ",
"bal":"Μπαλούτσι",
"ban":"Μπαλινίζ",
"bas":"Μπάσα",
"bat":"Βαλτική γλώσσα",
"bax":"Μπαμούν",
"bbj":"Γκομάλα",
"be":"Λευκορωσικά",
"bej":"Μπέζα",
"bem":"Μπέμπα",
"ber":"Μπέρμπερ",
"bez":"Μπένα",
"bfd":"Μπαφούτ",
"bg":"Βουλγαρικά",
"bh":"Μπιχάρι",
"bho":"Μποζπούρι",
"bi":"Μπισλάμα",
"bik":"Μπικόλ",
"bin":"Μπίνι",
"bkm":"Κομ",
"bla":"Σικσίκα",
"bm":"Μπαμπάρα",
"bn":"Μπενγκάλι",
"bnt":"Μπαντού",
"bo":"Θιβετιανά",
"br":"Βρετονικά",
"bra":"Μπρατζ",
"brx":"Μπόντο",
"bs":"Βοσνιακά",
"bss":"Ακόσι",
"btk":"Μπατάκ",
"bua":"Μπουριάτ",
"bug":"Μπουγκίζ",
"bum":"Μπουλού",
"byn":"Μπλιν",
"byv":"Μεντούμπα",
"ca":"Καταλανικά",
"cad":"Κάντο",
"cai":"Ινδιανική γλώσσα Κεντρικής Αμερικής",
"car":"Καρίμπ",
"cau":"Καυκάσια γλώσσα",
"cay":"Καγιούγκα",
"cch":"Ατσάμ",
"ce":"Τσέτσνιαν",
"ceb":"Κεμπουάνο",
"cel":"Κελτική γλώσσα",
"cgg":"Τσίγκα",
"ch":"Καμόρρο",
"chb":"Τσίμπτσα",
"chg":"Τσαγκατάι",
"chk":"Τσουκίζι",
"chm":"Μάρι",
"chn":"Ιδιωματικά Σινούκ",
"cho":"Τσοκτάου",
"chp":"Τσίπιουαν",
"chr":"Τσερόκι",
"chy":"Σεγιέν",
"ckb":"Κουρδικά Σοράνι",
"cmc":"Χαμική γλώσσα",
"co":"Κορσικανικά",
"cop":"Κοπτικά",
"cpe":"Κρεόλ ή Πίντγκιν βάσει Αγγλικών",
"cpf":"Κρεόλ ή Πίντγκιν βάσει Γαλλικών",
"cpp":"Κρεόλ και Πίντγκιν βάσει Πορτογαλικών",
"cr":"Κρι",
"crh":"Τουρκικά Κριμαίας",
"crp":"Κρεόλ ή Πίντγκιν",
"cs":"Τσεχικά",
"csb":"Κασούμπιαν",
"cu":"Εκκλησιαστικά Σλαβικά",
"cus":"Γλώσσα Κουσιτίκ",
"cv":"Χουβάς",
"cy":"Ουαλικά",
"da":"Δανικά",
"dak":"Ντακότα",
"dar":"Ντάργκουα",
"dav":"Τάιτα",
"day":"Νταγιάκ",
"de":"Γερμανικά",
"de_AT":"Γερμανικά Αυστρίας",
"de_CH":"Γερμανικά Ελβετίας",
"del":"Ντέλαγουερ",
"den":"Σλαβικά",
"dgr":"Ντόγκριμπ",
"din":"Ντίνκα",
"dje":"Ζάρμα",
"doi":"Ντόγκρι",
"dra":"Γλώσσα Ντραβίδιαν",
"dsb":"Γλώσσα Κάτω Λουσατίας",
"dua":"Ντουάλα",
"dum":"Μέσα Ολλανδικά",
"dv":"Ντιβέχι",
"dyo":"Τζόλα-Φόνι",
"dyu":"Ντογιούλα",
"dz":"Ντζόνγκχα",
"dzg":"Νταζάγκα",
"ebu":"Έμπου",
"ee":"Γι",
"efi":"Εφίκ",
"egy":"Αρχαία Αιγυπτιακά",
"eka":"Εκατζούκ",
"el":"Ελληνικά",
"elx":"Ελαμάιτ",
"en":"Αγγλικά",
"en_AU":"Αγγλικά Αυστραλίας",
"en_CA":"Αγγλικά Καναδά",
"en_GB":"Αγγλικά Ηνωμένου Βασιλείου",
"en_US":"Αγγλικά Αμερικής",
"enm":"Μέσα Αγγλικά",
"eo":"Εσπεράντο",
"es":"Ισπανικά",
"es_419":"Ισπανικά Λατινικής Αμερικής",
"es_ES":"Ισπανικά Ευρώπης",
"et":"Εσθονικά",
"eu":"Βασκικά",
"ewo":"Εγουόντο",
"fa":"Περσικά",
"fan":"Φανγκ",
"fat":"Φάντι",
"ff":"Φουλάχ",
"fi":"Φινλανδικά",
"fil":"Φιλιππινεζικά",
"fiu":"Φιννο-Ούγκριαν",
"fj":"Φίτζι",
"fo":"Φαρόε",
"fon":"Φον",
"fr":"Γαλλικά",
"fr_CA":"Γαλλικά Καναδά",
"fr_CH":"Γαλλικά Ελβετίας",
"frm":"Μέσα Γαλλικά",
"fro":"Παλαιά Γαλλικά",
"frr":"Βόρεια Φριζιανά",
"frs":"Ανατολικά Φριζιανά",
"fur":"Φριούλιαν",
"fy":"Δυτικά Φριζιανά",
"ga":"Ιρλανδικά",
"gaa":"Γκα",
"gay":"Γκάγιο",
"gba":"Γκμπάγια",
"gd":"Σκωτικά Κελτικά",
"gem":"Γερμανική γλώσσα",
"gez":"Γκιζ",
"gil":"Γκιλμπερτίζ",
"gl":"Γαλικιανά",
"gmh":"Μέσα Άνω Γερμανικά",
"gn":"Γκουαρανί",
"goh":"Παλαιά Άνω Γερμανικά",
"gon":"Γκόντι",
"gor":"Γκοροντάλο",
"got":"Γοτθικά",
"grb":"Γκρίμπο",
"grc":"Αρχαία Ελληνικά",
"gsw":"Ελβετικά Γερμανικά",
"gu":"Γκουγιαράτι",
"guz":"Γκούσι",
"gv":"Μανξ",
"gwi":"Γκουίτσιν",
"ha":"Χάουσα",
"hai":"Χάιντα",
"haw":"Χαβανεζικά",
"he":"Εβραϊκά",
"hi":"Χίντι",
"hil":"Χιλιγκαγιόν",
"him":"Χιματσάλι",
"hit":"Χιτίτε",
"hmn":"Χμονγκ",
"ho":"Χίρι Μότου",
"hr":"Κροατικά",
"hsb":"Γλώσσα Άνω Λουσατίας",
"ht":"Αϊτιανά",
"hu":"Ουγγρικά",
"hup":"Χούπα",
"hy":"Αρμενικά",
"hz":"Χερέρο",
"ia":"Ιντερλίνγκουα",
"iba":"Ιμπάν",
"ibb":"Ιμπίμπιο",
"id":"Ινδονησιακά",
"ie":"Ιντερλίνγκουε",
"ig":"Ίγκμπο",
"ii":"Σικουάν Γι",
"ijo":"Ιζό",
"ik":"Ινουπιάκ",
"ilo":"Ιλόκο",
"inc":"Ινδική γλώσσα",
"ine":"Ινδοευρωπαϊκή γλώσσα",
"inh":"Ινγκούς",
"io":"Ίντο",
"ira":"Ιρανική γλώσσα",
"iro":"Γλώσσα Ιροκόιαν",
"is":"Ισλανδικά",
"it":"Ιταλικά",
"iu":"Ινουκτιτούτ",
"ja":"Ιαπωνικά",
"jbo":"Λόζμπαν",
"jgo":"Νγκόμπα",
"jmc":"Μάχαμε",
"jpr":"Ιουδαϊκά-Περσικά",
"jrb":"Ιουδαϊκά-Αραβικά",
"jv":"Ιαβανεζικά",
"ka":"Γεωργιανά",
"kaa":"Κάρα-Καλπάκ",
"kab":"Καμπίλε",
"kac":"Κατσίν",
"kaj":"Τζου",
"kam":"Κάμπα",
"kar":"Καρέν",
"kaw":"Κάουι",
"kbd":"Καμπαρντιανά",
"kbl":"Κανέμπου",
"kcg":"Τουάπ",
"kde":"Μακόντε",
"kea":"Γλώσσα του Πράσινου Ακρωτηρίου",
"kfo":"Κόρο",
"kg":"Κονγκό",
"kha":"Κάσι",
"khi":"Γλώσσα Κοϊσάν",
"kho":"Κοτανικά",
"khq":"Κόιρα Τσίνι",
"ki":"Κικούγιου",
"kj":"Κουανιγιάμα",
"kk":"Καζακικά",
"kkj":"Κάκο",
"kl":"Καλαάλισουτ",
"kln":"Καλεντζίν",
"km":"Καμποτζιανά",
"kmb":"Κιμπούντου",
"kn":"Κανάντα",
"ko":"Κορεατικά",
"kok":"Κονκάνι",
"kos":"Κοσραενικά",
"kpe":"Κπέλε",
"kr":"Κανούρι",
"krc":"Καρατσάι-Μπαλκάρ",
"krl":"Καρελιακά",
"kro":"Κρου",
"kru":"Κουρούχ",
"ks":"Κασμίρι",
"ksb":"Σάμπαλα",
"ksf":"Μπάφια",
"ksh":"Κολωνικά",
"ku":"Κουρδικά",
"kum":"Κουμγιούκ",
"kut":"Κουτενάι",
"kv":"Κόμι",
"kw":"Κόρνις",
"ky":"Κυργιζικά",
"la":"Λατινικά",
"lad":"Λαδίνο",
"lag":"Λάνγκι",
"lah":"Λάχδα",
"lam":"Λάμπα",
"lb":"Λουξεμβουργιανά",
"lez":"Λαζγκιάν",
"lg":"Γκάντα",
"li":"Λιμβουργιανά",
"ln":"Λινγκάλα",
"lo":"Λαοθιανά",
"lol":"Μόνγκο",
"loz":"Λόζι",
"lt":"Λιθουανικά",
"lu":"Λούμπα-Κατάνγκα",
"lua":"Λούμπα-Λουλούα",
"lui":"Λουισένο",
"lun":"Λούντα",
"luo":"Λούο",
"lus":"Λουσάι",
"luy":"Λουχία",
"lv":"Λετονικά",
"mad":"Μαντουρίζ",
"maf":"Μάφα",
"mag":"Μαγκάχι",
"mai":"Μαϊτχίλι",
"mak":"Μακαζάρ",
"man":"Μαντίνγκο",
"map":"Οστρονέζιαν",
"mas":"Μασάι",
"mde":"Μάμπα",
"mdf":"Μόκσα",
"mdr":"Μανδάρ",
"men":"Μέντε",
"mer":"Μερού",
"mfe":"Μορίσιεν",
"mg":"Μαλαγάσι",
"mga":"Μέσα Ιρλανδικά",
"mgh":"Μακούβα-Μέτο",
"mgo":"Μετά",
"mh":"Μάρσαλ",
"mi":"Μάορι",
"mic":"Μικμάκ",
"min":"Μινανγκαμπάου",
"mis":"Διάφορες γλώσσες",
"mk":"Σλαβομακεδονικά",
"mkh":"Γλώσσα Μον-Χμερ",
"ml":"Μαλαγιαλάμ",
"mn":"Μογγολικά",
"mnc":"Μαντσού",
"mni":"Μανιπούρι",
"mno":"Γλώσσα Μανόμπο",
"mo":"Μολδαβικά",
"moh":"Μοχόκ",
"mos":"Μόσι",
"mr":"Μαράθι",
"ms":"Μαλάι",
"mt":"Μαλτεζικά",
"mua":"Μουντάνγκ",
"mul":"Πολλαπλές γλώσσες",
"mun":"Γλώσσα Μούντα",
"mus":"Κρικ",
"mwl":"Μιραντεζικά",
"mwr":"Μαργουάρι",
"my":"Βιρμανικά",
"mye":"Μιένε",
"myn":"Γλώσσα Μάγιαν",
"myv":"Έρζυα",
"na":"Ναούρου",
"nah":"Ναχουάτλ",
"nai":"Ινδιανική γλώσσα Βόρειας Αμερικής",
"nap":"Ναπολιτανικά",
"naq":"Νάμα",
"nb":"Νορβηγικά Μποκμάλ",
"nd":"Ντεμπέλε Βορρά",
"nds":"Κάτω Γερμανικά",
"ne":"Νεπάλι",
"new":"Νεγουάρι",
"ng":"Ντόνγκα",
"nia":"Νίας",
"nic":"Γλώσσα Νίγηρα-Κορδοφάνιαν",
"niu":"Νιούεαν",
"nl":"Ολλανδικά",
"nl_BE":"Φλαμανδικά",
"nmg":"Κβάσιο",
"nn":"Νορβηγικά Νινόρσκ",
"nnh":"Νγκιεμπούν",
"no":"Νορβηγικά",
"nog":"Νογκάι",
"non":"Παλαιά Νορβηγικά",
"nqo":"Ν'Κο",
"nr":"Ντεμπέλε Νότου",
"nso":"Βόρεια Σόθο",
"nub":"Γλώσσα Νούμπιαν",
"nus":"Νουέρ",
"nv":"Νάβαχο",
"nwc":"Κλασικά Νεουάρι",
"ny":"Νιάντζα",
"nym":"Νιαμγουέζι",
"nyn":"Νιανκόλε",
"nyo":"Νιόρο",
"nzi":"Νζίμα",
"oc":"Οκσιτανικά",
"oj":"Οζιβίγουα",
"om":"Ορόμο",
"or":"Ορίγια",
"os":"Οσετικά",
"osa":"Οσάζ",
"ota":"Οθωμανικά Τουρκικά",
"oto":"Οθωμανική γλώσσα",
"pa":"Παντζαπικά",
"paa":"Παπούα",
"pag":"Πανγκασινάν",
"pal":"Παχλάβι",
"pam":"Παμπάνγκα",
"pap":"Παπιαμέντο",
"pau":"Παλάουαν",
"peo":"Αρχαία Περσικά",
"phi":"Φιλιππινεζική γλώσσα",
"phn":"Φοινικικά",
"pi":"Πάλι",
"pl":"Πολωνικά",
"pon":"Ποχπέιαν",
"pra":"Γλώσσα Πράκριτ",
"pro":"Παλαιά Προβενσιάλ",
"ps":"Πάστο",
"pt":"Πορτογαλικά",
"pt_BR":"Πορτογαλικά Βραζιλίας",
"pt_PT":"Πορτογαλικά Ευρώπης",
"qu":"Κετσούα",
"raj":"Ραζασθάνι",
"rap":"Ραπανούι",
"rar":"Ραροτονγκάν",
"rm":"Ρομανικά",
"rn":"Ρούντι",
"ro":"Ρουμανικά",
"roa":"Ρομανική γλώσσα",
"rof":"Ρόμπο",
"rom":"Ρομανί",
"root":"Ρουτ",
"ru":"Ρωσικά",
"rup":"Αρομανικά",
"rw":"Κινιαρβάντα",
"rwk":"Ρουά",
"sa":"Σανσκριτικά",
"sad":"Σαντάγουε",
"sah":"Γιακούτ",
"sai":"Ινδιανική γλώσσα Νότιας Αμερικής",
"sal":"Γλώσσα Σαλισάν",
"sam":"Σαμαρίτικα Αραμαϊκά",
"saq":"Σαμπούρου",
"sas":"Σασάκ",
"sat":"Σαντάλι",
"sba":"Νγκαμπέι",
"sbp":"Σάνγκου",
"sc":"Σαρδινικά",
"scn":"Σικελιανά",
"sco":"Σκωτικά",
"sd":"Σίντι",
"se":"Βόρεια Σάμι",
"see":"Σένεκα",
"seh":"Σένα",
"sel":"Σελκούπ",
"sem":"Σημητική γλώσσα",
"ses":"Κοϊραμπόρο Σένι",
"sg":"Σάνγκο",
"sga":"Παλαιά Ιρλανδικά",
"sgn":"Νοηματική γλώσσα",
"sh":"Σερβοκροατικά",
"shi":"Τασελχίτ",
"shn":"Σαν",
"shu":"Αραβικά του Τσαντ",
"si":"Σινχαλεζικά",
"sid":"Σιντάμο",
"sio":"Γλώσσα Σιουάν",
"sit":"Σινοθιβετιανή γλώσσα",
"sk":"Σλοβακικά",
"sl":"Σλοβενικά",
"sla":"Σλαβική γλώσσα",
"sm":"Σαμόαν",
"sma":"Νότια Σάμι",
"smi":"Γλώσσα Σάμι",
"smj":"Λούλε Σάμι",
"smn":"Ινάρι Σάμι",
"sms":"Σκολτ Σάμι",
"sn":"Σχόνα",
"snk":"Σονίνκε",
"so":"Σομάλι",
"sog":"Σογκντιέν",
"son":"Σονγκχάι",
"sq":"Αλβανικά",
"sr":"Σερβικά",
"srn":"Σρανάρ Τόνγκο",
"srr":"Σερέρ",
"ss":"Σουάτι",
"ssa":"Νιλο-Σαχαριανή γλώσσα",
"ssy":"Σάχο",
"st":"Νότια Σόθο",
"su":"Σουδανικά",
"suk":"Σουκούμα",
"sus":"Σούσου",
"sux":"Σουμερικά",
"sv":"Σουηδικά",
"sw":"Σουαχίλι",
"swb":"Κομόρρια",
"swc":"Κονγκό Σουαχίλι",
"syc":"Κλασικά Συριακά",
"syr":"Συριακά",
"ta":"Ταμίλ",
"tai":"Ταϊλανδική γλώσσα",
"te":"Τελούγκου",
"tem":"Τίμνε",
"teo":"Τέσο",
"ter":"Τερένο",
"tet":"Τέτουμ",
"tg":"Τατζίκ",
"th":"Ταϊλανδικά",
"ti":"Τιγκρίνυα",
"tig":"Τίγκρε",
"tiv":"Τιβ",
"tk":"Τουρκμενικά",
"tkl":"Τοκελάου",
"tl":"Ταγκαλόγκ",
"tlh":"Κλίνγκον",
"tli":"Τλίνγκιτ",
"tmh":"Ταμασέκ",
"tn":"Τσιγουάνα",
"to":"Τονγκανικά",
"tog":"Νιάσα Τόνγκα",
"tpi":"Τοκ Πισίν",
"tr":"Τουρκικά",
"trv":"Ταρόκο",
"ts":"Τσόνγκα",
"tsi":"Τσίμσιαν",
"tt":"Τατάρ",
"tum":"Τουμπούκα",
"tup":"Γλώσσα Τούπι",
"tut":"Αλταϊκή γλώσσα",
"tvl":"Τουβαλού",
"tw":"Τούι",
"twq":"Τασαβάκ",
"ty":"Ταϊτιανά",
"tyv":"Τουβίνιαν",
"tzm":"Ταμαζίτ Κεντρικού Μαρόκο",
"udm":"Ουντμούρτ",
"ug":"Ουιγουρικά",
"uga":"Ουγκαρίτικ",
"uk":"Ουκρανικά",
"umb":"Ουμπούντου",
"und":"Άγνωστη γλώσσα",
"ur":"Ουρντού",
"uz":"Ουζμπεκικά",
"vai":"Βάι",
"ve":"Βένδα",
"vi":"Βιετναμικά",
"vo":"Βόλαπικ",
"vot":"Βότικ",
"vun":"Βούντζο",
"wa":"Γουαλούν",
"wae":"Βάλσερ",
"wak":"Γλώσσα Γουακασάν",
"wal":"Γουάλαμο",
"war":"Γουάρει",
"was":"Γουασό",
"wen":"Διάλεκτος Άνω Λουσατίας",
"wo":"Γουόλοφ",
"xal":"Καλμίκ",
"xh":"Ζόσα",
"xog":"Σόγκα",
"yao":"Γιάο",
"yap":"Γιαπίζ",
"yav":"Γιανγκμπέν",
"ybb":"Γιέμπα",
"yi":"Γίντις",
"yo":"Γιορούμπα",
"ypk":"Γλώσσα Γιούπικ",
"yue":"Καντονέζικα",
"za":"Ζουάνγκ",
"zap":"Ζάποτεκ",
"zbl":"Σύμβολα Bliss",
"zen":"Ζενάγκα",
"zgh":"Τυπικά Ταμαζίγκτ Μαρόκου",
"zh":"Κινεζικά",
"zh_Hans":"Απλοποιημένα Κινεζικά",
"zh_Hant":"Παραδοσιακά Κινεζικά",
"znd":"Ζάντε",
"zu":"Ζουλού",
"zun":"Ζούνι",
"zxx":"Χωρίς γλωσσολογικό περιεχόμενο",
"zza":"Ζάζα"
},
"scripts":{
"Arab":"Αραβικό",
"Armi":"Αυτοκρατορικό Αραμαϊκό",
"Armn":"Αρμενικό",
"Avst":"Αβεστάν",
"Bali":"Μπαλινίζ",
"Batk":"Μπατάκ",
"Beng":"Μπενγκάλι",
"Blis":"Σύμβολα Bliss",
"Bopo":"Μποπομόφο",
"Brah":"Μπραχμί",
"Brai":"Μπράιγ",
"Bugi":"Μπούγκις",
"Buhd":"Μπουχίντ",
"Cakm":"Τσάκμα",
"Cans":"Ενοποιημένοι Καναδεζικοί Συλλαβισμοί Ιθαγενών",
"Cari":"Καριάν",
"Cham":"Τσαμ",
"Cher":"Τσερόκι",
"Cirt":"Σερθ",
"Copt":"Κοπτικό",
"Cprt":"Κυπριακό",
"Cyrl":"Κυριλλικό",
"Cyrs":"Παλαιό Εκκλησιαστικό Σλαβικό Κυριλλικό",
"Deva":"Ντεβαναγκάρι",
"Dsrt":"Ντεσερέ",
"Egyd":"Λαϊκό Αιγυπτιακό",
"Egyh":"Ιερατικό Αιγυπτιακό",
"Egyp":"Αιγυπτιακά Ιερογλυφικά",
"Ethi":"Αιθιοπικό",
"Geok":"Γεωργιανό Κχουτσούρι",
"Geor":"Γεωργιανό",
"Glag":"Γκλαγκολιτικό",
"Goth":"Γοτθικό",
"Grek":"Ελληνικό",
"Gujr":"Γκουγιαράτι",
"Guru":"Γκουρμουκχί",
"Hang":"Χανγκούλ",
"Hani":"Χαν",
"Hano":"Χανούνου",
"Hans":"Απλοποιημένο",
"Hant":"Παραδοσιακό",
"Hebr":"Εβραϊκό",
"Hira":"Χιραγκάνα",
"Hmng":"Παχάχ Χμονγκ",
"Hrkt":"Κατακάνα ή Χιραγκάνα",
"Hung":"Παλαιό Ουγγρικό",
"Inds":"Ίνδους",
"Ital":"Παλαιό Ιταλικό",
"Java":"Ιαβανεζικό",
"Jpan":"Ιαπωνικό",
"Kali":"Καγιάχ Λι",
"Kana":"Κατακάνα",
"Khar":"Καρόσθι",
"Khmr":"Χμερ",
"Knda":"Κανάντα",
"Kore":"Κορεατικό",
"Kthi":"Καϊθί",
"Lana":"Λάννα",
"Laoo":"Λάος",
"Latf":"Φράκτουρ Λατινικό",
"Latg":"Γαελικό Λατινικό",
"Latn":"Λατινικό",
"Lepc":"Λέπτσα",
"Limb":"Λιμπού",
"Lina":"Γραμμικό Α",
"Linb":"Γραμμικό Β",
"Lyci":"Λυκιανικό",
"Lydi":"Λυδιανικό",
"Mand":"Μανδαϊκό",
"Mani":"Μανιχαϊκό",
"Maya":"Ιερογλυφικά Μάγια",
"Mero":"Μεροϊτικό",
"Mlym":"Μαλαγιάλαμ",
"Mong":"Μογγολικό",
"Moon":"Μουν",
"Mtei":"Μεϊτέι Μάγεκ",
"Mymr":"Μιανμάρ",
"Nkoo":"Ν'Κο",
"Ogam":"Όγκχαμ",
"Olck":"Ολ Τσίκι",
"Orkh":"Όρκχον",
"Orya":"Ορίγια",
"Osma":"Οσμάνγια",
"Perm":"Παλαιό Περμικό",
"Phag":"Παγκς-πα",
"Phli":"Επιγραφικό Παχλάβι",
"Phlp":"Ψάλτερ Παχλάβι",
"Phlv":"Μπουκ Παχλαβί",
"Phnx":"Φοινικικό",
"Plrd":"Φωνητικό Πόλαρντ",
"Prti":"Επιγραφικό Παρθιάν",
"Rjng":"Ρετζάνγκ",
"Roro":"Ρονγκορόνγκο",
"Runr":"Ρουνίκ",
"Samr":"Σαμαριτικό",
"Sara":"Σαράθι",
"Saur":"Σαουράστρα",
"Sgnw":"Νοηματική γραφή",
"Shaw":"Σαβιανό",
"Sinh":"Σινχάλα",
"Sund":"Σουδανεζικό",
"Sylo":"Συλότι Νάγκρι",
"Syrc":"Συριακό",
"Syre":"Εστραντζέλο Συριακό",
"Syrj":"Δυτικό Συριακό",
"Syrn":"Ανατολικό Συριακό",
"Tagb":"Ταγκμάνγουα",
"Tale":"Τάι Λε",
"Talu":"Νέο Τάι Λούε",
"Taml":"Ταμίλ",
"Tavt":"Τάι Βιέτ",
"Telu":"Τελούγκου",
"Teng":"Τεγνγουάρ",
"Tfng":"Τιφινάγκ",
"Tglg":"Ταγκαλόγκ",
"Thaa":"Θαανά",
"Thai":"Ταϊλανδικό",
"Tibt":"Θιβετιανό",
"Ugar":"Ουγκαριτικό",
"Vaii":"Βάι",
"Visp":"Ορατή ομιλία",
"Xpeo":"Παλαιό Περσικό",
"Xsux":"Σούμερο-Ακάντιαν Κουνεϊφόρμ",
"Yiii":"Γι",
"Zinh":"Κληρονομημένο",
"Zmth":"Μαθηματική παράσταση",
"Zsym":"Σύμβολα",
"Zxxx":"Άγραφο",
"Zyyy":"Κοινό",
"Zzzz":"Άγνωστη γραφή"
},
"territories":{
"001":"Κόσμος",
"002":"Αφρική",
"003":"Βόρεια Αμερική",
"005":"Νότια Αμερική",
"009":"Ωκεανία",
"011":"Δυτική Αφρική",
"013":"Κεντρική Αμερική",
"014":"Ανατολική Αφρική",
"015":"Βόρεια Αφρική",
"017":"Μέση Αφρική",
"018":"Νότιος Αφρική",
"019":"Αμερική",
"021":"Βόρειος Αμερική",
"029":"Καραϊβική",
"030":"Ανατολική Ασία",
"034":"Νότια Ασία",
"035":"Νοτιοανατολική Ασία",
"039":"Νότια Ευρώπη",
"053":"Αυστραλασία",
"054":"Μελανησία",
"057":"Περιοχή Μικρονησίας",
"061":"Πολυνησία",
"142":"Ασία",
"143":"Κεντρική Ασία",
"145":"Δυτική Ασία",
"150":"Ευρώπη",
"151":"Ανατολική Ευρώπη",
"154":"Βόρεια Ευρώπη",
"155":"Δυτική Ευρώπη",
"419":"Λατινική Αμερική",
"AC":"Νήσος Ασενσιόν",
"AD":"Ανδόρα",
"AE":"Ηνωμένα Αραβικά Εμιράτα",
"AF":"Αφγανιστάν",
"AG":"Αντίγκουα και Μπαρμπούντα",
"AI":"Ανγκουίλα",
"AL":"Αλβανία",
"AM":"Αρμενία",
"AN":"Ολλανδικές Αντίλλες",
"AO":"Ανγκόλα",
"AQ":"Ανταρκτική",
"AR":"Αργεντινή",
"AS":"Αμερικανική Σαμόα",
"AT":"Αυστρία",
"AU":"Αυστραλία",
"AW":"Αρούμπα",
"AX":"Νήσοι Όλαντ",
"AZ":"Αζερμπαϊτζάν",
"BA":"Βοσνία - Ερζεγοβίνη",
"BB":"Μπαρμπάντος",
"BD":"Μπανγκλαντές",
"BE":"Βέλγιο",
"BF":"Μπουρκίνα Φάσο",
"BG":"Βουλγαρία",
"BH":"Μπαχρέιν",
"BI":"Μπουρούντι",
"BJ":"Μπενίν",
"BL":"Άγιος Βαρθολομαίος",
"BM":"Βερμούδες",
"BN":"Μπρουνέι",
"BO":"Βολιβία",
"BQ":"Ολλανδία Καραϊβικής",
"BR":"Βραζιλία",
"BS":"Μπαχάμες",
"BT":"Μπουτάν",
"BV":"Νήσος Μπουβέ",
"BW":"Μποτσουάνα",
"BY":"Λευκορωσία",
"BZ":"Μπελίζ",
"CA":"Καναδάς",
"CC":"Νήσοι Κόκος (Κίλινγκ)",
"CD":"Κονγκό - Κινσάσα",
"CF":"Κεντροαφρικανική Δημοκρατία",
"CG":"Κονγκό - Μπραζαβίλ",
"CH":"Ελβετία",
"CI":"Ακτή Ελεφαντοστού",
"CK":"Νήσοι Κουκ",
"CL":"Χιλή",
"CM":"Καμερούν",
"CN":"Κίνα",
"CO":"Κολομβία",
"CP":"Νήσος Κλίπερτον",
"CR":"Κόστα Ρίκα",
"CU":"Κούβα",
"CV":"Πράσινο Ακρωτήριο",
"CW":"Κουρασάο",
"CX":"Νήσος των Χριστουγέννων",
"CY":"Κύπρος",
"CZ":"Τσεχική Δημοκρατία",
"DE":"Γερμανία",
"DG":"Ντιέγκο Γκαρσία",
"DJ":"Τζιμπουτί",
"DK":"Δανία",
"DM":"Ντομίνικα",
"DO":"Δομινικανή Δημοκρατία",
"DZ":"Αλγερία",
"EA":"Θεούτα και Μελίλα",
"EC":"Εκουαδόρ",
"EE":"Εσθονία",
"EG":"Αίγυπτος",
"EH":"Δυτική Σαχάρα",
"ER":"Ερυθραία",
"ES":"Ισπανία",
"ET":"Αιθιοπία",
"EU":"Ευρωπαϊκή Ένωση",
"FI":"Φινλανδία",
"FJ":"Φίτζι",
"FK":"Νήσοι Φόκλαντ",
"FM":"Μικρονησία",
"FO":"Νήσοι Φερόες",
"FR":"Γαλλία",
"GA":"Γκαμπόν",
"GB":"Ηνωμένο Βασίλειο",
"GD":"Γρενάδα",
"GE":"Γεωργία",
"GF":"Γαλλική Γουιάνα",
"GG":"Γκέρνζι",
"GH":"Γκάνα",
"GI":"Γιβραλτάρ",
"GL":"Γροιλανδία",
"GM":"Γκάμπια",
"GN":"Γουινέα",
"GP":"Γουαδελούπη",
"GQ":"Ισημερινή Γουινέα",
"GR":"Ελλάδα",
"GS":"Νήσοι Νότια Γεωργία και Νότιες Σάντουιτς",
"GT":"Γουατεμάλα",
"GU":"Γκουάμ",
"GW":"Γουινέα Μπισάου",
"GY":"Γουιάνα",
"HK":"Χονγκ Κονγκ ΕΔΠ Κίνας",
"HM":"Νήσοι Χερντ και Μακντόναλντ",
"HN":"Ονδούρα",
"HR":"Κροατία",
"HT":"Αϊτή",
"HU":"Ουγγαρία",
"IC":"Κανάριοι Νήσοι",
"ID":"Ινδονησία",
"IE":"Ιρλανδία",
"IL":"Ισραήλ",
"IM":"Νήσος Μαν",
"IN":"Ινδία",
"IO":"Βρετανικά Εδάφη Ινδικού Ωκεανού",
"IQ":"Ιράκ",
"IR":"Ιράν",
"IS":"Ισλανδία",
"IT":"Ιταλία",
"JE":"Τζέρζι",
"JM":"Τζαμάικα",
"JO":"Ιορδανία",
"JP":"Ιαπωνία",
"KE":"Κένυα",
"KG":"Κιργιστάν",
"KH":"Καμπότζη",
"KI":"Κιριμπάτι",
"KM":"Κομόρες",
"KN":"Άγιος Χριστόφορος και Νέβις",
"KP":"Βόρεια Κορέα",
"KR":"Νότια Κορέα",
"KW":"Κουβέιτ",
"KY":"Νήσοι Κάιμαν",
"KZ":"Καζακστάν",
"LA":"Λάος",
"LB":"Λίβανος",
"LC":"Αγία Λουκία",
"LI":"Λιχτενστάιν",
"LK":"Σρι Λάνκα",
"LR":"Λιβερία",
"LS":"Λεσότο",
"LT":"Λιθουανία",
"LU":"Λουξεμβούργο",
"LV":"Λετονία",
"LY":"Λιβύη",
"MA":"Μαρόκο",
"MC":"Μονακό",
"MD":"Μολδαβία",
"ME":"Μαυροβούνιο",
"MF":"Άγιος Μαρτίνος (Γαλλικό τμήμα)",
"MG":"Μαδαγασκάρη",
"MH":"Νήσοι Μάρσαλ",
"MK":"ΠΓΔΜ",
"ML":"Μάλι",
"MM":"Μιανμάρ/Βιρμανία",
"MN":"Μογγολία",
"MO":"Μακάο ΕΔΠ Κίνας",
"MP":"Νήσοι Βόρειες Μαριάνες",
"MQ":"Μαρτινίκα",
"MR":"Μαυριτανία",
"MS":"Μονσεράτ",
"MT":"Μάλτα",
"MU":"Μαυρίκιος",
"MV":"Μαλδίβες",
"MW":"Μαλάουι",
"MX":"Μεξικό",
"MY":"Μαλαισία",
"MZ":"Μοζαμβίκη",
"NA":"Ναμίμπια",
"NC":"Νέα Καληδονία",
"NE":"Νίγηρας",
"NF":"Νήσος Νόρφολκ",
"NG":"Νιγηρία",
"NI":"Νικαράγουα",
"NL":"Ολλανδία",
"NO":"Νορβηγία",
"NP":"Νεπάλ",
"NR":"Ναουρού",
"NU":"Νιούε",
"NZ":"Νέα Ζηλανδία",
"OM":"Ομάν",
"PA":"Παναμάς",
"PE":"Περού",
"PF":"Γαλλική Πολυνησία",
"PG":"Παπούα Νέα Γουινέα",
"PH":"Φιλιππίνες",
"PK":"Πακιστάν",
"PL":"Πολωνία",
"PM":"Σεν Πιερ και Μικελόν",
"PN":"Νήσοι Πίτκερν",
"PR":"Πουέρτο Ρίκο",
"PS":"Παλαιστινιακά Εδάφη",
"PT":"Πορτογαλία",
"PW":"Παλάου",
"PY":"Παραγουάη",
"QA":"Κατάρ",
"QO":"Περιφερειακή Ωκεανία",
"RE":"Ρεϊνιόν",
"RO":"Ρουμανία",
"RS":"Σερβία",
"RU":"Ρωσία",
"RW":"Ρουάντα",
"SA":"Σαουδική Αραβία",
"SB":"Νήσοι Σολομώντος",
"SC":"Σεϋχέλλες",
"SD":"Σουδάν",
"SE":"Σουηδία",
"SG":"Σιγκαπούρη",
"SH":"Αγία Ελένη",
"SI":"Σλοβενία",
"SJ":"Σβάλμπαρντ και Γιαν Μαγιέν",
"SK":"Σλοβακία",
"SL":"Σιέρα Λεόνε",
"SM":"Άγιος Μαρίνος",
"SN":"Σενεγάλη",
"SO":"Σομαλία",
"SR":"Σουρινάμ",
"SS":"Νότιο Σουδάν",
"ST":"Σάο Τομέ και Πρίνσιπε",
"SV":"Ελ Σαλβαδόρ",
"SX":"Άγιος Μαρτίνος (Ολλανδικό τμήμα)",
"SY":"Συρία",
"SZ":"Σουαζιλάνδη",
"TA":"Τριστάν ντα Κούνια",
"TC":"Νήσοι Τερκ και Κάικος",
"TD":"Τσαντ",
"TF":"Γαλλικές περιοχές του νοτίου ημισφαιρίου",
"TG":"Τόγκο",
"TH":"Ταϊλάνδη",
"TJ":"Τατζικιστάν",
"TK":"Τοκελάου",
"TL":"Τιμόρ-Λέστε",
"TM":"Τουρκμενιστάν",
"TN":"Τυνησία",
"TO":"Τόνγκα",
"TR":"Τουρκία",
"TT":"Τρινιντάντ και Τομπάγκο",
"TV":"Τουβαλού",
"TW":"Ταϊβάν",
"TZ":"Τανζανία",
"UA":"Ουκρανία",
"UG":"Ουγκάντα",
"UM":"Απομακρυσμένες Νησίδες Η.Π.Α.",
"US":"Ηνωμένες Πολιτείες",
"UY":"Ουρουγουάη",
"UZ":"Ουζμπεκιστάν",
"VA":"Βατικανό",
"VC":"Άγιος Βικέντιος και Γρεναδίνες",
"VE":"Βενεζουέλα",
"VG":"Βρετανικές Παρθένοι Νήσοι",
"VI":"Αμερικανικές Παρθένοι Νήσοι",
"VN":"Βιετνάμ",
"VU":"Βανουάτου",
"WF":"Ουάλις και Φουτούνα",
"WS":"Σαμόα",
"XK":"Κόσοβο",
"YE":"Υεμένη",
"YT":"Μαγιότ",
"ZA":"Νότια Αφρική",
"ZM":"Ζάμπια",
"ZW":"Ζιμπάμπουε",
"ZZ":"Άγνωστη περιοχή"
},
"orientation":"left-to-right",
"dateFormat-full":"EEEE, d MMMM y",
"dateFormat-long":"d MMMM y",
"dateFormat-medium":"d MMM y",
"dateFormat-short":"d/M/yy",
"timeFormat-full":"h:mm:ss a zzzz",
"timeFormat-long":"h:mm:ss a z",
"timeFormat-medium":"h:mm:ss a",
"timeFormat-short":"h:mm a",
"dateTimeFormat-full":"{1} - {0}",
"dateTimeFormat-long":"{1} - {0}",
"dateTimeFormat-medium":"{1} - {0}",
"dateTimeFormat-short":"{1} - {0}",
"intervalFormatFallback":"{0} - {1}",
"intervalFormat-d-d":"d-d",
"intervalFormat-h-a":"h a - h a",
"intervalFormat-h-h":"h-h a",
"intervalFormat-H-H":"HH–HH",
"intervalFormat-hm-a":"h:mm a - h:mm a",
"intervalFormat-hm-h":"h:mm-h:mm a",
"intervalFormat-hm-m":"h:mm-h:mm a",
"intervalFormat-Hm-H":"HH:mm–HH:mm",
"intervalFormat-Hm-m":"HH:mm–HH:mm",
"intervalFormat-hmv-a":"h:mm a - h:mm a v",
"intervalFormat-hmv-h":"h:mm-h:mm a v",
"intervalFormat-hmv-m":"h:mm-h:mm a v",
"intervalFormat-Hmv-H":"HH:mm–HH:mm v",
"intervalFormat-Hmv-m":"HH:mm–HH:mm v",
"intervalFormat-hv-a":"h a - h a v",
"intervalFormat-hv-h":"h-h a v",
"intervalFormat-Hv-H":"HH–HH v",
"intervalFormat-M-M":"M-M",
"intervalFormat-Md-d":"dd/MM - dd/MM",
"intervalFormat-Md-M":"dd/MM - dd/MM",
"intervalFormat-MEd-d":"E, dd/MM - E, dd/MM",
"intervalFormat-MEd-M":"E, dd/MM - E, dd/MM",
"intervalFormat-MMM-M":"LLL-LLL",
"intervalFormat-MMMd-d":"dd-dd MMM",
"intervalFormat-MMMd-M":"dd MMM - dd MMM",
"intervalFormat-MMMEd-d":"E, dd - E, dd MMM",
"intervalFormat-MMMEd-M":"E, dd MMM - E, dd MMM",
"intervalFormat-y-y":"y-y",
"intervalFormat-yM-M":"MM/y - MM/y",
"intervalFormat-yM-y":"MM/y - MM/y",
"intervalFormat-yMd-d":"dd/MM/y - dd/MM/y",
"intervalFormat-yMd-M":"dd/MM/y - dd/MM/y",
"intervalFormat-yMd-y":"dd/MM/y - dd/MM/y",
"intervalFormat-yMEd-d":"E, dd/MM/y - E, dd/MM/y",
"intervalFormat-yMEd-M":"E, dd/MM/y - E, dd/MM/y",
"intervalFormat-yMEd-y":"E, dd/MM/y - E, dd/MM/y",
"intervalFormat-yMMM-M":"LLL-LLL y",
"intervalFormat-yMMM-y":"MMM y - MMM y",
"intervalFormat-yMMMd-d":"dd-dd MMM y",
"intervalFormat-yMMMd-M":"dd MMM - dd MMM y",
"intervalFormat-yMMMd-y":"dd MMM y - dd MMM y",
"intervalFormat-yMMMEd-d":"E, dd MMM - E, dd MMM y",
"intervalFormat-yMMMEd-M":"E, dd MMM - E, dd MMM y",
"intervalFormat-yMMMEd-y":"E, dd MMM y - E, dd MMM y",
"intervalFormat-yMMMM-M":"LLLL-LLLL y",
"intervalFormat-yMMMM-y":"LLLL y - LLLL y",
"months-format-abbreviated":[
"Ιαν",
"Φεβ",
"Μαρ",
"Απρ",
"Μαΐ",
"Ιουν",
"Ιουλ",
"Αυγ",
"Σεπ",
"Οκτ",
"Νοε",
"Δεκ"],
"months-format-narrow":[
"Ι",
"Φ",
"Μ",
"Α",
"Μ",
"Ι",
"Ι",
"Α",
"Σ",
"Ο",
"Ν",
"Δ"],
"months-format-wide":[
"Ιανουαρίου",
"Φεβρουαρίου",
"Μαρτίου",
"Απριλίου",
"Μαΐου",
"Ιουνίου",
"Ιουλίου",
"Αυγούστου",
"Σεπτεμβρίου",
"Οκτωβρίου",
"Νοεμβρίου",
"Δεκεμβρίου"],
"months-standAlone-abbreviated":[
"Ιαν",
"Φεβ",
"Μάρ",
"Απρ",
"Μάι",
"Ιούν",
"Ιούλ",
"Αύγ",
"Σεπ",
"Οκτ",
"Νοέ",
"Δεκ"],
"months-standAlone-narrow":[
"Ι",
"Φ",
"Μ",
"Α",
"Μ",
"Ι",
"Ι",
"Α",
"Σ",
"Ο",
"Ν",
"Δ"],
"months-standAlone-wide":[
"Ιανουάριος",
"Φεβρουάριος",
"Μάρτιος",
"Απρίλιος",
"Μάιος",
"Ιούνιος",
"Ιούλιος",
"Αύγουστος",
"Σεπτέμβριος",
"Οκτώβριος",
"Νοέμβριος",
"Δεκέμβριος"],
"days-format-abbreviated":[
"Κυρ",
"Δευ",
"Τρί",
"Τετ",
"Πέμ",
"Παρ",
"Σάβ"],
"days-format-narrow":[
"Κ",
"Δ",
"Τ",
"Τ",
"Π",
"Π",
"Σ"],
"days-format-short":[
"Κυ",
"Δε",
"Τρ",
"Τε",
"Πέ",
"Πα",
"Σά"],
"days-format-wide":[
"Κυριακή",
"Δευτέρα",
"Τρίτη",
"Τετάρτη",
"Πέμπτη",
"Παρασκευή",
"Σάββατο"],
"days-standAlone-abbreviated":[
"Κυρ",
"Δευ",
"Τρί",
"Τετ",
"Πέμ",
"Παρ",
"Σάβ"],
"days-standAlone-narrow":[
"Κ",
"Δ",
"Τ",
"Τ",
"Π",
"Π",
"Σ"],
"days-standAlone-short":[
"Κυ",
"Δε",
"Τρ",
"Τε",
"Πέ",
"Πα",
"Σά"],
"days-standAlone-wide":[
"Κυριακή",
"Δευτέρα",
"Τρίτη",
"Τετάρτη",
"Πέμπτη",
"Παρασκευή",
"Σάββατο"],
"quarters-format-abbreviated":[
"Τ1",
"Τ2",
"Τ3",
"Τ4"],
"quarters-format-narrow":[
"1",
"2",
"3",
"4"],
"quarters-format-wide":[
"1ο τρίμηνο",
"2ο τρίμηνο",
"3ο τρίμηνο",
"4ο τρίμηνο"],
"quarters-standAlone-abbreviated":[
"Τ1",
"Τ2",
"Τ3",
"Τ4"],
"quarters-standAlone-narrow":[
"1",
"2",
"3",
"4"],
"quarters-standAlone-wide":[
"1ο τρίμηνο",
"2ο τρίμηνο",
"3ο τρίμηνο",
"4ο τρίμηνο"],
"dayPeriods-format-abbreviated":[
"π.μ.",
"μ.μ."],
"dayPeriods-format-narrow":[
"π.μ.",
"μ.μ."],
"dayPeriods-format-wide":[
"π.μ.",
"μ.μ."],
"dayPeriods-standAlone-abbreviated":[
"π.μ.",
"μ.μ."],
"dayPeriods-standAlone-narrow":[
"π.μ.",
"μ.μ."],
"dayPeriods-standAlone-wide":[
"π.μ.",
"μ.μ."],
"decimalFormat":{
"standard":"#,##0.###"},
"decimalFormat-long":{
"1000-one":"0 χιλιάδα",
"1000-other":"0 χιλιάδες",
"10000-one":"00 χιλιάδες",
"10000-other":"00 χιλιάδες",
"100000-one":"000 χιλιάδες",
"100000-other":"000 χιλιάδες",
"1000000-one":"0 εκατομμύριο",
"1000000-other":"0 εκατομμύρια",
"10000000-one":"00 εκατομμύρια",
"10000000-other":"00 εκατομμύρια",
"100000000-one":"000 εκατομμύρια",
"100000000-other":"000 εκατομμύρια",
"1000000000-one":"0 δισεκατομμύριο",
"1000000000-other":"0 δισεκατομμύρια",
"10000000000-one":"00 δισεκατομμύρια",
"10000000000-other":"00 δισεκατομμύρια",
"100000000000-one":"000 δισεκατομμύρια",
"100000000000-other":"000 δισεκατομμύρια",
"1000000000000-one":"0 τρισεκατομμύριο",
"1000000000000-other":"0 τρισεκατομμύρια",
"10000000000000-one":"00 τρισεκατομμύρια",
"10000000000000-other":"00 τρισεκατομμύρια",
"100000000000000-one":"000 τρισεκατομμύρια",
"100000000000000-other":"000 τρισεκατομμύρια"},
"decimalFormat-short":{
"1000-one":"0 χιλ'.'",
"1000-other":"0 χιλ'.'",
"10000-one":"00 χιλ'.'",
"10000-other":"00 χιλ'.'",
"100000-one":"000 χιλ'.'",
"100000-other":"000 χιλ'.'",
"1000000-one":"0 εκ'.'",
"1000000-other":"0 εκ'.'",
"10000000-one":"00 εκ'.'",
"10000000-other":"00 εκ'.'",
"100000000-one":"000 εκ'.'",
"100000000-other":"000 εκ'.'",
"1000000000-one":"0 δισ'.'",
"1000000000-other":"0 δισ'.'",
"10000000000-one":"00 δισ'.'",
"10000000000-other":"00 δισ'.'",
"100000000000-one":"000 δισ'.'",
"100000000000-other":"000 δισ'.'",
"1000000000000-one":"0 τρισ'.'",
"1000000000000-other":"0 τρισ'.'",
"10000000000000-one":"00 τρισ'.'",
"10000000000000-other":"00 τρισ'.'",
"100000000000000-one":"000 τρισ'.'",
"100000000000000-other":"000 τρισ'.'"},
"scientificFormat":{
"standard":"#E0"},
"percentFormat":{
"standard":"#,##0%"},
"currencyFormat":{
"standard":"#,##0.00 ¤"},
"symbols-latn-decimal":",",
"symbols-latn-group":".",
"symbols-latn-list":";",
"symbols-latn-percentSign":"%",
"symbols-latn-plusSign":"+",
"symbols-latn-minusSign":"-",
"symbols-latn-exponential":"e",
"symbols-latn-superscriptingExponent":"×",
"symbols-latn-perMille":"‰",
"symbols-latn-infinity":"∞",
"symbols-latn-nan":"NaN",
"currencyDigits":{
"ADP":0,
"AFN":0,
"ALL":0,
"AMD":0,
"BHD":3,
"BIF":0,
"BYR":0,
"CAD":2,
"CHF":2,
"CLF":0,
"CLP":0,
"COP":0,
"CRC":0,
"DEFAULT":2,
"DJF":0,
"ESP":0,
"GNF":0,
"GYD":0,
"HUF":0,
"IDR":0,
"IQD":0,
"IRR":0,
"ISK":0,
"ITL":0,
"JOD":3,
"JPY":0,
"KMF":0,
"KPW":0,
"KRW":0,
"KWD":3,
"LAK":0,
"LBP":0,
"LUF":0,
"LYD":3,
"MGA":0,
"MGF":0,
"MMK":0,
"MNT":0,
"MRO":0,
"MUR":0,
"OMR":3,
"PKR":0,
"PYG":0,
"RSD":0,
"RWF":0,
"SLL":0,
"SOS":0,
"STD":0,
"SYP":0,
"TMM":0,
"TND":3,
"TRL":0,
"TZS":0,
"TWD":2,
"UGX":0,
"UZS":0,
"VND":0,
"VUV":0,
"XAF":0,
"XOF":0,
"XPF":0,
"YER":0,
"ZMK":0,
"ZWD":0
},
"currencySymbols":{
"AUD":"A$",
"BRL":"R$",
"CAD":"CA$",
"CNY":"CN¥",
"EUR":"€",
"GBP":"£",
"HKD":"HK$",
"ILS":"₪",
"INR":"₹",
"JPY":"JP¥",
"KRW":"₩",
"MXN":"MX$",
"NZD":"NZ$",
"THB":"฿",
"TWD":"NT$",
"USD":"US$",
"VND":"₫",
"XAF":"FCFA",
"XCD":"EC$",
"XOF":"CFA",
"XPF":"CFPF"
},
"weekData-minDays":4,
"weekData-firstDay":1,
"weekData-weekendStart":6,
"weekData-weekendEnd":0
}