{
"__license":"This file has been derived from Unicode Common Locale Data Repository (CLDR) files (http://cldr.unicode.org). See the copyright and permission notice in the Unicode-Data-Files-LICENSE.txt available at the same location as this file or visit http://www.unicode.org/copyright.html",
"languages":{
"aa":"Afar",
"ab":"Abkhazian",
"ace":"Achinese",
"ach":"Acoli",
"ada":"Adangme",
"ady":"Adyghe",
"ae":"Avestan",
"af":"Afrikaans",
"afa":"Afro-Asiatic Language",
"afh":"Afrihili",
"agq":"Aghem",
"ain":"Ainu",
"ak":"Akan",
"akk":"Akkadian",
"ale":"Aleut",
"alg":"Algonquian Language",
"alt":"Southern Altai",
"am":"Amharic",
"an":"Aragonese",
"ang":"Old English",
"anp":"Angika",
"apa":"Apache Language",
"ar":"Arabic",
"ar_001":"Modern Standard Arabic",
"arc":"Aramaic",
"arn":"Araucanian",
"arp":"Arapaho",
"art":"Artificial Language",
"arw":"Arawak",
"as":"Assamese",
"asa":"Asu",
"ast":"Asturian",
"ath":"Athapascan Language",
"aus":"Australian Language",
"av":"Avaric",
"awa":"Awadhi",
"ay":"Aymara",
"az":"Azerbaijani",
"ba":"Bashkir",
"bad":"Banda",
"bai":"Bamileke Language",
"bal":"Baluchi",
"ban":"Balinese",
"bas":"Basaa",
"bat":"Baltic Language",
"bax":"Bamum",
"bbj":"Ghomala",
"be":"Belarusian",
"bej":"Beja",
"bem":"Bemba",
"ber":"Berber",
"bez":"Bena",
"bfd":"Bafut",
"bg":"Bulgarian",
"bh":"Bihari",
"bho":"Bhojpuri",
"bi":"Bislama",
"bik":"Bikol",
"bin":"Bini",
"bkm":"Kom",
"bla":"Siksika",
"bm":"Bambara",
"bn":"Bengali",
"bnt":"Bantu",
"bo":"Tibetan",
"br":"Breton",
"bra":"Braj",
"brx":"Bodo",
"bs":"Bosnian",
"bss":"Akoose",
"btk":"Batak",
"bua":"Buriat",
"bug":"Buginese",
"bum":"Bulu",
"byn":"Blin",
"byv":"Medumba",
"ca":"Catalan",
"cad":"Caddo",
"cai":"Central American Indian Language",
"car":"Carib",
"cau":"Caucasian Language",
"cay":"Cayuga",
"cch":"Atsam",
"ce":"Chechen",
"ceb":"Cebuano",
"cel":"Celtic Language",
"cgg":"Chiga",
"ch":"Chamorro",
"chb":"Chibcha",
"chg":"Chagatai",
"chk":"Chuukese",
"chm":"Mari",
"chn":"Chinook Jargon",
"cho":"Choctaw",
"chp":"Chipewyan",
"chr":"Cherokee",
"chy":"Cheyenne",
"ckb":"Sorani Kurdish",
"cmc":"Chamic Language",
"co":"Corsican",
"cop":"Coptic",
"cpe":"English-based Creole or Pidgin",
"cpf":"French-based Creole or Pidgin",
"cpp":"Portuguese-based Creole or Pidgin",
"cr":"Cree",
"crh":"Crimean Turkish",
"crp":"Creole or Pidgin",
"cs":"Czech",
"csb":"Kashubian",
"cu":"Church Slavic",
"cus":"Cushitic Language",
"cv":"Chuvash",
"cy":"Welsh",
"da":"Danish",
"dak":"Dakota",
"dar":"Dargwa",
"dav":"Taita",
"day":"Dayak",
"de":"German",
"de_AT":"Austrian German",
"de_CH":"Swiss High German",
"del":"Delaware",
"den":"Slave",
"dgr":"Dogrib",
"din":"Dinka",
"dje":"Zarma",
"doi":"Dogri",
"dra":"Dravidian Language",
"dsb":"Lower Sorbian",
"dua":"Duala",
"dum":"Middle Dutch",
"dv":"Divehi",
"dyo":"Jola-Fonyi",
"dyu":"Dyula",
"dz":"Dzongkha",
"dzg":"Dazaga",
"ebu":"Embu",
"ee":"Ewe",
"efi":"Efik",
"egy":"Ancient Egyptian",
"eka":"Ekajuk",
"el":"Greek",
"elx":"Elamite",
"en":"English",
"en_AU":"Australian English",
"en_CA":"Canadian English",
"en_GB":"British English",
"en_US":"American English",
"enm":"Middle English",
"eo":"Esperanto",
"es":"Spanish",
"es_419":"Latin American Spanish",
"es_ES":"European Spanish",
"es_MX":"Mexican Spanish",
"et":"Estonian",
"eu":"Basque",
"ewo":"Ewondo",
"fa":"Persian",
"fan":"Fang",
"fat":"Fanti",
"ff":"Fulah",
"fi":"Finnish",
"fil":"Filipino",
"fiu":"Finno-Ugrian Language",
"fj":"Fijian",
"fo":"Faroese",
"fon":"Fon",
"fr":"French",
"fr_CA":"Canadian French",
"fr_CH":"Swiss French",
"frm":"Middle French",
"fro":"Old French",
"frr":"Northern Frisian",
"frs":"Eastern Frisian",
"fur":"Friulian",
"fy":"Western Frisian",
"ga":"Irish",
"gaa":"Ga",
"gay":"Gayo",
"gba":"Gbaya",
"gd":"Scottish Gaelic",
"gem":"Germanic Language",
"gez":"Geez",
"gil":"Gilbertese",
"gl":"Galician",
"gmh":"Middle High German",
"gn":"Guarani",
"goh":"Old High German",
"gon":"Gondi",
"gor":"Gorontalo",
"got":"Gothic",
"grb":"Grebo",
"grc":"Ancient Greek",
"gsw":"Swiss German",
"gu":"Gujarati",
"guz":"Gusii",
"gv":"Manx",
"gwi":"Gwichʼin",
"ha":"Hausa",
"hai":"Haida",
"haw":"Hawaiian",
"he":"Hebrew",
"hi":"Hindi",
"hil":"Hiligaynon",
"him":"Himachali",
"hit":"Hittite",
"hmn":"Hmong",
"ho":"Hiri Motu",
"hr":"Croatian",
"hsb":"Upper Sorbian",
"ht":"Haitian",
"hu":"Hungarian",
"hup":"Hupa",
"hy":"Armenian",
"hz":"Herero",
"ia":"Interlingua",
"iba":"Iban",
"ibb":"Ibibio",
"id":"Indonesian",
"ie":"Interlingue",
"ig":"Igbo",
"ii":"Sichuan Yi",
"ijo":"Ijo",
"ik":"Inupiaq",
"ilo":"Iloko",
"inc":"Indic Language",
"ine":"Indo-European Language",
"inh":"Ingush",
"io":"Ido",
"ira":"Iranian Language",
"iro":"Iroquoian Language",
"is":"Icelandic",
"it":"Italian",
"iu":"Inuktitut",
"ja":"Japanese",
"jbo":"Lojban",
"jgo":"Ngomba",
"jmc":"Machame",
"jpr":"Judeo-Persian",
"jrb":"Judeo-Arabic",
"jv":"Javanese",
"ka":"Georgian",
"kaa":"Kara-Kalpak",
"kab":"Kabyle",
"kac":"Kachin",
"kaj":"Jju",
"kam":"Kamba",
"kar":"Karen",
"kaw":"Kawi",
"kbd":"Kabardian",
"kbl":"Kanembu",
"kcg":"Tyap",
"kde":"Makonde",
"kea":"Kabuverdianu",
"kfo":"Koro",
"kg":"Kongo",
"kha":"Khasi",
"khi":"Khoisan Language",
"kho":"Khotanese",
"khq":"Koyra Chiini",
"ki":"Kikuyu",
"kj":"Kuanyama",
"kk":"Kazakh",
"kkj":"Kako",
"kl":"Kalaallisut",
"kln":"Kalenjin",
"km":"Khmer",
"kmb":"Kimbundu",
"kn":"Kannada",
"ko":"Korean",
"kok":"Konkani",
"kos":"Kosraean",
"kpe":"Kpelle",
"kr":"Kanuri",
"krc":"Karachay-Balkar",
"krl":"Karelian",
"kro":"Kru",
"kru":"Kurukh",
"ks":"Kashmiri",
"ksb":"Shambala",
"ksf":"Bafia",
"ksh":"Colognian",
"ku":"Kurdish",
"kum":"Kumyk",
"kut":"Kutenai",
"kv":"Komi",
"kw":"Cornish",
"ky":"Kyrgyz",
"la":"Latin",
"lad":"Ladino",
"lag":"Langi",
"lah":"Lahnda",
"lam":"Lamba",
"lb":"Luxembourgish",
"lez":"Lezghian",
"lg":"Ganda",
"li":"Limburgish",
"lkt":"Lakota",
"ln":"Lingala",
"lo":"Lao",
"lol":"Mongo",
"loz":"Lozi",
"lt":"Lithuanian",
"lu":"Luba-Katanga",
"lua":"Luba-Lulua",
"lui":"Luiseno",
"lun":"Lunda",
"luo":"Luo",
"lus":"Mizo",
"luy":"Luyia",
"lv":"Latvian",
"mad":"Madurese",
"maf":"Mafa",
"mag":"Magahi",
"mai":"Maithili",
"mak":"Makasar",
"man":"Mandingo",
"map":"Austronesian Language",
"mas":"Masai",
"mde":"Maba",
"mdf":"Moksha",
"mdr":"Mandar",
"men":"Mende",
"mer":"Meru",
"mfe":"Morisyen",
"mg":"Malagasy",
"mga":"Middle Irish",
"mgh":"Makhuwa-Meetto",
"mgo":"Meta'",
"mh":"Marshallese",
"mi":"Maori",
"mic":"Micmac",
"min":"Minangkabau",
"mis":"Miscellaneous Language",
"mk":"Macedonian",
"mkh":"Mon-Khmer Language",
"ml":"Malayalam",
"mn":"Mongolian",
"mnc":"Manchu",
"mni":"Manipuri",
"mno":"Manobo Language",
"mo":"Moldavian",
"moh":"Mohawk",
"mos":"Mossi",
"mr":"Marathi",
"ms":"Malay",
"mt":"Maltese",
"mua":"Mundang",
"mul":"Multiple Languages",
"mun":"Munda Language",
"mus":"Creek",
"mwl":"Mirandese",
"mwr":"Marwari",
"my":"Burmese",
"mye":"Myene",
"myn":"Mayan Language",
"myv":"Erzya",
"na":"Nauru",
"nah":"Nahuatl",
"nai":"North American Indian Language",
"nap":"Neapolitan",
"naq":"Nama",
"nb":"Norwegian Bokmål",
"nd":"North Ndebele",
"nds":"Low German",
"ne":"Nepali",
"new":"Newari",
"ng":"Ndonga",
"nia":"Nias",
"nic":"Niger-Kordofanian Language",
"niu":"Niuean",
"nl":"Dutch",
"nl_BE":"Flemish",
"nmg":"Kwasio",
"nn":"Norwegian Nynorsk",
"nnh":"Ngiemboon",
"no":"Norwegian",
"nog":"Nogai",
"non":"Old Norse",
"nqo":"N’Ko",
"nr":"South Ndebele",
"nso":"Northern Sotho",
"nub":"Nubian Language",
"nus":"Nuer",
"nv":"Navajo",
"nwc":"Classical Newari",
"ny":"Nyanja",
"nym":"Nyamwezi",
"nyn":"Nyankole",
"nyo":"Nyoro",
"nzi":"Nzima",
"oc":"Occitan",
"oj":"Ojibwa",
"om":"Oromo",
"or":"Oriya",
"os":"Ossetic",
"osa":"Osage",
"ota":"Ottoman Turkish",
"oto":"Otomian Language",
"pa":"Punjabi",
"paa":"Papuan Language",
"pag":"Pangasinan",
"pal":"Pahlavi",
"pam":"Pampanga",
"pap":"Papiamento",
"pau":"Palauan",
"peo":"Old Persian",
"phi":"Philippine Language",
"phn":"Phoenician",
"pi":"Pali",
"pl":"Polish",
"pon":"Pohnpeian",
"pra":"Prakrit Language",
"pro":"Old Provençal",
"ps":"Pashto",
"pt":"Portuguese",
"pt_BR":"Brazilian Portuguese",
"pt_PT":"European Portuguese",
"qu":"Quechua",
"raj":"Rajasthani",
"rap":"Rapanui",
"rar":"Rarotongan",
"rm":"Romansh",
"rn":"Rundi",
"ro":"Romanian",
"roa":"Romance Language",
"rof":"Rombo",
"rom":"Romany",
"root":"Root",
"ru":"Russian",
"rup":"Aromanian",
"rw":"Kinyarwanda",
"rwk":"Rwa",
"sa":"Sanskrit",
"sad":"Sandawe",
"sah":"Sakha",
"sai":"South American Indian Language",
"sal":"Salishan Language",
"sam":"Samaritan Aramaic",
"saq":"Samburu",
"sas":"Sasak",
"sat":"Santali",
"sba":"Ngambay",
"sbp":"Sangu",
"sc":"Sardinian",
"scn":"Sicilian",
"sco":"Scots",
"sd":"Sindhi",
"se":"Northern Sami",
"see":"Seneca",
"seh":"Sena",
"sel":"Selkup",
"sem":"Semitic Language",
"ses":"Koyraboro Senni",
"sg":"Sango",
"sga":"Old Irish",
"sgn":"Sign Language",
"sh":"Serbo-Croatian",
"shi":"Tachelhit",
"shn":"Shan",
"shu":"Chadian Arabic",
"si":"Sinhala",
"sid":"Sidamo",
"sio":"Siouan Language",
"sit":"Sino-Tibetan Language",
"sk":"Slovak",
"sl":"Slovenian",
"sla":"Slavic Language",
"sm":"Samoan",
"sma":"Southern Sami",
"smi":"Sami Language",
"smj":"Lule Sami",
"smn":"Inari Sami",
"sms":"Skolt Sami",
"sn":"Shona",
"snk":"Soninke",
"so":"Somali",
"sog":"Sogdien",
"son":"Songhai",
"sq":"Albanian",
"sr":"Serbian",
"srn":"Sranan Tongo",
"srr":"Serer",
"ss":"Swati",
"ssa":"Nilo-Saharan Language",
"ssy":"Saho",
"st":"Southern Sotho",
"su":"Sundanese",
"suk":"Sukuma",
"sus":"Susu",
"sux":"Sumerian",
"sv":"Swedish",
"sw":"Swahili",
"swb":"Comorian",
"swc":"Congo Swahili",
"syc":"Classical Syriac",
"syr":"Syriac",
"ta":"Tamil",
"tai":"Tai Language",
"te":"Telugu",
"tem":"Timne",
"teo":"Teso",
"ter":"Tereno",
"tet":"Tetum",
"tg":"Tajik",
"th":"Thai",
"ti":"Tigrinya",
"tig":"Tigre",
"tiv":"Tiv",
"tk":"Turkmen",
"tkl":"Tokelau",
"tl":"Tagalog",
"tlh":"Klingon",
"tli":"Tlingit",
"tmh":"Tamashek",
"tn":"Tswana",
"to":"Tongan",
"tog":"Nyasa Tonga",
"tpi":"Tok Pisin",
"tr":"Turkish",
"trv":"Taroko",
"ts":"Tsonga",
"tsi":"Tsimshian",
"tt":"Tatar",
"tum":"Tumbuka",
"tup":"Tupi Language",
"tut":"Altaic Language",
"tvl":"Tuvalu",
"tw":"Twi",
"twq":"Tasawaq",
"ty":"Tahitian",
"tyv":"Tuvinian",
"tzm":"Central Morocco Tamazight",
"udm":"Udmurt",
"ug":"Uyghur",
"uga":"Ugaritic",
"uk":"Ukrainian",
"umb":"Umbundu",
"und":"Unknown Language",
"ur":"Urdu",
"uz":"Uzbek",
"vai":"Vai",
"ve":"Venda",
"vi":"Vietnamese",
"vo":"Volapük",
"vot":"Votic",
"vun":"Vunjo",
"wa":"Walloon",
"wae":"Walser",
"wak":"Wakashan Language",
"wal":"Walamo",
"war":"Waray",
"was":"Washo",
"wen":"Sorbian Language",
"wo":"Wolof",
"xal":"Kalmyk",
"xh":"Xhosa",
"xog":"Soga",
"yao":"Yao",
"yap":"Yapese",
"yav":"Yangben",
"ybb":"Yemba",
"yi":"Yiddish",
"yo":"Yoruba",
"ypk":"Yupik Language",
"yue":"Cantonese",
"za":"Zhuang",
"zap":"Zapotec",
"zbl":"Blissymbols",
"zen":"Zenaga",
"zgh":"Standard Moroccan Tamazight",
"zh":"Chinese",
"zh_Hans":"Simplified Chinese",
"zh_Hant":"Traditional Chinese",
"znd":"Zande",
"zu":"Zulu",
"zun":"Zuni",
"zxx":"No linguistic content",
"zza":"Zaza"
},
"scripts":{
"Afak":"Afaka",
"Arab":"Arabic",
"Armi":"Imperial Aramaic",
"Armn":"Armenian",
"Avst":"Avestan",
"Bali":"Balinese",
"Bamu":"Bamum",
"Bass":"Bassa Vah",
"Batk":"Batak",
"Beng":"Bengali",
"Blis":"Blissymbols",
"Bopo":"Bopomofo",
"Brah":"Brahmi",
"Brai":"Braille",
"Bugi":"Buginese",
"Buhd":"Buhid",
"Cakm":"Chakma",
"Cans":"Unified Canadian Aboriginal Syllabics",
"Cari":"Carian",
"Cham":"Cham",
"Cher":"Cherokee",
"Cirt":"Cirth",
"Copt":"Coptic",
"Cprt":"Cypriot",
"Cyrl":"Cyrillic",
"Cyrs":"Old Church Slavonic Cyrillic",
"Deva":"Devanagari",
"Dsrt":"Deseret",
"Dupl":"Duployan shorthand",
"Egyd":"Egyptian demotic",
"Egyh":"Egyptian hieratic",
"Egyp":"Egyptian hieroglyphs",
"Ethi":"Ethiopic",
"Geok":"Georgian Khutsuri",
"Geor":"Georgian",
"Glag":"Glagolitic",
"Goth":"Gothic",
"Gran":"Grantha",
"Grek":"Greek",
"Gujr":"Gujarati",
"Guru":"Gurmukhi",
"Hang":"Hangul",
"Hani":"Han",
"Hano":"Hanunoo",
"Hans":"Simplified",
"Hant":"Traditional",
"Hebr":"Hebrew",
"Hira":"Hiragana",
"Hluw":"Anatolian Hieroglyphs",
"Hmng":"Pahawh Hmong",
"Hrkt":"Japanese syllabaries",
"Hung":"Old Hungarian",
"Inds":"Indus",
"Ital":"Old Italic",
"Java":"Javanese",
"Jpan":"Japanese",
"Jurc":"Jurchen",
"Kali":"Kayah Li",
"Kana":"Katakana",
"Khar":"Kharoshthi",
"Khmr":"Khmer",
"Khoj":"Khojki",
"Knda":"Kannada",
"Kore":"Korean",
"Kpel":"Kpelle",
"Kthi":"Kaithi",
"Lana":"Lanna",
"Laoo":"Lao",
"Latf":"Fraktur Latin",
"Latg":"Gaelic Latin",
"Latn":"Latin",
"Lepc":"Lepcha",
"Limb":"Limbu",
"Lina":"Linear A",
"Linb":"Linear B",
"Lisu":"Fraser",
"Loma":"Loma",
"Lyci":"Lycian",
"Lydi":"Lydian",
"Mand":"Mandaean",
"Mani":"Manichaean",
"Maya":"Mayan hieroglyphs",
"Mend":"Mende",
"Merc":"Meroitic Cursive",
"Mero":"Meroitic",
"Mlym":"Malayalam",
"Mong":"Mongolian",
"Moon":"Moon",
"Mroo":"Mro",
"Mtei":"Meitei Mayek",
"Mymr":"Myanmar",
"Narb":"Old North Arabian",
"Nbat":"Nabataean",
"Nkgb":"Naxi Geba",
"Nkoo":"N’Ko",
"Nshu":"Nüshu",
"Ogam":"Ogham",
"Olck":"Ol Chiki",
"Orkh":"Orkhon",
"Orya":"Oriya",
"Osma":"Osmanya",
"Palm":"Palmyrene",
"Perm":"Old Permic",
"Phag":"Phags-pa",
"Phli":"Inscriptional Pahlavi",
"Phlp":"Psalter Pahlavi",
"Phlv":"Book Pahlavi",
"Phnx":"Phoenician",
"Plrd":"Pollard Phonetic",
"Prti":"Inscriptional Parthian",
"Rjng":"Rejang",
"Roro":"Rongorongo",
"Runr":"Runic",
"Samr":"Samaritan",
"Sara":"Sarati",
"Sarb":"Old South Arabian",
"Saur":"Saurashtra",
"Sgnw":"SignWriting",
"Shaw":"Shavian",
"Shrd":"Sharada",
"Sind":"Khudawadi",
"Sinh":"Sinhala",
"Sora":"Sora Sompeng",
"Sund":"Sundanese",
"Sylo":"Syloti Nagri",
"Syrc":"Syriac",
"Syre":"Estrangelo Syriac",
"Syrj":"Western Syriac",
"Syrn":"Eastern Syriac",
"Tagb":"Tagbanwa",
"Takr":"Takri",
"Tale":"Tai Le",
"Talu":"New Tai Lue",
"Taml":"Tamil",
"Tang":"Tangut",
"Tavt":"Tai Viet",
"Telu":"Telugu",
"Teng":"Tengwar",
"Tfng":"Tifinagh",
"Tglg":"Tagalog",
"Thaa":"Thaana",
"Thai":"Thai",
"Tibt":"Tibetan",
"Tirh":"Tirhuta",
"Ugar":"Ugaritic",
"Vaii":"Vai",
"Visp":"Visible Speech",
"Wara":"Varang Kshiti",
"Wole":"Woleai",
"Xpeo":"Old Persian",
"Xsux":"Sumero-Akkadian Cuneiform",
"Yiii":"Yi",
"Zinh":"Inherited",
"Zmth":"Mathematical Notation",
"Zsym":"Symbols",
"Zxxx":"Unwritten",
"Zyyy":"Common",
"Zzzz":"Unknown Script"
},
"territories":{
"001":"World",
"002":"Africa",
"003":"North America",
"005":"South America",
"009":"Oceania",
"011":"Western Africa",
"013":"Central America",
"014":"Eastern Africa",
"015":"Northern Africa",
"017":"Middle Africa",
"018":"Southern Africa",
"019":"Americas",
"021":"Northern America",
"029":"Caribbean",
"030":"Eastern Asia",
"034":"Southern Asia",
"035":"South-Eastern Asia",
"039":"Southern Europe",
"053":"Australasia",
"054":"Melanesia",
"057":"Micronesian Region",
"061":"Polynesia",
"142":"Asia",
"143":"Central Asia",
"145":"Western Asia",
"150":"Europe",
"151":"Eastern Europe",
"154":"Northern Europe",
"155":"Western Europe",
"419":"Latin America",
"AC":"Ascension Island",
"AD":"Andorra",
"AE":"United Arab Emirates",
"AF":"Afghanistan",
"AG":"Antigua and Barbuda",
"AI":"Anguilla",
"AL":"Albania",
"AM":"Armenia",
"AN":"Netherlands Antilles",
"AO":"Angola",
"AQ":"Antarctica",
"AR":"Argentina",
"AS":"American Samoa",
"AT":"Austria",
"AU":"Australia",
"AW":"Aruba",
"AX":"Åland Islands",
"AZ":"Azerbaijan",
"BA":"Bosnia and Herzegovina",
"BB":"Barbados",
"BD":"Bangladesh",
"BE":"Belgium",
"BF":"Burkina Faso",
"BG":"Bulgaria",
"BH":"Bahrain",
"BI":"Burundi",
"BJ":"Benin",
"BL":"Saint Barthélemy",
"BM":"Bermuda",
"BN":"Brunei",
"BO":"Bolivia",
"BQ":"Caribbean Netherlands",
"BR":"Brazil",
"BS":"Bahamas",
"BT":"Bhutan",
"BV":"Bouvet Island",
"BW":"Botswana",
"BY":"Belarus",
"BZ":"Belize",
"CA":"Canada",
"CC":"Cocos (Keeling) Islands",
"CD":"Congo - Kinshasa",
"CF":"Central African Republic",
"CG":"Congo - Brazzaville",
"CH":"Switzerland",
"CI":"Côte d’Ivoire",
"CK":"Cook Islands",
"CL":"Chile",
"CM":"Cameroon",
"CN":"China",
"CO":"Colombia",
"CP":"Clipperton Island",
"CR":"Costa Rica",
"CU":"Cuba",
"CV":"Cape Verde",
"CW":"Curaçao",
"CX":"Christmas Island",
"CY":"Cyprus",
"CZ":"Czech Republic",
"DE":"Germany",
"DG":"Diego Garcia",
"DJ":"Djibouti",
"DK":"Denmark",
"DM":"Dominica",
"DO":"Dominican Republic",
"DZ":"Algeria",
"EA":"Ceuta and Melilla",
"EC":"Ecuador",
"EE":"Estonia",
"EG":"Egypt",
"EH":"Western Sahara",
"ER":"Eritrea",
"ES":"Spain",
"ET":"Ethiopia",
"EU":"European Union",
"FI":"Finland",
"FJ":"Fiji",
"FK":"Falkland Islands",
"FM":"Micronesia",
"FO":"Faroe Islands",
"FR":"France",
"GA":"Gabon",
"GB":"United Kingdom",
"GD":"Grenada",
"GE":"Georgia",
"GF":"French Guiana",
"GG":"Guernsey",
"GH":"Ghana",
"GI":"Gibraltar",
"GL":"Greenland",
"GM":"Gambia",
"GN":"Guinea",
"GP":"Guadeloupe",
"GQ":"Equatorial Guinea",
"GR":"Greece",
"GS":"South Georgia and the South Sandwich Islands",
"GT":"Guatemala",
"GU":"Guam",
"GW":"Guinea-Bissau",
"GY":"Guyana",
"HK":"Hong Kong SAR China",
"HM":"Heard Island and McDonald Islands",
"HN":"Honduras",
"HR":"Croatia",
"HT":"Haiti",
"HU":"Hungary",
"IC":"Canary Islands",
"ID":"Indonesia",
"IE":"Ireland",
"IL":"Israel",
"IM":"Isle of Man",
"IN":"India",
"IO":"British Indian Ocean Territory",
"IQ":"Iraq",
"IR":"Iran",
"IS":"Iceland",
"IT":"Italy",
"JE":"Jersey",
"JM":"Jamaica",
"JO":"Jordan",
"JP":"Japan",
"KE":"Kenya",
"KG":"Kyrgyzstan",
"KH":"Cambodia",
"KI":"Kiribati",
"KM":"Comoros",
"KN":"Saint Kitts and Nevis",
"KP":"North Korea",
"KR":"South Korea",
"KW":"Kuwait",
"KY":"Cayman Islands",
"KZ":"Kazakhstan",
"LA":"Laos",
"LB":"Lebanon",
"LC":"Saint Lucia",
"LI":"Liechtenstein",
"LK":"Sri Lanka",
"LR":"Liberia",
"LS":"Lesotho",
"LT":"Lithuania",
"LU":"Luxembourg",
"LV":"Latvia",
"LY":"Libya",
"MA":"Morocco",
"MC":"Monaco",
"MD":"Moldova",
"ME":"Montenegro",
"MF":"Saint Martin",
"MG":"Madagascar",
"MH":"Marshall Islands",
"MK":"Macedonia",
"ML":"Mali",
"MM":"Myanmar (Burma)",
"MN":"Mongolia",
"MO":"Macau SAR China",
"MP":"Northern Mariana Islands",
"MQ":"Martinique",
"MR":"Mauritania",
"MS":"Montserrat",
"MT":"Malta",
"MU":"Mauritius",
"MV":"Maldives",
"MW":"Malawi",
"MX":"Mexico",
"MY":"Malaysia",
"MZ":"Mozambique",
"NA":"Namibia",
"NC":"New Caledonia",
"NE":"Niger",
"NF":"Norfolk Island",
"NG":"Nigeria",
"NI":"Nicaragua",
"NL":"Netherlands",
"NO":"Norway",
"NP":"Nepal",
"NR":"Nauru",
"NU":"Niue",
"NZ":"New Zealand",
"OM":"Oman",
"PA":"Panama",
"PE":"Peru",
"PF":"French Polynesia",
"PG":"Papua New Guinea",
"PH":"Philippines",
"PK":"Pakistan",
"PL":"Poland",
"PM":"Saint Pierre and Miquelon",
"PN":"Pitcairn Islands",
"PR":"Puerto Rico",
"PS":"Palestinian Territories",
"PT":"Portugal",
"PW":"Palau",
"PY":"Paraguay",
"QA":"Qatar",
"QO":"Outlying Oceania",
"RE":"Réunion",
"RO":"Romania",
"RS":"Serbia",
"RU":"Russia",
"RW":"Rwanda",
"SA":"Saudi Arabia",
"SB":"Solomon Islands",
"SC":"Seychelles",
"SD":"Sudan",
"SE":"Sweden",
"SG":"Singapore",
"SH":"Saint Helena",
"SI":"Slovenia",
"SJ":"Svalbard and Jan Mayen",
"SK":"Slovakia",
"SL":"Sierra Leone",
"SM":"San Marino",
"SN":"Senegal",
"SO":"Somalia",
"SR":"Suriname",
"SS":"South Sudan",
"ST":"São Tomé and Príncipe",
"SV":"El Salvador",
"SX":"Sint Maarten",
"SY":"Syria",
"SZ":"Swaziland",
"TA":"Tristan da Cunha",
"TC":"Turks and Caicos Islands",
"TD":"Chad",
"TF":"French Southern Territories",
"TG":"Togo",
"TH":"Thailand",
"TJ":"Tajikistan",
"TK":"Tokelau",
"TL":"Timor-Leste",
"TM":"Turkmenistan",
"TN":"Tunisia",
"TO":"Tonga",
"TR":"Turkey",
"TT":"Trinidad and Tobago",
"TV":"Tuvalu",
"TW":"Taiwan",
"TZ":"Tanzania",
"UA":"Ukraine",
"UG":"Uganda",
"UM":"U.S. Minor Outlying Islands",
"US":"United States",
"UY":"Uruguay",
"UZ":"Uzbekistan",
"VA":"Vatican City",
"VC":"Saint Vincent and the Grenadines",
"VE":"Venezuela",
"VG":"British Virgin Islands",
"VI":"U.S. Virgin Islands",
"VN":"Vietnam",
"VU":"Vanuatu",
"WF":"Wallis and Futuna",
"WS":"Samoa",
"XK":"Kosovo",
"YE":"Yemen",
"YT":"Mayotte",
"ZA":"South Africa",
"ZM":"Zambia",
"ZW":"Zimbabwe",
"ZZ":"Unknown Region"
},
"orientation":"left-to-right",
"dateFormat-full":"EEEE, d MMMM y",
"dateFormat-long":"d MMMM y",
"dateFormat-medium":"d MMM y",
"dateFormat-short":"dd/MM/y",
"timeFormat-full":"HH:mm:ss zzzz",
"timeFormat-long":"HH:mm:ss z",
"timeFormat-medium":"HH:mm:ss",
"timeFormat-short":"HH:mm",
"dateTimeFormat-full":"{1} {0}",
"dateTimeFormat-long":"{1} {0}",
"dateTimeFormat-medium":"{1} {0}",
"dateTimeFormat-short":"{1} {0}",
"intervalFormatFallback":"{0} – {1}",
"intervalFormat-d-d":"d–d",
"intervalFormat-h-a":"h a – h a",
"intervalFormat-h-h":"h–h a",
"intervalFormat-H-H":"HH–HH",
"intervalFormat-hm-a":"h:mm a – h:mm a",
"intervalFormat-hm-h":"h:mm–h:mm a",
"intervalFormat-hm-m":"h:mm–h:mm a",
"intervalFormat-Hm-H":"HH:mm–HH:mm",
"intervalFormat-Hm-m":"HH:mm–HH:mm",
"intervalFormat-hmv-a":"h:mm a – h:mm a v",
"intervalFormat-hmv-h":"h:mm–h:mm a v",
"intervalFormat-hmv-m":"h:mm–h:mm a v",
"intervalFormat-Hmv-H":"HH:mm–HH:mm v",
"intervalFormat-Hmv-m":"HH:mm–HH:mm v",
"intervalFormat-hv-a":"h a – h a v",
"intervalFormat-hv-h":"h–h a v",
"intervalFormat-Hv-H":"HH–HH v",
"intervalFormat-M-M":"M–M",
"intervalFormat-Md-d":"dd/MM – dd/MM",
"intervalFormat-Md-M":"dd/MM – dd/MM",
"intervalFormat-MEd-d":"E dd/MM – E dd/MM",
"intervalFormat-MEd-M":"E dd/MM – E dd/MM",
"intervalFormat-MMM-M":"MMM–MMM",
"intervalFormat-MMMd-d":"d–d MMM",
"intervalFormat-MMMd-M":"d MMM – d MMM",
"intervalFormat-MMMEd-d":"E d – E d MMM",
"intervalFormat-MMMEd-M":"E d MMM – E d MMM",
"intervalFormat-y-y":"y-y",
"intervalFormat-yM-M":"MM/y – MM/y",
"intervalFormat-yM-y":"MM/y – MM/y",
"intervalFormat-yMd-d":"dd/MM/y – dd/MM/y",
"intervalFormat-yMd-M":"dd/MM/y – dd/MM/y",
"intervalFormat-yMd-y":"dd/MM/y – dd/MM/y",
"intervalFormat-yMEd-d":"E, dd/MM/y – E, dd/MM/y",
"intervalFormat-yMEd-M":"E, dd/MM/y – E, dd/MM/y",
"intervalFormat-yMEd-y":"E, dd/MM/y – E, dd/MM/y",
"intervalFormat-yMMM-M":"MMM–MMM y",
"intervalFormat-yMMM-y":"MMM y – MMM y",
"intervalFormat-yMMMd-d":"d–d MMM y",
"intervalFormat-yMMMd-M":"d MMM – d MMM y",
"intervalFormat-yMMMd-y":"d MMM y – d MMM y",
"intervalFormat-yMMMEd-d":"E, d – E, d MMM y",
"intervalFormat-yMMMEd-M":"E, d MMM – E, d MMM y",
"intervalFormat-yMMMEd-y":"E, d MMM y – E, d MMM y",
"intervalFormat-yMMMM-M":"MMMM–MMMM y",
"intervalFormat-yMMMM-y":"MMMM y – MMMM y",
"months-format-abbreviated":[
"Jan",
"Feb",
"Mar",
"Apr",
"May",
"Jun",
"Jul",
"Aug",
"Sep",
"Oct",
"Nov",
"Dec"],
"months-format-narrow":[
"J",
"F",
"M",
"A",
"M",
"J",
"J",
"A",
"S",
"O",
"N",
"D"],
"months-format-wide":[
"January",
"February",
"March",
"April",
"May",
"June",
"July",
"August",
"September",
"October",
"November",
"December"],
"months-standAlone-abbreviated":[
"Jan",
"Feb",
"Mar",
"Apr",
"May",
"Jun",
"Jul",
"Aug",
"Sep",
"Oct",
"Nov",
"Dec"],
"months-standAlone-narrow":[
"J",
"F",
"M",
"A",
"M",
"J",
"J",
"A",
"S",
"O",
"N",
"D"],
"months-standAlone-wide":[
"January",
"February",
"March",
"April",
"May",
"June",
"July",
"August",
"September",
"October",
"November",
"December"],
"days-format-abbreviated":[
"Sun",
"Mon",
"Tue",
"Wed",
"Thu",
"Fri",
"Sat"],
"days-format-narrow":[
"S",
"M",
"T",
"W",
"T",
"F",
"S"],
"days-format-short":[
"Su",
"Mo",
"Tu",
"We",
"Th",
"Fr",
"Sa"],
"days-format-wide":[
"Sunday",
"Monday",
"Tuesday",
"Wednesday",
"Thursday",
"Friday",
"Saturday"],
"days-standAlone-abbreviated":[
"Sun",
"Mon",
"Tue",
"Wed",
"Thu",
"Fri",
"Sat"],
"days-standAlone-narrow":[
"S",
"M",
"T",
"W",
"T",
"F",
"S"],
"days-standAlone-short":[
"Su",
"Mo",
"Tu",
"We",
"Th",
"Fr",
"Sa"],
"days-standAlone-wide":[
"Sunday",
"Monday",
"Tuesday",
"Wednesday",
"Thursday",
"Friday",
"Saturday"],
"quarters-format-abbreviated":[
"Q1",
"Q2",
"Q3",
"Q4"],
"quarters-format-narrow":[
"1",
"2",
"3",
"4"],
"quarters-format-wide":[
"1st quarter",
"2nd quarter",
"3rd quarter",
"4th quarter"],
"quarters-standAlone-abbreviated":[
"Q1",
"Q2",
"Q3",
"Q4"],
"quarters-standAlone-narrow":[
"1",
"2",
"3",
"4"],
"quarters-standAlone-wide":[
"1st quarter",
"2nd quarter",
"3rd quarter",
"4th quarter"],
"dayPeriods-format-abbreviated":[
"am",
"pm"],
"dayPeriods-format-narrow":[
"a",
"p"],
"dayPeriods-format-wide":[
"am",
"pm"],
"dayPeriods-standAlone-abbreviated":[
"am",
"pm"],
"dayPeriods-standAlone-narrow":[
"a",
"p"],
"dayPeriods-standAlone-wide":[
"am",
"pm"],
"decimalFormat":{
"standard":"#,##0.###"},
"decimalFormat-long":{
"1000-one":"0 thousand",
"1000-other":"0 thousand",
"10000-one":"00 thousand",
"10000-other":"00 thousand",
"100000-one":"000 thousand",
"100000-other":"000 thousand",
"1000000-one":"0 million",
"1000000-other":"0 million",
"10000000-one":"00 million",
"10000000-other":"00 million",
"100000000-one":"000 million",
"100000000-other":"000 million",
"1000000000-one":"0 billion",
"1000000000-other":"0 billion",
"10000000000-one":"00 billion",
"10000000000-other":"00 billion",
"100000000000-one":"000 billion",
"100000000000-other":"000 billion",
"1000000000000-one":"0 trillion",
"1000000000000-other":"0 trillion",
"10000000000000-one":"00 trillion",
"10000000000000-other":"00 trillion",
"100000000000000-one":"000 trillion",
"100000000000000-other":"000 trillion"},
"decimalFormat-short":{
"1000-one":"0K",
"1000-other":"0K",
"10000-one":"00K",
"10000-other":"00K",
"100000-one":"000K",
"100000-other":"000K",
"1000000-one":"0M",
"1000000-other":"0M",
"10000000-one":"00M",
"10000000-other":"00M",
"100000000-one":"000M",
"100000000-other":"000M",
"1000000000-one":"0B",
"1000000000-other":"0B",
"10000000000-one":"00B",
"10000000000-other":"00B",
"100000000000-one":"000B",
"100000000000-other":"000B",
"1000000000000-one":"0T",
"1000000000000-other":"0T",
"10000000000000-one":"00T",
"10000000000000-other":"00T",
"100000000000000-one":"000T",
"100000000000000-other":"000T"},
"scientificFormat":{
"standard":"#E0"},
"percentFormat":{
"standard":"#,##0%"},
"currencyFormat":{
"standard":"¤#,##0.00",
"accounting":"¤#,##0.00;(¤#,##0.00)"},
"symbols-latn-decimal":".",
"symbols-latn-group":",",
"symbols-latn-list":";",
"symbols-latn-percentSign":"%",
"symbols-latn-plusSign":"+",
"symbols-latn-minusSign":"-",
"symbols-latn-exponential":"E",
"symbols-latn-superscriptingExponent":"×",
"symbols-latn-perMille":"‰",
"symbols-latn-infinity":"∞",
"symbols-latn-nan":"NaN",
"currencyDigits":{
"ADP":0,
"AFN":0,
"ALL":0,
"AMD":0,
"BHD":3,
"BIF":0,
"BYR":0,
"CAD":2,
"CHF":2,
"CLF":0,
"CLP":0,
"COP":0,
"CRC":0,
"DEFAULT":2,
"DJF":0,
"ESP":0,
"GNF":0,
"GYD":0,
"HUF":0,
"IDR":0,
"IQD":0,
"IRR":0,
"ISK":0,
"ITL":0,
"JOD":3,
"JPY":0,
"KMF":0,
"KPW":0,
"KRW":0,
"KWD":3,
"LAK":0,
"LBP":0,
"LUF":0,
"LYD":3,
"MGA":0,
"MGF":0,
"MMK":0,
"MNT":0,
"MRO":0,
"MUR":0,
"OMR":3,
"PKR":0,
"PYG":0,
"RSD":0,
"RWF":0,
"SLL":0,
"SOS":0,
"STD":0,
"SYP":0,
"TMM":0,
"TND":3,
"TRL":0,
"TZS":0,
"TWD":2,
"UGX":0,
"UZS":0,
"VND":0,
"VUV":0,
"XAF":0,
"XOF":0,
"XPF":0,
"YER":0,
"ZMK":0,
"ZWD":0
},
"currencySymbols":{
"AUD":"A$",
"BRL":"R$",
"CAD":"CA$",
"CNY":"CN¥",
"EUR":"€",
"GBP":"£",
"HKD":"HK$",
"ILS":"₪",
"INR":"₹",
"JPY":"JP¥",
"KRW":"₩",
"MXN":"MX$",
"NZD":"NZ$",
"THB":"฿",
"TWD":"NT$",
"USD":"US$",
"VND":"₫",
"XAF":"FCFA",
"XCD":"EC$",
"XOF":"CFA",
"XPF":"CFPF"
},
"weekData-minDays":4,
"weekData-firstDay":1,
"weekData-weekendStart":6,
"weekData-weekendEnd":0
}