<?xml version="1.0" ?>
<library  version="2.0" name="sap.m">
  <module name="sap/m/ActionListItem.js" size="3938" compressedSize="583">
    <description>Provides control sap.m.ActionListItem.</description>
    <requires>
      <module name="sap/m/library.js"/>
      <module name="sap/m/ListItemBase.js"/>
      <module name="sap/ui/core/EnabledPropagator.js"/>
      <module name="jquery.sap.global.js"/>
    </requires>
  </module>
  <module name="sap/m/ActionListItemRenderer.js" size="1128" compressedSize="594">
    <description>! SAP UI development toolkit for HTML5 (SAPUI5)  (c) Copyright 2009-2014 SAP AG. All rights reserved</description>
    <requires>
      <module name="sap/ui/core/Renderer.js"/>
      <module name="sap/m/ListItemBaseRenderer.js"/>
      <module name="jquery.sap.global.js"/>
    </requires>
  </module>
  <module name="sap/m/ActionSelect.js" size="7090" compressedSize="1264">
    <description>Provides control sap.m.ActionSelect.</description>
    <requires>
      <module name="sap/m/library.js"/>
      <module name="sap/m/Select.js"/>
      <module name="jquery.sap.global.js"/>
    </requires>
  </module>
  <module name="sap/m/ActionSelectRenderer.js" size="978" compressedSize="494">
    <requires>
      <module name="sap/m/SelectRenderer.js"/>
      <module name="sap/ui/core/Renderer.js"/>
      <module name="jquery.sap.global.js"/>
    </requires>
  </module>
  <module name="sap/m/ActionSheet.js" size="40757" compressedSize="10273">
    <description>Provides control sap.m.ActionSheet.</description>
    <requires>
      <module name="sap/m/library.js"/>
      <module name="sap/ui/core/Control.js"/>
      <module name="sap/m/Dialog.js"/>
      <module name="sap/m/Popover.js"/>
      <module name="sap/ui/core/delegate/ItemNavigation.js"/>
      <module name="jquery.sap.global.js"/>
    </requires>
  </module>
  <module name="sap/m/ActionSheetRenderer.js" size="1681" compressedSize="851">
    <description>! SAP UI development toolkit for HTML5 (SAPUI5)  (c) Copyright 2009-2014 SAP AG. All rights reserved</description>
    <requires>
      <module name="jquery.sap.global.js"/>
    </requires>
  </module>
  <module name="sap/m/App.js" size="15381" compressedSize="2436">
    <description>Provides control sap.m.App.</description>
    <requires>
      <module name="sap/m/library.js"/>
      <module name="sap/m/NavContainer.js"/>
      <module name="jquery.sap.global.js"/>
    </requires>
  </module>
  <module name="sap/m/AppRenderer.js" size="850" compressedSize="689">
    <description>! SAP UI development toolkit for HTML5 (SAPUI5)  (c) Copyright 2009-2014 SAP AG. All rights reserved</description>
    <requires>
      <module name="sap/ui/core/Renderer.js"/>
      <module name="sap/m/NavContainerRenderer.js"/>
      <module name="jquery.sap.global.js"/>
    </requires>
  </module>
  <module name="sap/m/Bar.js" size="26308" compressedSize="4998">
    <description>Provides control sap.m.Bar.</description>
    <requires>
      <module name="sap/m/library.js"/>
      <module name="sap/ui/core/Control.js"/>
      <module name="sap/m/BarInPageEnabler.js"/>
      <module name="jquery.sap.global.js"/>
    </requires>
  </module>
  <module name="sap/m/BarInPageEnabler.js" size="4349" compressedSize="1708">
    <description>Provides helper sap.m.BarInPageEnabler</description>
    <requires>
      <module name="sap/ui/base/Object.js"/>
      <module name="jquery.sap.global.js"/>
    </requires>
  </module>
  <module name="sap/m/BarRenderer.js" size="4424" compressedSize="2000">
    <description>! SAP UI development toolkit for HTML5 (SAPUI5)  (c) Copyright 2009-2014 SAP AG. All rights reserved</description>
    <requires>
      <module name="sap/ui/core/Renderer.js"/>
      <module name="jquery.sap.global.js"/>
    </requires>
  </module>
  <module name="sap/m/BusyDialog.js" size="24567" compressedSize="8559">
    <description>Provides control sap.m.BusyDialog.</description>
    <requires>
      <module name="sap/m/library.js"/>
      <module name="sap/ui/core/Control.js"/>
      <module name="sap/ui/core/Popup.js"/>
      <module name="sap/ui/core/theming/Parameters.js"/>
      <module name="jquery.sap.global.js"/>
    </requires>
  </module>
  <module name="sap/m/BusyDialogRenderer.js" size="1895" compressedSize="1113">
    <description>! SAP UI development toolkit for HTML5 (SAPUI5)  (c) Copyright 2009-2014 SAP AG. All rights reserved</description>
    <requires>
      <module name="jquery.sap.global.js"/>
    </requires>
  </module>
  <module name="sap/m/BusyIndicator.js" size="23057" compressedSize="7980">
    <description>Provides control sap.m.BusyIndicator.</description>
    <requires>
      <module name="sap/m/library.js"/>
      <module name="sap/ui/core/Control.js"/>
      <module name="sap/ui/core/theming/Parameters.js"/>
      <module name="jquery.sap.global.js"/>
    </requires>
  </module>
  <module name="sap/m/BusyIndicatorRenderer.js" size="3676" compressedSize="2216">
    <description>! SAP UI development toolkit for HTML5 (SAPUI5)  (c) Copyright 2009-2014 SAP AG. All rights reserved</description>
    <requires>
      <module name="jquery.sap.global.js"/>
    </requires>
  </module>
  <module name="sap/m/Button.js" size="20753" compressedSize="3560">
    <description>Provides control sap.m.Button.</description>
    <requires>
      <module name="sap/m/library.js"/>
      <module name="sap/ui/core/Control.js"/>
      <module name="sap/ui/core/EnabledPropagator.js"/>
      <module name="sap/ui/core/theming/Parameters.js"/>
      <module name="sap/ui/core/IconPool.js"/>
      <module name="jquery.sap.global.js"/>
    </requires>
  </module>
  <module name="sap/m/ButtonRenderer.js" size="5496" compressedSize="2855">
    <description>! SAP UI development toolkit for HTML5 (SAPUI5)  (c) Copyright 2009-2014 SAP AG. All rights reserved</description>
    <requires>
      <module name="jquery.sap.global.js"/>
    </requires>
  </module>
  <module name="sap/m/Carousel.js" size="41296" compressedSize="9856">
    <description>Provides control sap.m.Carousel.</description>
    <requires>
      <module name="sap/m/library.js"/>
      <module name="sap/ui/core/Control.js"/>
      <module name="sap/ui/thirdparty/mobify-carousel.js"/>
      <module name="jquery.sap.global.js"/>
    </requires>
  </module>
  <module name="sap/m/CarouselRenderer.js" size="4353" compressedSize="1949">
    <description>! SAP UI development toolkit for HTML5 (SAPUI5)  (c) Copyright 2009-2014 SAP AG. All rights reserved</description>
    <requires>
      <module name="jquery.sap.global.js"/>
    </requires>
  </module>
  <module name="sap/m/CheckBox.js" size="15831" compressedSize="3434">
    <description>Provides control sap.m.CheckBox.</description>
    <requires>
      <module name="sap/m/library.js"/>
      <module name="sap/ui/core/Control.js"/>
      <module name="sap/ui/core/EnabledPropagator.js"/>
      <module name="sap/m/Label.js"/>
      <module name="jquery.sap.global.js"/>
    </requires>
  </module>
  <module name="sap/m/CheckBoxRenderer.js" size="2296" compressedSize="1265">
    <description>! SAP UI development toolkit for HTML5 (SAPUI5)  (c) Copyright 2009-2014 SAP AG. All rights reserved</description>
    <requires>
      <module name="sap/ui/core/ValueStateSupport.js"/>
      <module name="jquery.sap.global.js"/>
    </requires>
  </module>
  <module name="sap/m/Column.js" size="29338" compressedSize="7423">
    <description>Provides control sap.m.Column.</description>
    <requires>
      <module name="sap/m/library.js"/>
      <module name="sap/ui/core/Element.js"/>
      <module name="sap/ui/core/Renderer.js"/>
      <module name="jquery.sap.global.js"/>
    </requires>
  </module>
  <module name="sap/m/ColumnListItem.js" size="10605" compressedSize="2026">
    <description>Provides control sap.m.ColumnListItem.</description>
    <requires>
      <module name="sap/m/library.js"/>
      <module name="sap/m/ListItemBase.js"/>
      <module name="jquery.sap.global.js"/>
    </requires>
  </module>
  <module name="sap/m/ColumnListItemRenderer.js" size="5049" compressedSize="2710">
    <description>! SAP UI development toolkit for HTML5 (SAPUI5)  (c) Copyright 2009-2014 SAP AG. All rights reserved</description>
    <requires>
      <module name="sap/ui/core/Renderer.js"/>
      <module name="sap/m/ListRenderer.js"/>
      <module name="sap/m/ListItemBaseRenderer.js"/>
      <module name="jquery.sap.global.js"/>
    </requires>
  </module>
  <module name="sap/m/ComboBox.js" size="64651" compressedSize="20189">
    <description>Provides control sap.m.ComboBox.</description>
    <requires>
      <module name="sap/m/library.js"/>
      <module name="sap/m/InputBase.js"/>
      <module name="sap/ui/core/EnabledPropagator.js"/>
      <module name="sap/m/ComboBoxRenderer.js"/>
      <module name="sap/m/Bar.js"/>
      <module name="sap/m/List.js"/>
      <module name="sap/m/Popover.js"/>
      <module name="sap/m/Dialog.js"/>
      <module name="sap/ui/core/IconPool.js"/>
      <module name="jquery.sap.global.js"/>
    </requires>
  </module>
  <module name="sap/m/ComboBoxRenderer.js" size="3586" compressedSize="1385">
    <description>! SAP UI development toolkit for HTML5 (SAPUI5)  (c) Copyright 2009-2014 SAP AG. All rights reserved</description>
    <requires>
      <module name="sap/m/InputBaseRenderer.js"/>
      <module name="sap/ui/core/Renderer.js"/>
      <module name="jquery.sap.global.js"/>
    </requires>
  </module>
  <module name="sap/m/CustomListItem.js" size="6652" compressedSize="462">
    <description>Provides control sap.m.CustomListItem.</description>
    <requires>
      <module name="sap/m/library.js"/>
      <module name="sap/m/ListItemBase.js"/>
      <module name="jquery.sap.global.js"/>
    </requires>
  </module>
  <module name="sap/m/CustomListItemRenderer.js" size="1116" compressedSize="576">
    <description>! SAP UI development toolkit for HTML5 (SAPUI5)  (c) Copyright 2009-2014 SAP AG. All rights reserved</description>
    <requires>
      <module name="sap/ui/core/Renderer.js"/>
      <module name="sap/m/ListItemBaseRenderer.js"/>
      <module name="jquery.sap.global.js"/>
    </requires>
  </module>
  <module name="sap/m/CustomTile.js" size="3996" compressedSize="396">
    <description>Provides control sap.m.CustomTile.</description>
    <requires>
      <module name="sap/m/library.js"/>
      <module name="sap/m/Tile.js"/>
      <module name="jquery.sap.global.js"/>
    </requires>
  </module>
  <module name="sap/m/CustomTileRenderer.js" size="1320" compressedSize="757">
    <description>! SAP UI development toolkit for HTML5 (SAPUI5)  (c) Copyright 2009-2014 SAP AG. All rights reserved</description>
    <requires>
      <module name="sap/m/TileRenderer.js"/>
      <module name="jquery.sap.global.js"/>
    </requires>
  </module>
  <module name="sap/m/DatePicker.js" size="18451" compressedSize="7173">
    <description>Provides control sap.m.DatePicker.</description>
    <requires>
      <module name="sap/m/library.js"/>
      <module name="sap/m/InputBase.js"/>
      <module name="sap/ui/model/type/Date.js"/>
      <module name="jquery.sap.global.js"/>
    </requires>
  </module>
  <module name="sap/m/DatePickerRenderer.js" size="3346" compressedSize="1458">
    <requires>
      <module name="sap/ui/core/Renderer.js"/>
      <module name="sap/m/InputBaseRenderer.js"/>
      <module name="jquery.sap.global.js"/>
    </requires>
  </module>
  <module name="sap/m/DateRangePicker.js" size="26116" compressedSize="9109">
    <description>Provides control sap.m.DateRangePicker.</description>
    <requires>
      <module name="sap/m/library.js"/>
      <module name="sap/m/DatePicker.js"/>
      <module name="sap/ui/model/type/Date.js"/>
      <module name="jquery.sap.global.js"/>
    </requires>
  </module>
  <module name="sap/m/DateRangePickerRenderer.js" size="803" compressedSize="458">
    <requires>
      <module name="sap/ui/core/Renderer.js"/>
      <module name="sap/m/DatePickerRenderer.js"/>
      <module name="jquery.sap.global.js"/>
    </requires>
  </module>
  <module name="sap/m/DateRangeSelection.js" size="12381" compressedSize="1574">
    <description>Provides control sap.m.DateRangeSelection.</description>
    <requires>
      <module name="sap/m/library.js"/>
      <module name="sap/ui/core/Control.js"/>
      <module name="sap/ui/model/type/Date.js"/>
      <module name="jquery.sap.global.js"/>
    </requires>
  </module>
  <module name="sap/m/DateRangeSelectionRenderer.js" size="2733" compressedSize="1491">
    <description>! SAP UI development toolkit for HTML5 (SAPUI5)  (c) Copyright 2009-2014 SAP AG. All rights reserved</description>
    <requires>
      <module name="sap/ui/core/ValueStateSupport.js"/>
      <module name="sap/ui/core/Renderer.js"/>
      <module name="sap/m/DateRangePickerRenderer.js"/>
      <module name="jquery.sap.global.js"/>
    </requires>
  </module>
  <module name="sap/m/DateTimeInput.js" size="36567" compressedSize="13064">
    <description>Provides control sap.m.DateTimeInput.</description>
    <requires>
      <module name="sap/m/library.js"/>
      <module name="sap/m/InputBase.js"/>
      <module name="sap/ui/core/theming/Parameters.js"/>
      <module name="sap/ui/model/type/Date.js"/>
      <module name="sap/ui/thirdparty/mobiscroll/js/mobiscroll-core.js"/>
      <module name="sap/ui/thirdparty/mobiscroll/js/mobiscroll-scroller.js"/>
      <module name="sap/ui/thirdparty/mobiscroll/js/mobiscroll-datetime.js"/>
      <module name="sap/ui/core/IconPool.js"/>
      <module name="sap/m/InstanceManager.js"/>
      <module name="jquery.sap.global.js"/>
    </requires>
  </module>
  <module name="sap/m/DateTimeInputRenderer.js" size="1724" compressedSize="640">
    <requires>
      <module name="sap/ui/core/Renderer.js"/>
      <module name="sap/m/InputBaseRenderer.js"/>
      <module name="jquery.sap.global.js"/>
    </requires>
  </module>
  <module name="sap/m/Dialog.js" size="92629" compressedSize="29812">
    <description>Provides control sap.m.Dialog.</description>
    <requires>
      <module name="sap/m/library.js"/>
      <module name="sap/ui/core/Control.js"/>
      <module name="sap/ui/core/Popup.js"/>
      <module name="sap/m/Bar.js"/>
      <module name="sap/m/Toolbar.js"/>
      <module name="sap/m/ToolbarSpacer.js"/>
      <module name="sap/ui/core/delegate/ScrollEnablement.js"/>
      <module name="sap/m/InstanceManager.js"/>
      <module name="sap/ui/core/IconPool.js"/>
      <module name="sap/ui/core/theming/Parameters.js"/>
      <module name="sap/ui/core/ValueState.js"/>
      <module name="jquery.sap.global.js"/>
    </requires>
  </module>
  <module name="sap/m/DialogRenderer.js" size="5502" compressedSize="3111">
    <description>! SAP UI development toolkit for HTML5 (SAPUI5)  (c) Copyright 2009-2014 SAP AG. All rights reserved</description>
    <requires>
      <module name="sap/m/BarRenderer.js"/>
      <module name="jquery.sap.global.js"/>
    </requires>
  </module>
  <module name="sap/m/DisplayListItem.js" size="4610" compressedSize="447">
    <description>Provides control sap.m.DisplayListItem.</description>
    <requires>
      <module name="sap/m/library.js"/>
      <module name="sap/m/ListItemBase.js"/>
      <module name="jquery.sap.global.js"/>
    </requires>
  </module>
  <module name="sap/m/DisplayListItemRenderer.js" size="1385" compressedSize="776">
    <description>! SAP UI development toolkit for HTML5 (SAPUI5)  (c) Copyright 2009-2014 SAP AG. All rights reserved</description>
    <requires>
      <module name="sap/ui/core/Renderer.js"/>
      <module name="sap/m/ListItemBaseRenderer.js"/>
      <module name="jquery.sap.global.js"/>
    </requires>
  </module>
  <module name="sap/m/FacetFilter.js" size="57918" compressedSize="20988">
    <description>Provides control sap.m.FacetFilter.</description>
    <requires>
      <module name="sap/m/library.js"/>
      <module name="sap/ui/core/Control.js"/>
      <module name="sap/ui/core/IconPool.js"/>
      <module name="sap/m/NavContainer.js"/>
      <module name="jquery.sap.global.js"/>
    </requires>
  </module>
  <module name="sap/m/FacetFilterItem.js" size="5999" compressedSize="870">
    <description>Provides control sap.m.FacetFilterItem.</description>
    <requires>
      <module name="sap/m/library.js"/>
      <module name="sap/m/ListItemBase.js"/>
      <module name="jquery.sap.global.js"/>
    </requires>
  </module>
  <module name="sap/m/FacetFilterItemRenderer.js" size="846" compressedSize="437">
    <description>@copyright</description>
    <requires>
      <module name="sap/ui/core/Renderer.js"/>
      <module name="sap/m/ListItemBaseRenderer.js"/>
      <module name="jquery.sap.global.js"/>
    </requires>
  </module>
  <module name="sap/m/FacetFilterList.js" size="32197" compressedSize="7468">
    <description>Provides control sap.m.FacetFilterList.</description>
    <requires>
      <module name="sap/m/library.js"/>
      <module name="sap/m/List.js"/>
      <module name="jquery.sap.global.js"/>
    </requires>
  </module>
  <module name="sap/m/FacetFilterListRenderer.js" size="496" compressedSize="385">
    <description>! SAP UI development toolkit for HTML5 (SAPUI5)  (c) Copyright 2009-2014 SAP AG. All rights reserved</description>
    <requires>
      <module name="sap/ui/core/Renderer.js"/>
      <module name="sap/m/ListRenderer.js"/>
      <module name="jquery.sap.global.js"/>
    </requires>
  </module>
  <module name="sap/m/FacetFilterRenderer.js" size="3496" compressedSize="1730">
    <description>@copyright</description>
    <requires>
      <module name="jquery.sap.global.js"/>
    </requires>
  </module>
  <module name="sap/m/FeedInput.js" size="14940" compressedSize="3086">
    <description>Provides control sap.m.FeedInput.</description>
    <requires>
      <module name="sap/m/library.js"/>
      <module name="sap/ui/core/Control.js"/>
      <module name="jquery.sap.global.js"/>
    </requires>
  </module>
  <module name="sap/m/FeedInputRenderer.js" size="931" compressedSize="499">
    <description>! SAP UI development toolkit for HTML5 (SAPUI5)  (c) Copyright 2009-2014 SAP AG. All rights reserved</description>
    <requires>
      <module name="jquery.sap.global.js"/>
    </requires>
  </module>
  <module name="sap/m/FeedListItem.js" size="19646" compressedSize="2744">
    <description>Provides control sap.m.FeedListItem.</description>
    <requires>
      <module name="sap/m/library.js"/>
      <module name="sap/m/ListItemBase.js"/>
      <module name="jquery.sap.global.js"/>
    </requires>
  </module>
  <module name="sap/m/FeedListItemRenderer.js" size="5171" compressedSize="2919">
    <description>Provides default renderer for the sap.m.FeedListItem</description>
    <requires>
      <module name="sap/ui/core/Renderer.js"/>
      <module name="sap/m/ListItemBaseRenderer.js"/>
      <module name="jquery.sap.global.js"/>
    </requires>
  </module>
  <module name="sap/m/FlexBox.js" size="18950" compressedSize="4325">
    <description>Provides control sap.m.FlexBox.</description>
    <requires>
      <module name="sap/m/library.js"/>
      <module name="sap/ui/core/Control.js"/>
      <module name="sap/m/FlexBoxStylingHelper.js"/>
      <module name="jquery.sap.global.js"/>
    </requires>
  </module>
  <module name="sap/m/FlexBoxCssPropertyMap.js" size="3313" compressedSize="2464">
    <description>! SAP UI development toolkit for HTML5 (SAPUI5)  (c) Copyright 2009-2014 SAP AG. All rights reserved</description>
    <requires>
      <module name="jquery.sap.global.js"/>
    </requires>
  </module>
  <module name="sap/m/FlexBoxRenderer.js" size="4363" compressedSize="2483">
    <requires>
      <module name="sap/m/FlexBoxStylingHelper.js"/>
      <module name="jquery.sap.global.js"/>
    </requires>
  </module>
  <module name="sap/m/FlexBoxStylingHelper.js" size="11796" compressedSize="4018">
    <requires>
      <module name="sap/m/FlexBoxCssPropertyMap.js"/>
      <module name="sap/ui/thirdparty/flexie.js" conditional="true"/>
      <module name="jquery.sap.global.js"/>
    </requires>
  </module>
  <module name="sap/m/FlexItemData.js" size="7635" compressedSize="1136">
    <description>Provides control sap.m.FlexItemData.</description>
    <requires>
      <module name="sap/m/library.js"/>
      <module name="sap/ui/core/LayoutData.js"/>
      <module name="sap/m/FlexBoxStylingHelper.js"/>
      <module name="jquery.sap.global.js"/>
    </requires>
  </module>
  <module name="sap/m/GroupHeaderListItem.js" size="6529" compressedSize="951">
    <description>Provides control sap.m.GroupHeaderListItem.</description>
    <requires>
      <module name="sap/m/library.js"/>
      <module name="sap/m/ListItemBase.js"/>
      <module name="jquery.sap.global.js"/>
    </requires>
  </module>
  <module name="sap/m/GroupHeaderListItemRenderer.js" size="2048" compressedSize="951">
    <description>! SAP UI development toolkit for HTML5 (SAPUI5)  (c) Copyright 2009-2014 SAP AG. All rights reserved</description>
    <requires>
      <module name="sap/ui/core/Renderer.js"/>
      <module name="sap/m/ListItemBaseRenderer.js"/>
      <module name="jquery.sap.global.js"/>
    </requires>
  </module>
  <module name="sap/m/GrowingEnablement.js" size="24361" compressedSize="11572">
    <description>Provides class sap.m.GrowingEnablement</description>
    <requires>
      <module name="sap/ui/base/Object.js"/>
      <module name="jquery.sap.global.js"/>
    </requires>
  </module>
  <module name="sap/m/GrowingList.js" size="7399" compressedSize="1125">
    <description>Provides control sap.m.GrowingList.</description>
    <requires>
      <module name="sap/m/library.js"/>
      <module name="sap/m/List.js"/>
      <module name="jquery.sap.global.js"/>
    </requires>
  </module>
  <module name="sap/m/GrowingListRenderer.js" size="982" compressedSize="627">
    <description>! SAP UI development toolkit for HTML5 (SAPUI5)  (c) Copyright 2009-2014 SAP AG. All rights reserved</description>
    <requires>
      <module name="sap/ui/core/Renderer.js"/>
      <module name="sap/m/ListRenderer.js"/>
      <module name="jquery.sap.global.js"/>
    </requires>
  </module>
  <module name="sap/m/HBox.js" size="3072" compressedSize="292">
    <description>Provides control sap.m.HBox.</description>
    <requires>
      <module name="sap/m/library.js"/>
      <module name="sap/m/FlexBox.js"/>
      <module name="jquery.sap.global.js"/>
    </requires>
  </module>
  <module name="sap/m/HBoxRenderer.js" size="747" compressedSize="318">
    <description>! SAP UI development toolkit for HTML5 (SAPUI5)  (c) Copyright 2009-2014 SAP AG. All rights reserved</description>
    <requires>
      <module name="sap/m/FlexBoxRenderer.js"/>
      <module name="jquery.sap.global.js"/>
    </requires>
  </module>
  <module name="sap/m/IconTabBar.js" size="30031" compressedSize="5550">
    <description>Provides control sap.m.IconTabBar.</description>
    <requires>
      <module name="sap/m/library.js"/>
      <module name="sap/ui/core/Control.js"/>
      <module name="jquery.sap.global.js"/>
    </requires>
  </module>
  <module name="sap/m/IconTabBarRenderer.js" size="2692" compressedSize="1369">
    <description>! SAP UI development toolkit for HTML5 (SAPUI5)  (c) Copyright 2009-2014 SAP AG. All rights reserved</description>
    <requires>
      <module name="sap/ui/core/IconPool.js"/>
      <module name="jquery.sap.global.js"/>
    </requires>
  </module>
  <module name="sap/m/IconTabFilter.js" size="14216" compressedSize="1740">
    <description>Provides control sap.m.IconTabFilter.</description>
    <requires>
      <module name="sap/m/library.js"/>
      <module name="sap/ui/core/Item.js"/>
      <module name="jquery.sap.global.js"/>
    </requires>
  </module>
  <module name="sap/m/IconTabHeader.js" size="42466" compressedSize="16828">
    <description>Provides control sap.m.IconTabHeader.</description>
    <requires>
      <module name="sap/m/library.js"/>
      <module name="sap/ui/core/Control.js"/>
      <module name="sap/ui/core/delegate/ItemNavigation.js"/>
      <module name="sap/ui/core/EnabledPropagator.js"/>
      <module name="jquery.sap.global.js"/>
    </requires>
  </module>
  <module name="sap/m/IconTabHeaderRenderer.js" size="4778" compressedSize="3021">
    <description>! SAP UI development toolkit for HTML5 (SAPUI5)  (c) Copyright 2009-2014 SAP AG. All rights reserved</description>
    <requires>
      <module name="sap/ui/core/IconPool.js"/>
      <module name="jquery.sap.global.js"/>
    </requires>
  </module>
  <module name="sap/m/IconTabSeparator.js" size="5840" compressedSize="940">
    <description>Provides control sap.m.IconTabSeparator.</description>
    <requires>
      <module name="sap/m/library.js"/>
      <module name="sap/ui/core/Element.js"/>
      <module name="jquery.sap.global.js"/>
    </requires>
  </module>
  <module name="sap/m/Image.js" size="25166" compressedSize="4564">
    <description>Provides control sap.m.Image.</description>
    <requires>
      <module name="sap/m/library.js"/>
      <module name="sap/ui/core/Control.js"/>
      <module name="jquery.sap.global.js"/>
    </requires>
  </module>
  <module name="sap/m/ImageRenderer.js" size="2642" compressedSize="1128">
    <description>Provides default renderer for control sap.m.Image</description>
    <requires>
      <module name="jquery.sap.global.js"/>
    </requires>
  </module>
  <module name="sap/m/Input.js" size="72926" compressedSize="21497">
    <description>Provides control sap.m.Input.</description>
    <requires>
      <module name="sap/m/library.js"/>
      <module name="sap/m/InputBase.js"/>
      <module name="jquery.sap.strings.js"/>
      <module name="sap/m/Dialog.js"/>
      <module name="sap/m/Popover.js"/>
      <module name="sap/m/List.js"/>
      <module name="sap/m/Table.js"/>
      <module name="sap/m/StandardListItem.js"/>
      <module name="sap/m/Bar.js"/>
      <module name="sap/ui/core/IconPool.js"/>
      <module name="jquery.sap.global.js"/>
    </requires>
  </module>
  <module name="sap/m/InputBase.js" size="24407" compressedSize="5946">
    <description>Provides control sap.m.InputBase.</description>
    <requires>
      <module name="sap/m/library.js"/>
      <module name="sap/ui/core/Control.js"/>
      <module name="sap/ui/core/EnabledPropagator.js"/>
      <module name="sap/ui/core/IconPool.js"/>
      <module name="jquery.sap.global.js"/>
    </requires>
  </module>
  <module name="sap/m/InputBaseRenderer.js" size="9202" compressedSize="3169">
    <description>! SAP UI development toolkit for HTML5 (SAPUI5)  (c) Copyright 2009-2014 SAP AG. All rights reserved</description>
    <requires>
      <module name="sap/ui/core/ValueStateSupport.js"/>
      <module name="jquery.sap.global.js"/>
    </requires>
  </module>
  <module name="sap/m/InputListItem.js" size="7389" compressedSize="528">
    <description>Provides control sap.m.InputListItem.</description>
    <requires>
      <module name="sap/m/library.js"/>
      <module name="sap/m/ListItemBase.js"/>
      <module name="jquery.sap.global.js"/>
    </requires>
  </module>
  <module name="sap/m/InputListItemRenderer.js" size="1413" compressedSize="779">
    <description>! SAP UI development toolkit for HTML5 (SAPUI5)  (c) Copyright 2009-2014 SAP AG. All rights reserved</description>
    <requires>
      <module name="sap/ui/core/Renderer.js"/>
      <module name="sap/m/ListItemBaseRenderer.js"/>
      <module name="jquery.sap.global.js"/>
    </requires>
  </module>
  <module name="sap/m/InputRenderer.js" size="3096" compressedSize="1221">
    <requires>
      <module name="sap/ui/core/Renderer.js"/>
      <module name="sap/m/InputBaseRenderer.js"/>
      <module name="jquery.sap.global.js"/>
    </requires>
  </module>
  <module name="sap/m/InstanceManager.js" size="11141" compressedSize="2643">
    <description>Provides class sap.m.InstanceManager</description>
    <requires>
      <module name="jquery.sap.global.js"/>
    </requires>
  </module>
  <module name="sap/m/Label.js" size="10248" compressedSize="1251">
    <description>Provides control sap.m.Label.</description>
    <requires>
      <module name="sap/m/library.js"/>
      <module name="sap/ui/core/Control.js"/>
      <module name="jquery.sap.global.js"/>
    </requires>
  </module>
  <module name="sap/m/LabelRenderer.js" size="2660" compressedSize="1256">
    <description>! SAP UI development toolkit for HTML5 (SAPUI5)  (c) Copyright 2009-2014 SAP AG. All rights reserved</description>
    <requires>
      <module name="sap/ui/core/Renderer.js"/>
      <module name="jquery.sap.global.js"/>
    </requires>
  </module>
  <module name="sap/m/Link.js" size="11770" compressedSize="1446">
    <description>Provides control sap.m.Link.</description>
    <requires>
      <module name="sap/m/library.js"/>
      <module name="sap/ui/core/Control.js"/>
      <module name="sap/ui/core/EnabledPropagator.js"/>
      <module name="jquery.sap.global.js"/>
    </requires>
  </module>
  <module name="sap/m/LinkRenderer.js" size="1725" compressedSize="968">
    <description>! SAP UI development toolkit for HTML5 (SAPUI5)  (c) Copyright 2009-2014 SAP AG. All rights reserved</description>
    <requires>
      <module name="jquery.sap.global.js"/>
    </requires>
  </module>
  <module name="sap/m/List.js" size="8425" compressedSize="1120">
    <description>Provides control sap.m.List.</description>
    <requires>
      <module name="sap/m/library.js"/>
      <module name="sap/m/ListBase.js"/>
      <module name="jquery.sap.global.js"/>
    </requires>
  </module>
  <module name="sap/m/ListBase.js" size="92328" compressedSize="21767">
    <description>Provides control sap.m.ListBase.</description>
    <requires>
      <module name="sap/m/library.js"/>
      <module name="sap/ui/core/Control.js"/>
      <module name="sap/ui/core/theming/Parameters.js"/>
      <module name="sap/ui/core/delegate/ItemNavigation.js"/>
      <module name="sap/m/GroupHeaderListItem.js"/>
      <module name="jquery.sap.global.js"/>
    </requires>
  </module>
  <module name="sap/m/ListBaseRenderer.js" size="6126" compressedSize="2574">
    <description>! SAP UI development toolkit for HTML5 (SAPUI5)  (c) Copyright 2009-2014 SAP AG. All rights reserved</description>
    <requires>
      <module name="sap/ui/core/theming/Parameters.js"/>
      <module name="jquery.sap.global.js"/>
    </requires>
  </module>
  <module name="sap/m/ListItemBase.js" size="31229" compressedSize="10312">
    <description>Provides control sap.m.ListItemBase.</description>
    <requires>
      <module name="sap/m/library.js"/>
      <module name="sap/ui/core/Control.js"/>
      <module name="sap/ui/core/theming/Parameters.js"/>
      <module name="jquery.sap.global.js"/>
    </requires>
  </module>
  <module name="sap/m/ListItemBaseRenderer.js" size="12046" compressedSize="7463">
    <description>! SAP UI development toolkit for HTML5 (SAPUI5)  (c) Copyright 2009-2014 SAP AG. All rights reserved</description>
    <requires>
      <module name="sap/ui/core/theming/Parameters.js"/>
      <module name="sap/ui/core/IconPool.js"/>
      <module name="jquery.sap.global.js"/>
    </requires>
  </module>
  <module name="sap/m/ListRenderer.js" size="1469" compressedSize="783">
    <requires>
      <module name="sap/ui/core/Renderer.js"/>
      <module name="sap/m/ListBaseRenderer.js"/>
      <module name="jquery.sap.global.js"/>
    </requires>
  </module>
  <module name="sap/m/MessageBox.js" size="11594" compressedSize="2905">
    <description>Provides class sap.m.MessageBox</description>
    <requires>
      <module name="sap/m/Button.js"/>
      <module name="sap/m/Dialog.js"/>
      <module name="sap/m/Text.js"/>
      <module name="sap/ui/core/IconPool.js"/>
      <module name="sap/ui/core/theming/Parameters.js"/>
      <module name="jquery.sap.global.js"/>
    </requires>
  </module>
  <module name="sap/m/MessageToast.js" size="15571" compressedSize="6731">
    <description>! SAP UI development toolkit for HTML5 (SAPUI5)  (c) Copyright 2009-2014 SAP AG. All rights reserved</description>
    <requires>
      <module name="sap/ui/core/Popup.js"/>
      <module name="sap/m/InstanceManager.js"/>
      <module name="jquery.sap.global.js"/>
    </requires>
  </module>
  <module name="sap/m/MultiComboBox.js" size="64951" compressedSize="17123">
    <description>Provides control sap.m.MultiComboBox.</description>
    <requires>
      <module name="sap/m/library.js"/>
      <module name="sap/m/InputBase.js"/>
      <module name="sap/ui/core/EnabledPropagator.js"/>
      <module name="sap/m/MultiComboBoxRenderer.js"/>
      <module name="sap/m/Bar.js"/>
      <module name="sap/m/List.js"/>
      <module name="sap/m/Popover.js"/>
      <module name="sap/m/Dialog.js"/>
      <module name="sap/ui/core/IconPool.js"/>
      <module name="jquery.sap.global.js"/>
    </requires>
  </module>
  <module name="sap/m/MultiComboBoxRenderer.js" size="2957" compressedSize="1041">
    <description>! SAP UI development toolkit for HTML5 (SAPUI5)  (c) Copyright 2009-2014 SAP AG. All rights reserved</description>
    <requires>
      <module name="sap/m/InputBaseRenderer.js"/>
      <module name="sap/ui/core/Renderer.js"/>
      <module name="sap/ui/core/ValueStateSupport.js"/>
      <module name="jquery.sap.global.js"/>
    </requires>
  </module>
  <module name="sap/m/MultiInput.js" size="15427" compressedSize="4023">
    <description>Provides control sap.m.MultiInput.</description>
    <requires>
      <module name="sap/m/library.js"/>
      <module name="sap/m/Input.js"/>
      <module name="sap/ui/core/Item.js"/>
      <module name="sap/m/Token.js"/>
      <module name="jquery.sap.global.js"/>
    </requires>
  </module>
  <module name="sap/m/MultiInputRenderer.js" size="1243" compressedSize="999">
    <description>! SAP UI development toolkit for HTML5 (SAPUI5)  (c) Copyright 2009-2014 SAP AG. All rights reserved</description>
    <requires>
      <module name="sap/ui/core/Renderer.js"/>
      <module name="sap/m/InputRenderer.js"/>
      <module name="jquery.sap.global.js"/>
    </requires>
  </module>
  <module name="sap/m/NavContainer.js" size="87674" compressedSize="21567">
    <description>Provides control sap.m.NavContainer.</description>
    <requires>
      <module name="sap/m/library.js"/>
      <module name="sap/ui/core/Control.js"/>
      <module name="jquery.sap.global.js"/>
    </requires>
  </module>
  <module name="sap/m/NavContainerRenderer.js" size="1596" compressedSize="703">
    <description>! SAP UI development toolkit for HTML5 (SAPUI5)  (c) Copyright 2009-2014 SAP AG. All rights reserved</description>
    <requires>
      <module name="jquery.sap.global.js"/>
    </requires>
  </module>
  <module name="sap/m/ObjectAttribute.js" size="9476" compressedSize="970">
    <description>Provides control sap.m.ObjectAttribute.</description>
    <requires>
      <module name="sap/m/library.js"/>
      <module name="sap/ui/core/Control.js"/>
      <module name="jquery.sap.global.js"/>
    </requires>
  </module>
  <module name="sap/m/ObjectAttributeRenderer.js" size="1211" compressedSize="600">
    <description>@copyright</description>
    <requires>
      <module name="jquery.sap.global.js"/>
    </requires>
  </module>
  <module name="sap/m/ObjectHeader.js" size="48009" compressedSize="7619">
    <description>Provides control sap.m.ObjectHeader.</description>
    <requires>
      <module name="sap/m/library.js"/>
      <module name="sap/ui/core/Control.js"/>
      <module name="sap/ui/core/IconPool.js"/>
      <module name="jquery.sap.global.js"/>
    </requires>
  </module>
  <module name="sap/m/ObjectHeaderRenderer.js" size="31505" compressedSize="13601">
    <description>@copyright</description>
    <requires>
      <module name="sap/ui/core/IconPool.js"/>
      <module name="jquery.sap.global.js"/>
    </requires>
  </module>
  <module name="sap/m/ObjectIdentifier.js" size="9669" compressedSize="1885">
    <description>Provides control sap.m.ObjectIdentifier.</description>
    <requires>
      <module name="sap/m/library.js"/>
      <module name="sap/ui/core/Control.js"/>
      <module name="sap/ui/core/IconPool.js"/>
      <module name="jquery.sap.global.js"/>
    </requires>
  </module>
  <module name="sap/m/ObjectIdentifierRenderer.js" size="2472" compressedSize="1394">
    <description>! SAP UI development toolkit for HTML5 (SAPUI5)  (c) Copyright 2009-2014 SAP AG. All rights reserved</description>
    <requires>
      <module name="jquery.sap.global.js"/>
    </requires>
  </module>
  <module name="sap/m/ObjectListItem.js" size="21822" compressedSize="4112">
    <description>Provides control sap.m.ObjectListItem.</description>
    <requires>
      <module name="sap/m/library.js"/>
      <module name="sap/m/ListItemBase.js"/>
      <module name="sap/ui/core/IconPool.js"/>
      <module name="jquery.sap.global.js"/>
    </requires>
  </module>
  <module name="sap/m/ObjectListItemRenderer.js" size="6385" compressedSize="3358">
    <description>! SAP UI development toolkit for HTML5 (SAPUI5)  (c) Copyright 2009-2014 SAP AG. All rights reserved</description>
    <requires>
      <module name="sap/ui/core/Renderer.js"/>
      <module name="sap/m/ListItemBaseRenderer.js"/>
      <module name="jquery.sap.global.js"/>
    </requires>
  </module>
  <module name="sap/m/ObjectNumber.js" size="8845" compressedSize="1060">
    <description>Provides control sap.m.ObjectNumber.</description>
    <requires>
      <module name="sap/m/library.js"/>
      <module name="sap/ui/core/Control.js"/>
      <module name="jquery.sap.global.js"/>
    </requires>
  </module>
  <module name="sap/m/ObjectNumberRenderer.js" size="1460" compressedSize="704">
    <description>@copyright</description>
    <requires>
      <module name="jquery.sap.global.js"/>
    </requires>
  </module>
  <module name="sap/m/ObjectStatus.js" size="8529" compressedSize="1278">
    <description>Provides control sap.m.ObjectStatus.</description>
    <requires>
      <module name="sap/m/library.js"/>
      <module name="sap/ui/core/Control.js"/>
      <module name="sap/ui/core/IconPool.js"/>
      <module name="jquery.sap.global.js"/>
    </requires>
  </module>
  <module name="sap/m/ObjectStatusRenderer.js" size="1636" compressedSize="865">
    <description>! SAP UI development toolkit for HTML5 (SAPUI5)  (c) Copyright 2009-2014 SAP AG. All rights reserved</description>
    <requires>
      <module name="jquery.sap.global.js"/>
    </requires>
  </module>
  <module name="sap/m/Page.js" size="37866" compressedSize="9096">
    <description>Provides control sap.m.Page.</description>
    <requires>
      <module name="sap/m/library.js"/>
      <module name="sap/ui/core/Control.js"/>
      <module name="jquery.sap.global.js"/>
    </requires>
  </module>
  <module name="sap/m/PageRenderer.js" size="2849" compressedSize="1369">
    <description>! SAP UI development toolkit for HTML5 (SAPUI5)  (c) Copyright 2009-2014 SAP AG. All rights reserved</description>
    <requires>
      <module name="jquery.sap.global.js"/>
    </requires>
  </module>
  <module name="sap/m/Panel.js" size="15484" compressedSize="2341">
    <description>Provides control sap.m.Panel.</description>
    <requires>
      <module name="sap/m/library.js"/>
      <module name="sap/ui/core/Control.js"/>
      <module name="jquery.sap.global.js"/>
    </requires>
  </module>
  <module name="sap/m/PanelRenderer.js" size="2870" compressedSize="1437">
    <description>! SAP UI development toolkit for HTML5 (SAPUI5)  (c) Copyright 2009-2014 SAP AG. All rights reserved</description>
    <requires>
      <module name="jquery.sap.global.js"/>
    </requires>
  </module>
  <module name="sap/m/Popover.js" size="97272" compressedSize="30346">
    <description>Provides control sap.m.Popover.</description>
    <requires>
      <module name="sap/m/library.js"/>
      <module name="sap/ui/core/Control.js"/>
      <module name="sap/ui/core/Popup.js"/>
      <module name="sap/m/Bar.js"/>
      <module name="sap/ui/core/delegate/ScrollEnablement.js"/>
      <module name="sap/m/InstanceManager.js"/>
      <module name="sap/ui/core/theming/Parameters.js"/>
      <module name="jquery.sap.global.js"/>
    </requires>
  </module>
  <module name="sap/m/PopoverRenderer.js" size="6604" compressedSize="3598">
    <description>! SAP UI development toolkit for HTML5 (SAPUI5)  (c) Copyright 2009-2014 SAP AG. All rights reserved</description>
    <requires>
      <module name="jquery.sap.global.js"/>
    </requires>
  </module>
  <module name="sap/m/ProgressIndicator.js" size="11585" compressedSize="1933">
    <description>Provides control sap.m.ProgressIndicator.</description>
    <requires>
      <module name="sap/m/library.js"/>
      <module name="sap/ui/core/Control.js"/>
      <module name="jquery.sap.global.js"/>
    </requires>
  </module>
  <module name="sap/m/ProgressIndicatorRenderer.js" size="2695" compressedSize="1482">
    <description>! SAP UI development toolkit for HTML5 (SAPUI5)  (c) Copyright 2009-2014 SAP AG. All rights reserved</description>
    <requires>
      <module name="jquery.sap.global.js"/>
    </requires>
  </module>
  <module name="sap/m/PullToRefresh.js" size="17096" compressedSize="5249">
    <description>Provides control sap.m.PullToRefresh.</description>
    <requires>
      <module name="sap/m/library.js"/>
      <module name="sap/ui/core/Control.js"/>
      <module name="sap/ui/core/theming/Parameters.js"/>
      <module name="jquery.sap.global.js"/>
    </requires>
  </module>
  <module name="sap/m/PullToRefreshRenderer.js" size="2301" compressedSize="1225">
    <description>! SAP UI development toolkit for HTML5 (SAPUI5)  (c) Copyright 2009-2014 SAP AG. All rights reserved</description>
    <requires>
      <module name="sap/ui/core/IconPool.js"/>
      <module name="jquery.sap.global.js"/>
    </requires>
  </module>
  <module name="sap/m/RadioButton.js" size="18135" compressedSize="3906">
    <description>Provides control sap.m.RadioButton.</description>
    <requires>
      <module name="sap/m/library.js"/>
      <module name="sap/ui/core/Control.js"/>
      <module name="sap/ui/core/EnabledPropagator.js"/>
      <module name="jquery.sap.global.js"/>
    </requires>
  </module>
  <module name="sap/m/RadioButtonRenderer.js" size="3538" compressedSize="1727">
    <description>! SAP UI development toolkit for HTML5 (SAPUI5)  (c) Copyright 2009-2014 SAP AG. All rights reserved</description>
    <requires>
      <module name="sap/ui/core/ValueStateSupport.js"/>
      <module name="jquery.sap.global.js"/>
    </requires>
  </module>
  <module name="sap/m/RatingIndicator.js" size="37352" compressedSize="9464">
    <description>Provides control sap.m.RatingIndicator.</description>
    <requires>
      <module name="sap/m/library.js"/>
      <module name="sap/ui/core/Control.js"/>
      <module name="sap/ui/core/IconPool.js"/>
      <module name="sap/ui/core/theming/Parameters.js"/>
      <module name="jquery.sap.global.js"/>
    </requires>
  </module>
  <module name="sap/m/RatingIndicatorRenderer.js" size="4896" compressedSize="2017">
    <description>! SAP UI development toolkit for HTML5 (SAPUI5)  (c) Copyright 2009-2014 SAP AG. All rights reserved</description>
    <requires>
      <module name="sap/ui/core/theming/Parameters.js"/>
      <module name="jquery.sap.global.js"/>
    </requires>
  </module>
  <module name="sap/m/ResponsivePopover.js" size="46116" compressedSize="8422">
    <description>Provides control sap.m.ResponsivePopover.</description>
    <requires>
      <module name="sap/m/library.js"/>
      <module name="sap/ui/core/Control.js"/>
      <module name="sap/ui/core/IconPool.js"/>
      <module name="sap/m/Popover.js"/>
      <module name="sap/m/Dialog.js"/>
      <module name="jquery.sap.global.js"/>
    </requires>
  </module>
  <module name="sap/m/ResponsivePopoverRenderer.js" size="669" compressedSize="265">
    <description>! SAP UI development toolkit for HTML5 (SAPUI5)  (c) Copyright 2009-2014 SAP AG. All rights reserved</description>
    <requires>
      <module name="jquery.sap.global.js"/>
    </requires>
  </module>
  <module name="sap/m/ScrollContainer.js" size="14442" compressedSize="1957">
    <description>Provides control sap.m.ScrollContainer.</description>
    <requires>
      <module name="sap/m/library.js"/>
      <module name="sap/ui/core/Control.js"/>
      <module name="jquery.sap.global.js"/>
    </requires>
  </module>
  <module name="sap/m/ScrollContainerRenderer.js" size="1681" compressedSize="887">
    <description>! SAP UI development toolkit for HTML5 (SAPUI5)  (c) Copyright 2009-2014 SAP AG. All rights reserved</description>
    <requires>
      <module name="jquery.sap.global.js"/>
    </requires>
  </module>
  <module name="sap/m/SearchField.js" size="25733" compressedSize="5328">
    <description>Provides control sap.m.SearchField.</description>
    <requires>
      <module name="sap/m/library.js"/>
      <module name="sap/ui/core/Control.js"/>
      <module name="sap/ui/core/EnabledPropagator.js"/>
      <module name="sap/ui/core/IconPool.js"/>
      <module name="sap/ui/core/theming/Parameters.js"/>
      <module name="jquery.sap.global.js"/>
    </requires>
  </module>
  <module name="sap/m/SearchFieldRenderer.js" size="6072" compressedSize="3348">
    <description>! SAP UI development toolkit for HTML5 (SAPUI5)  (c) Copyright 2009-2014 SAP AG. All rights reserved</description>
    <requires>
      <module name="jquery.sap.global.js"/>
    </requires>
  </module>
  <module name="sap/m/SegmentedButton.js" size="22881" compressedSize="6869">
    <description>Provides control sap.m.SegmentedButton.</description>
    <requires>
      <module name="sap/m/library.js"/>
      <module name="sap/ui/core/Control.js"/>
      <module name="sap/ui/core/delegate/ItemNavigation.js"/>
      <module name="jquery.sap.global.js"/>
    </requires>
  </module>
  <module name="sap/m/SegmentedButtonRenderer.js" size="2801" compressedSize="1582">
    <description>! SAP UI development toolkit for HTML5 (SAPUI5)  (c) Copyright 2009-2014 SAP AG. All rights reserved</description>
    <requires>
      <module name="jquery.sap.global.js"/>
    </requires>
  </module>
  <module name="sap/m/Select.js" size="66670" compressedSize="19394">
    <description>Provides control sap.m.Select.</description>
    <requires>
      <module name="sap/m/library.js"/>
      <module name="sap/ui/core/Control.js"/>
      <module name="sap/ui/core/EnabledPropagator.js"/>
      <module name="sap/m/SelectRenderer.js"/>
      <module name="sap/m/InputBase.js"/>
      <module name="sap/m/Bar.js"/>
      <module name="sap/m/List.js"/>
      <module name="sap/m/Popover.js"/>
      <module name="sap/m/Dialog.js"/>
      <module name="sap/ui/core/IconPool.js"/>
      <module name="jquery.sap.global.js"/>
    </requires>
  </module>
  <module name="sap/m/SelectDialog.js" size="52545" compressedSize="12895">
    <description>Provides control sap.m.SelectDialog.</description>
    <requires>
      <module name="sap/m/library.js"/>
      <module name="sap/ui/core/Control.js"/>
      <module name="sap/m/Button.js"/>
      <module name="sap/m/Dialog.js"/>
      <module name="sap/m/List.js"/>
      <module name="sap/m/SearchField.js"/>
      <module name="jquery.sap.global.js"/>
    </requires>
  </module>
  <module name="sap/m/SelectDialogRenderer.js" size="649" compressedSize="250">
    <description>! SAP UI development toolkit for HTML5 (SAPUI5)  (c) Copyright 2009-2014 SAP AG. All rights reserved</description>
    <requires>
      <module name="jquery.sap.global.js"/>
    </requires>
  </module>
  <module name="sap/m/SelectRenderer.js" size="5899" compressedSize="2306">
    <description>! SAP UI development toolkit for HTML5 (SAPUI5)  (c) Copyright 2009-2014 SAP AG. All rights reserved</description>
    <requires>
      <module name="sap/ui/core/ValueStateSupport.js"/>
      <module name="jquery.sap.global.js"/>
    </requires>
  </module>
  <module name="sap/m/Shell.js" size="19408" compressedSize="2847">
    <description>Provides control sap.m.Shell.</description>
    <requires>
      <module name="sap/m/library.js"/>
      <module name="sap/ui/core/Control.js"/>
      <module name="jquery.sap.global.js"/>
    </requires>
  </module>
  <module name="sap/m/ShellRenderer.js" size="3698" compressedSize="2419">
    <description>! SAP UI development toolkit for HTML5 (SAPUI5)  (c) Copyright 2009-2014 SAP AG. All rights reserved</description>
    <requires>
      <module name="jquery.sap.global.js"/>
    </requires>
  </module>
  <module name="sap/m/Slider.js" size="35621" compressedSize="8864">
    <description>Provides control sap.m.Slider.</description>
    <requires>
      <module name="sap/m/library.js"/>
      <module name="sap/ui/core/Control.js"/>
      <module name="sap/ui/core/EnabledPropagator.js"/>
      <module name="sap/m/SliderRenderer.js"/>
      <module name="jquery.sap.global.js"/>
    </requires>
  </module>
  <module name="sap/m/SliderRenderer.js" size="3164" compressedSize="1969">
    <description>! SAP UI development toolkit for HTML5 (SAPUI5)  (c) Copyright 2009-2014 SAP AG. All rights reserved</description>
    <requires>
      <module name="jquery.sap.global.js"/>
    </requires>
  </module>
  <module name="sap/m/SplitApp.js" size="10386" compressedSize="1847">
    <description>Provides control sap.m.SplitApp.</description>
    <requires>
      <module name="sap/m/library.js"/>
      <module name="sap/m/SplitContainer.js"/>
      <module name="jquery.sap.global.js"/>
    </requires>
  </module>
  <module name="sap/m/SplitAppRenderer.js" size="893" compressedSize="729">
    <description>! SAP UI development toolkit for HTML5 (SAPUI5)  (c) Copyright 2009-2014 SAP AG. All rights reserved</description>
    <requires>
      <module name="sap/ui/core/Renderer.js"/>
      <module name="sap/m/SplitContainerRenderer.js"/>
      <module name="jquery.sap.global.js"/>
    </requires>
  </module>
  <module name="sap/m/SplitContainer.js" size="122298" compressedSize="27972">
    <description>Provides control sap.m.SplitContainer.</description>
    <requires>
      <module name="sap/m/library.js"/>
      <module name="sap/ui/core/Control.js"/>
      <module name="sap/ui/core/theming/Parameters.js"/>
      <module name="sap/ui/core/IconPool.js"/>
      <module name="jquery.sap.global.js"/>
    </requires>
  </module>
  <module name="sap/m/SplitContainerRenderer.js" size="2589" compressedSize="1527">
    <description>! SAP UI development toolkit for HTML5 (SAPUI5)  (c) Copyright 2009-2014 SAP AG. All rights reserved</description>
    <requires>
      <module name="jquery.sap.global.js"/>
    </requires>
  </module>
  <module name="sap/m/StandardListItem.js" size="12413" compressedSize="2079">
    <description>Provides control sap.m.StandardListItem.</description>
    <requires>
      <module name="sap/m/library.js"/>
      <module name="sap/m/ListItemBase.js"/>
      <module name="sap/ui/core/EnabledPropagator.js"/>
      <module name="sap/ui/core/IconPool.js"/>
      <module name="jquery.sap.global.js"/>
    </requires>
  </module>
  <module name="sap/m/StandardListItemRenderer.js" size="4614" compressedSize="3145">
    <description>! SAP UI development toolkit for HTML5 (SAPUI5)  (c) Copyright 2009-2014 SAP AG. All rights reserved</description>
    <requires>
      <module name="sap/ui/core/Renderer.js"/>
      <module name="sap/m/ListItemBaseRenderer.js"/>
      <module name="jquery.sap.global.js"/>
    </requires>
  </module>
  <module name="sap/m/StandardTile.js" size="11151" compressedSize="1629">
    <description>Provides control sap.m.StandardTile.</description>
    <requires>
      <module name="sap/m/library.js"/>
      <module name="sap/m/Tile.js"/>
      <module name="sap/ui/core/IconPool.js"/>
      <module name="jquery.sap.global.js"/>
    </requires>
  </module>
  <module name="sap/m/StandardTileRenderer.js" size="3059" compressedSize="1954">
    <description>! SAP UI development toolkit for HTML5 (SAPUI5)  (c) Copyright 2009-2014 SAP AG. All rights reserved</description>
    <requires>
      <module name="sap/m/TileRenderer.js"/>
      <module name="jquery.sap.global.js"/>
    </requires>
  </module>
  <module name="sap/m/Support.js" size="7342" compressedSize="3463">
    <description>! SAP UI development toolkit for HTML5 (SAPUI5)  (c) Copyright 2009-2014 SAP AG. All rights reserved</description>
    <requires>
      <module name="jquery.sap.global.js"/>
    </requires>
  </module>
  <module name="sap/m/Switch.js" size="20602" compressedSize="5272">
    <description>Provides control sap.m.Switch.</description>
    <requires>
      <module name="sap/m/library.js"/>
      <module name="sap/ui/core/Control.js"/>
      <module name="sap/ui/core/EnabledPropagator.js"/>
      <module name="sap/ui/core/theming/Parameters.js"/>
      <module name="sap/ui/core/IconPool.js"/>
      <module name="sap/m/SwitchRenderer.js"/>
      <module name="jquery.sap.global.js"/>
    </requires>
  </module>
  <module name="sap/m/SwitchRenderer.js" size="3638" compressedSize="2153">
    <description>! SAP UI development toolkit for HTML5 (SAPUI5)  (c) Copyright 2009-2014 SAP AG. All rights reserved</description>
    <requires>
      <module name="jquery.sap.global.js"/>
    </requires>
  </module>
  <module name="sap/m/Table.js" size="18511" compressedSize="5833">
    <description>Provides control sap.m.Table.</description>
    <requires>
      <module name="sap/m/library.js"/>
      <module name="sap/m/ListBase.js"/>
      <module name="jquery.sap.global.js"/>
    </requires>
  </module>
  <module name="sap/m/TablePersoController.js" size="20148" compressedSize="8620">
    <description>Provides TablePersoController</description>
    <requires>
      <module name="sap/ui/base/ManagedObject.js"/>
      <module name="sap/m/TablePersoDialog.js"/>
      <module name="jquery.sap.global.js"/>
    </requires>
  </module>
  <module name="sap/m/TablePersoDialog.js" size="19032" compressedSize="10166">
    <description>Provides TablePersoDialog</description>
    <requires>
      <module name="sap/ui/base/ManagedObject.js"/>
      <module name="sap/m/InputListItem.js"/>
      <module name="sap/m/Switch.js"/>
      <module name="sap/m/SwitchType.js"/>
      <module name="sap/m/Dialog.js"/>
      <module name="sap/m/List.js"/>
      <module name="sap/m/Bar.js"/>
      <module name="sap/m/Button.js"/>
      <module name="jquery.sap.global.js"/>
    </requires>
  </module>
  <module name="sap/m/TablePersoProvider.js" size="4132" compressedSize="1270">
    <description>Provides TablePersoProvider</description>
    <requires>
      <module name="sap/ui/base/ManagedObject.js"/>
      <module name="jquery.sap.global.js"/>
    </requires>
  </module>
  <module name="sap/m/TableRenderer.js" size="6085" compressedSize="3676">
    <requires>
      <module name="sap/ui/core/Renderer.js"/>
      <module name="sap/m/ListBaseRenderer.js"/>
      <module name="jquery.sap.global.js"/>
    </requires>
  </module>
  <module name="sap/m/TableSelectDialog.js" size="55674" compressedSize="13277">
    <description>Provides control sap.m.TableSelectDialog.</description>
    <requires>
      <module name="sap/m/library.js"/>
      <module name="sap/ui/core/Control.js"/>
      <module name="sap/m/Button.js"/>
      <module name="sap/m/Dialog.js"/>
      <module name="sap/m/Table.js"/>
      <module name="sap/m/SearchField.js"/>
      <module name="jquery.sap.global.js"/>
    </requires>
  </module>
  <module name="sap/m/TableSelectDialogRenderer.js" size="664" compressedSize="265">
    <description>! SAP UI development toolkit for HTML5 (SAPUI5)  (c) Copyright 2009-2014 SAP AG. All rights reserved</description>
    <requires>
      <module name="jquery.sap.global.js"/>
    </requires>
  </module>
  <module name="sap/m/Text.js" size="16266" compressedSize="2884">
    <description>Provides control sap.m.Text.</description>
    <requires>
      <module name="sap/m/library.js"/>
      <module name="sap/ui/core/Control.js"/>
      <module name="jquery.sap.global.js"/>
    </requires>
  </module>
  <module name="sap/m/TextArea.js" size="16001" compressedSize="4100">
    <description>Provides control sap.m.TextArea.</description>
    <requires>
      <module name="sap/m/library.js"/>
      <module name="sap/m/InputBase.js"/>
      <module name="jquery.sap.global.js"/>
    </requires>
  </module>
  <module name="sap/m/TextAreaRenderer.js" size="1932" compressedSize="1146">
    <requires>
      <module name="sap/ui/core/Renderer.js"/>
      <module name="sap/m/InputBaseRenderer.js"/>
      <module name="jquery.sap.global.js"/>
    </requires>
  </module>
  <module name="sap/m/TextRenderer.js" size="3385" compressedSize="1442">
    <description>Provides default renderer for control sap.m.Text</description>
    <requires>
      <module name="sap/ui/core/Renderer.js"/>
      <module name="jquery.sap.global.js"/>
    </requires>
  </module>
  <module name="sap/m/Tile.js" size="10863" compressedSize="2792">
    <description>Provides control sap.m.Tile.</description>
    <requires>
      <module name="sap/m/library.js"/>
      <module name="sap/ui/core/Control.js"/>
      <module name="jquery.sap.global.js"/>
    </requires>
  </module>
  <module name="sap/m/TileContainer.js" size="58014" compressedSize="23305">
    <description>Provides control sap.m.TileContainer.</description>
    <requires>
      <module name="sap/m/library.js"/>
      <module name="sap/ui/core/Control.js"/>
      <module name="sap/ui/core/IconPool.js"/>
      <module name="jquery.sap.global.js"/>
    </requires>
  </module>
  <module name="sap/m/TileContainerRenderer.js" size="1996" compressedSize="1357">
    <description>! SAP UI development toolkit for HTML5 (SAPUI5)  (c) Copyright 2009-2014 SAP AG. All rights reserved</description>
    <requires>
      <module name="jquery.sap.global.js"/>
    </requires>
  </module>
  <module name="sap/m/TileRenderer.js" size="1499" compressedSize="858">
    <description>Provides default renderer for control sap.m.Text</description>
    <requires>
      <module name="sap/ui/core/Renderer.js"/>
      <module name="jquery.sap.global.js"/>
    </requires>
  </module>
  <module name="sap/m/ToggleButton.js" size="5316" compressedSize="1375">
    <description>Provides control sap.m.ToggleButton.</description>
    <requires>
      <module name="sap/m/library.js"/>
      <module name="sap/m/Button.js"/>
      <module name="jquery.sap.global.js"/>
    </requires>
  </module>
  <module name="sap/m/ToggleButtonRenderer.js" size="1112" compressedSize="525">
    <description>Provides default renderer for control sap.ui.commons.Togglebutton</description>
    <requires>
      <module name="sap/m/ButtonRenderer.js"/>
      <module name="sap/ui/core/Renderer.js"/>
      <module name="jquery.sap.global.js"/>
    </requires>
  </module>
  <module name="sap/m/Token.js" size="11229" compressedSize="1314">
    <description>Provides control sap.m.Token.</description>
    <requires>
      <module name="sap/m/library.js"/>
      <module name="sap/ui/core/Control.js"/>
      <module name="jquery.sap.global.js"/>
    </requires>
  </module>
  <module name="sap/m/TokenRenderer.js" size="1600" compressedSize="598">
    <description>! SAP UI development toolkit for HTML5 (SAPUI5)  (c) Copyright 2009-2014 SAP AG. All rights reserved</description>
    <requires>
      <module name="jquery.sap.global.js"/>
    </requires>
  </module>
  <module name="sap/m/Tokenizer.js" size="16707" compressedSize="3868">
    <description>Provides control sap.m.Tokenizer.</description>
    <requires>
      <module name="sap/m/library.js"/>
      <module name="sap/ui/core/Control.js"/>
      <module name="jquery.sap.global.js"/>
    </requires>
  </module>
  <module name="sap/m/TokenizerRenderer.js" size="1122" compressedSize="461">
    <description>! SAP UI development toolkit for HTML5 (SAPUI5)  (c) Copyright 2009-2014 SAP AG. All rights reserved</description>
    <requires>
      <module name="jquery.sap.global.js"/>
    </requires>
  </module>
  <module name="sap/m/Toolbar.js" size="31524" compressedSize="9019">
    <description>Provides control sap.m.Toolbar.</description>
    <requires>
      <module name="sap/m/library.js"/>
      <module name="sap/ui/core/Control.js"/>
      <module name="sap/m/ToolbarSpacer.js"/>
      <module name="sap/m/ToolbarDesign.js"/>
      <module name="sap/m/BarInPageEnabler.js"/>
      <module name="sap/m/ToolbarLayoutData.js"/>
      <module name="sap/ui/core/ResizeHandler.js"/>
      <module name="sap/ui/core/EnabledPropagator.js"/>
      <module name="jquery.sap.global.js"/>
    </requires>
  </module>
  <module name="sap/m/ToolbarLayoutData.js" size="6536" compressedSize="887">
    <description>Provides control sap.m.ToolbarLayoutData.</description>
    <requires>
      <module name="sap/m/library.js"/>
      <module name="sap/ui/core/LayoutData.js"/>
      <module name="jquery.sap.global.js"/>
    </requires>
  </module>
  <module name="sap/m/ToolbarRenderer.js" size="1869" compressedSize="957">
    <description>! SAP UI development toolkit for HTML5 (SAPUI5)  (c) Copyright 2009-2014 SAP AG. All rights reserved</description>
    <requires>
      <module name="sap/ui/core/Renderer.js"/>
      <module name="jquery.sap.global.js"/>
    </requires>
  </module>
  <module name="sap/m/ToolbarSpacer.js" size="4064" compressedSize="456">
    <description>Provides control sap.m.ToolbarSpacer.</description>
    <requires>
      <module name="sap/m/library.js"/>
      <module name="sap/ui/core/Control.js"/>
      <module name="jquery.sap.global.js"/>
    </requires>
  </module>
  <module name="sap/m/ToolbarSpacerRenderer.js" size="663" compressedSize="517">
    <description>! SAP UI development toolkit for HTML5 (SAPUI5)  (c) Copyright 2009-2014 SAP AG. All rights reserved</description>
    <requires>
      <module name="sap/ui/core/Renderer.js"/>
      <module name="jquery.sap.global.js"/>
    </requires>
  </module>
  <module name="sap/m/VBox.js" size="3070" compressedSize="292">
    <description>Provides control sap.m.VBox.</description>
    <requires>
      <module name="sap/m/library.js"/>
      <module name="sap/m/FlexBox.js"/>
      <module name="jquery.sap.global.js"/>
    </requires>
  </module>
  <module name="sap/m/VBoxRenderer.js" size="747" compressedSize="318">
    <description>! SAP UI development toolkit for HTML5 (SAPUI5)  (c) Copyright 2009-2014 SAP AG. All rights reserved</description>
    <requires>
      <module name="sap/m/FlexBoxRenderer.js"/>
      <module name="jquery.sap.global.js"/>
    </requires>
  </module>
  <module name="sap/m/ViewSettingsCustomItem.js" size="6248" compressedSize="833">
    <description>Provides control sap.m.ViewSettingsCustomItem.</description>
    <requires>
      <module name="sap/m/library.js"/>
      <module name="sap/m/ViewSettingsItem.js"/>
      <module name="jquery.sap.global.js"/>
    </requires>
  </module>
  <module name="sap/m/ViewSettingsDialog.js" size="82865" compressedSize="26136">
    <description>Provides control sap.m.ViewSettingsDialog.</description>
    <requires>
      <module name="sap/m/library.js"/>
      <module name="sap/ui/core/Control.js"/>
      <module name="sap/ui/core/IconPool.js"/>
      <module name="jquery.sap.global.js"/>
    </requires>
  </module>
  <module name="sap/m/ViewSettingsDialogRenderer.js" size="681" compressedSize="268">
    <description>! SAP UI development toolkit for HTML5 (SAPUI5)  (c) Copyright 2009-2014 SAP AG. All rights reserved</description>
    <requires>
      <module name="jquery.sap.global.js"/>
    </requires>
  </module>
  <module name="sap/m/ViewSettingsFilterItem.js" size="6899" compressedSize="514">
    <description>Provides control sap.m.ViewSettingsFilterItem.</description>
    <requires>
      <module name="sap/m/library.js"/>
      <module name="sap/m/ViewSettingsItem.js"/>
      <module name="jquery.sap.global.js"/>
    </requires>
  </module>
  <module name="sap/m/ViewSettingsItem.js" size="3916" compressedSize="399">
    <description>Provides control sap.m.ViewSettingsItem.</description>
    <requires>
      <module name="sap/m/library.js"/>
      <module name="sap/ui/core/Item.js"/>
      <module name="jquery.sap.global.js"/>
    </requires>
  </module>
  <module name="sap/m/ios7.js" size="6272" compressedSize="3209">
    <description>declare unusual global vars for JSLint/SAPUI5 validation</description>
    <requires>
      <module name="jquery.sap.global.js"/>
    </requires>
    <includes>
      <module name="sap/m/_Ios7.js"/>
    </includes>
  </module>
  <module name="sap/m/library.js" size="75131" compressedSize="16682">
    <description>Initialization Code and shared classes of library sap.m (1.21.1-SNAPSHOT)</description>
    <requires>
      <module name="sap/ui/core/Core.js"/>
      <module name="sap/ui/core/library.js"/>
      <module name="jquery.sap.mobile.js"/>
      <module name="sap/m/Support.js"/>
      <module name="sap/ui/Device.js"/>
      <module name="sap/m/ios7.js" conditional="true"/>
      <module name="jquery.sap.global.js"/>
    </requires>
    <includes>
      <module name="sap/m/BackgroundDesign.js"/>
      <module name="sap/m/BarDesign.js"/>
      <module name="sap/m/ButtonType.js"/>
      <module name="sap/m/DateTimeInputType.js"/>
      <module name="sap/m/DialogType.js"/>
      <module name="sap/m/FacetFilterType.js"/>
      <module name="sap/m/FlexAlignItems.js"/>
      <module name="sap/m/FlexAlignSelf.js"/>
      <module name="sap/m/FlexDirection.js"/>
      <module name="sap/m/FlexJustifyContent.js"/>
      <module name="sap/m/FlexRendertype.js"/>
      <module name="sap/m/HeaderLevel.js"/>
      <module name="sap/m/IBarHTMLTag.js"/>
      <module name="sap/m/IconTabFilterDesign.js"/>
      <module name="sap/m/InputType.js"/>
      <module name="sap/m/LabelDesign.js"/>
      <module name="sap/m/ListHeaderDesign.js"/>
      <module name="sap/m/ListMode.js"/>
      <module name="sap/m/ListSeparators.js"/>
      <module name="sap/m/ListType.js"/>
      <module name="sap/m/PageBackgroundDesign.js"/>
      <module name="sap/m/PlacementType.js"/>
      <module name="sap/m/PopinDisplay.js"/>
      <module name="sap/m/RatingIndicatorVisualMode.js"/>
      <module name="sap/m/ScreenSize.js"/>
      <module name="sap/m/SelectType.js"/>
      <module name="sap/m/SplitAppMode.js"/>
      <module name="sap/m/StandardTileType.js"/>
      <module name="sap/m/SwipeDirection.js"/>
      <module name="sap/m/SwitchType.js"/>
      <module name="sap/m/ToolbarDesign.js"/>
    </includes>
  </module>
  <module name="sap/m/library.properties" size="5775">
  </module>
  <module name="sap/m/messagebundle.properties" size="7604">
  </module>
  <module name="sap/m/messagebundle_ar.properties" size="9317">
  </module>
  <module name="sap/m/messagebundle_bg.properties" size="9629">
  </module>
  <module name="sap/m/messagebundle_ca.properties" size="7077">
  </module>
  <module name="sap/m/messagebundle_cs.properties" size="7262">
  </module>
  <module name="sap/m/messagebundle_da.properties" size="6933">
  </module>
  <module name="sap/m/messagebundle_de.properties" size="7022">
  </module>
  <module name="sap/m/messagebundle_el.properties" size="9736">
  </module>
  <module name="sap/m/messagebundle_en.properties" size="6848">
  </module>
  <module name="sap/m/messagebundle_es.properties" size="6998">
  </module>
  <module name="sap/m/messagebundle_et.properties" size="6997">
  </module>
  <module name="sap/m/messagebundle_fi.properties" size="7146">
  </module>
  <module name="sap/m/messagebundle_fr.properties" size="7118">
  </module>
  <module name="sap/m/messagebundle_hi.properties" size="9649">
  </module>
  <module name="sap/m/messagebundle_hr.properties" size="7010">
  </module>
  <module name="sap/m/messagebundle_hu.properties" size="7455">
  </module>
  <module name="sap/m/messagebundle_it.properties" size="7087">
  </module>
  <module name="sap/m/messagebundle_iw.properties" size="8438">
  </module>
  <module name="sap/m/messagebundle_ja.properties" size="7802">
  </module>
  <module name="sap/m/messagebundle_ko.properties" size="7592">
  </module>
  <module name="sap/m/messagebundle_lt.properties" size="7170">
  </module>
  <module name="sap/m/messagebundle_lv.properties" size="7259">
  </module>
  <module name="sap/m/messagebundle_nl.properties" size="6953">
  </module>
  <module name="sap/m/messagebundle_no.properties" size="6922">
  </module>
  <module name="sap/m/messagebundle_pl.properties" size="7175">
  </module>
  <module name="sap/m/messagebundle_pt.properties" size="7036">
  </module>
  <module name="sap/m/messagebundle_ro.properties" size="7128">
  </module>
  <module name="sap/m/messagebundle_ru.properties" size="9836">
  </module>
  <module name="sap/m/messagebundle_sh.properties" size="7010">
  </module>
  <module name="sap/m/messagebundle_sk.properties" size="7349">
  </module>
  <module name="sap/m/messagebundle_sl.properties" size="7024">
  </module>
  <module name="sap/m/messagebundle_sv.properties" size="6970">
  </module>
  <module name="sap/m/messagebundle_th.properties" size="9749">
  </module>
  <module name="sap/m/messagebundle_tr.properties" size="7263">
  </module>
  <module name="sap/m/messagebundle_uk.properties" size="9782">
  </module>
  <module name="sap/m/messagebundle_vi.properties" size="7919">
  </module>
  <module name="sap/m/messagebundle_zh_CN.properties" size="7443">
  </module>
  <module name="sap/m/messagebundle_zh_TW.properties" size="7433">
  </module>
  <module name="sap/m/routing/RouteMatchedHandler.js" size="12105" compressedSize="3776">
    <description>! SAP UI development toolkit for HTML5 (SAPUI5)  (c) Copyright 2009-2014 SAP AG. All rights reserved</description>
    <requires>
      <module name="sap/ui/base/Object.js"/>
      <module name="sap/ui/core/routing/Router.js"/>
      <module name="sap/ui/core/routing/History.js"/>
      <module name="sap/m/InstanceManager.js"/>
      <module name="sap/m/SplitContainer.js"/>
      <module name="sap/m/NavContainer.js"/>
      <module name="jquery.sap.global.js"/>
    </requires>
  </module>
</library>
